spatial_id,bicycling.atm.1,bicycling.atm.2,bicycling.atm.3,bicycling.bakery.1,bicycling.bakery.2,bicycling.bakery.3,bicycling.bakery.4,bicycling.bakery.5,bicycling.bank.1,bicycling.bank.2,bicycling.bank.3,bicycling.beauty_salon.1,bicycling.beauty_salon.2,bicycling.beauty_salon.3,bicycling.beauty_salon.4,bicycling.beauty_salon.5,bicycling.book_store.1,bicycling.book_store.2,bicycling.book_store.3,bicycling.bus_station.1,bicycling.bus_station.2,bicycling.bus_station.3,bicycling.cafe.1,bicycling.cafe.2,bicycling.cafe.3,bicycling.cafe.4,bicycling.cafe.5,bicycling.clothing_store.1,bicycling.clothing_store.2,bicycling.clothing_store.3,bicycling.clothing_store.4,bicycling.clothing_store.5,bicycling.convenience_store.1,bicycling.convenience_store.2,bicycling.convenience_store.3,bicycling.convenience_store.4,bicycling.convenience_store.5,bicycling.dentist.1,bicycling.dentist.2,bicycling.dentist.3,bicycling.department_store.1,bicycling.department_store.2,bicycling.department_store.3,bicycling.department_store.4,bicycling.department_store.5,bicycling.doctor.1,bicycling.doctor.2,bicycling.doctor.3,bicycling.electronics_store.1,bicycling.electronics_store.2,bicycling.electronics_store.3,bicycling.florist.1,bicycling.florist.2,bicycling.florist.3,bicycling.furniture_store.1,bicycling.furniture_store.2,bicycling.furniture_store.3,bicycling.gym.1,bicycling.gym.2,bicycling.gym.3,bicycling.hair_care.1,bicycling.hair_care.2,bicycling.hair_care.3,bicycling.hair_care.4,bicycling.hair_care.5,bicycling.hardware_store.1,bicycling.hardware_store.2,bicycling.hardware_store.3,bicycling.home_goods_store.1,bicycling.home_goods_store.2,bicycling.home_goods_store.3,bicycling.home_goods_store.4,bicycling.home_goods_store.5,bicycling.hospital.1,bicycling.hospital.2,bicycling.hospital.3,bicycling.laundry.1,bicycling.laundry.2,bicycling.laundry.3,bicycling.library.1,bicycling.library.2,bicycling.library.3,bicycling.liquor_store.1,bicycling.liquor_store.2,bicycling.liquor_store.3,bicycling.meal_takeaway.1,bicycling.meal_takeaway.2,bicycling.meal_takeaway.3,bicycling.meal_takeaway.4,bicycling.meal_takeaway.5,bicycling.park.1,bicycling.park.2,bicycling.park.3,bicycling.park.4,bicycling.park.5,bicycling.pet_store.1,bicycling.pet_store.2,bicycling.pet_store.3,bicycling.pharmacy.1,bicycling.pharmacy.2,bicycling.pharmacy.3,bicycling.restaurant.1,bicycling.restaurant.2,bicycling.restaurant.3,bicycling.restaurant.4,bicycling.restaurant.5,bicycling.restaurant.6,bicycling.restaurant.7,bicycling.restaurant.8,bicycling.restaurant.9,bicycling.restaurant.10,bicycling.school.1,bicycling.school.2,bicycling.school.3,bicycling.shoe_store.1,bicycling.shoe_store.2,bicycling.shoe_store.3,bicycling.shopping_mall.1,bicycling.shopping_mall.2,bicycling.shopping_mall.3,bicycling.store.1,bicycling.store.2,bicycling.store.3,bicycling.store.4,bicycling.store.5,bicycling.supermarket.1,bicycling.supermarket.2,bicycling.supermarket.3,bicycling.supermarket.4,bicycling.supermarket.5,bicycling.train_station.1
060770001001,3,3,5,3,5,10,20,21,3,4,8,1,2,7,11,20,8,20,20,6,6,11,3,4,14,25,35,8,8,10,12,23,5,7,11,14,20,9,9,9,1,4,20,30,33,0,0,3,7,23,27,7,8,14,3,4,4,6,8,12,9,10,10,16,28,3,8,18,1,3,5,7,7,7,7,40,4,13,27,6,9,17,5,6,9,4,5,5,8,9,5,7,8,14,15,3,8,14,8,8,9,5,8,8,10,11,12,12,13,13,14,4,5,11,4,5,9,3,4,6,8,8,8,9,9,5,12,13,13,16,1
060770001002,1,8,20,4,8,11,11,34,1,5,18,1,5,7,8,18,6,18,21,8,10,14,2,8,11,23,38,3,5,7,26,30,5,11,12,13,22,4,6,6,3,6,30,31,33,3,3,3,8,9,27,6,9,11,1,12,25,4,6,9,4,6,10,12,18,5,5,NA,4,4,6,11,11,8,9,38,3,9,10,2,4,21,7,12,26,8,9,10,13,25,1,13,17,28,30,5,10,15,7,7,8,3,8,9,9,10,11,11,13,15,16,1,2,6,3,3,26,2,3,4,9,10,10,11,17,8,9,9,12,15,4
060770001003,6,7,10,5,5,7,18,19,6,7,8,4,5,6,6,13,12,16,17,3,8,12,5,5,9,9,16,8,10,10,11,21,4,4,9,12,15,4,7,7,4,5,17,33,35,4,4,4,3,7,9,3,6,9,2,6,7,8,9,11,3,3,5,8,9,1,7,13,2,2,4,6,7,3,13,30,1,8,15,5,15,19,6,9,12,4,6,7,7,8,2,7,9,9,11,5,10,17,3,7,13,5,5,6,6,7,7,8,9,9,9,4,5,5,4,7,8,5,6,9,5,5,5,5,12,5,10,11,13,15,3
060770001004,2,9,9,2,5,9,19,26,4,6,17,5,8,9,9,9,10,14,15,4,6,14,2,3,4,5,15,3,5,10,17,22,6,6,7,14,16,5,11,11,5,8,20,34,36,6,6,6,2,4,9,4,4,6,4,8,12,3,6,14,3,3,4,5,7,3,9,16,2,4,5,9,10,4,16,34,2,14,16,8,11,17,3,7,11,2,5,5,5,10,2,7,9,10,11,8,12,20,4,4,16,5,5,5,5,6,6,8,9,12,15,3,3,4,5,9,10,2,4,7,5,5,7,13,14,12,12,13,15,16,1
060770003001,11,12,12,7,8,10,17,34,5,24,32,8,9,13,16,28,0,21,24,16,16,24,7,8,20,23,44,11,12,16,16,28,7,11,12,16,29,6,7,7,9,12,19,19,23,8,8,8,6,12,13,8,9,10,0,4,5,3,8,20,1,9,13,16,29,9,25,NA,10,10,13,16,17,4,13,34,8,25,45,8,11,14,10,16,20,8,11,15,28,35,4,9,20,33,36,14,18,31,7,7,11,9,9,11,12,12,14,14,17,18,22,6,7,7,8,17,32,7,7,12,15,16,16,22,23,10,12,13,13,26,11
060770003002,4,5,10,4,5,12,13,38,9,11,21,4,10,12,13,21,9,13,14,9,10,19,4,9,13,27,35,5,5,13,14,15,4,5,7,8,12,3,12,13,5,9,34,37,41,7,7,7,4,5,16,9,15,19,5,13,17,2,4,9,4,5,6,8,17,5,14,22,10,12,12,14,14,10,11,34,5,15,28,7,7,25,8,16,30,6,9,10,11,15,9,9,17,21,25,9,19,21,6,10,12,5,7,7,8,9,11,14,15,15,17,3,4,6,5,14,30,2,3,13,10,10,12,12,18,12,13,14,15,18,6
060770004011,8,23,29,6,14,16,24,26,16,18,19,4,8,13,14,14,5,24,31,17,18,19,13,25,30,39,47,10,14,23,24,27,4,7,7,15,29,4,5,5,11,14,17,21,22,10,10,10,3,28,41,7,19,24,5,6,27,7,18,23,3,10,12,14,28,14,20,24,12,12,12,12,18,10,32,43,7,36,47,9,12,39,3,12,29,4,7,13,22,31,9,14,17,18,30,7,16,28,3,4,4,12,13,14,14,15,17,17,20,21,24,10,11,27,14,18,31,10,14,19,18,18,19,19,25,12,22,24,24,29,11
060770004012,11,15,18,5,16,23,25,31,3,25,27,3,11,12,13,13,3,23,24,16,18,25,5,7,19,23,24,5,6,12,14,26,13,26,27,31,31,5,5,5,11,12,19,19,22,9,9,9,15,34,36,7,9,19,3,14,36,4,10,25,7,13,14,26,31,15,17,31,12,12,14,17,18,4,33,37,5,5,7,10,13,38,7,15,21,6,6,12,16,37,3,6,14,15,38,15,18,30,5,5,9,11,12,13,14,15,16,16,18,20,20,8,8,10,12,30,30,9,13,18,17,18,18,18,25,4,8,12,23,35,10
060770004013,12,30,31,13,15,25,34,35,17,19,24,15,16,16,16,27,5,27,32,19,20,28,5,16,24,29,30,6,17,23,24,29,5,6,8,9,28,6,6,7,14,16,16,18,21,13,13,13,16,37,46,8,19,24,5,6,25,6,18,28,5,8,8,14,16,16,16,29,14,16,21,22,33,29,33,40,7,7,43,9,12,42,24,26,32,7,12,16,34,39,9,15,15,37,39,19,29,31,6,10,12,14,14,16,17,18,19,20,22,24,24,12,28,30,16,17,33,13,16,32,20,21,21,21,28,4,14,23,24,30,14
060770004014,17,24,32,7,18,22,25,32,13,20,21,11,15,15,23,25,3,25,26,19,19,27,7,20,23,27,47,8,14,14,28,29,4,8,16,30,33,6,7,7,13,15,19,19,23,11,11,11,16,32,38,6,10,22,3,19,33,4,8,8,6,16,29,33,33,15,21,23,13,13,13,13,20,2,34,39,8,37,38,11,14,41,7,20,35,8,8,32,32,39,5,6,14,20,40,17,30,33,7,7,12,12,12,15,16,18,18,20,22,22,25,10,11,12,15,20,32,11,15,20,19,19,19,26,26,9,15,20,25,31,14
060770004021,8,18,22,5,6,14,19,20,4,6,29,4,9,13,14,24,7,10,36,11,17,21,8,18,20,37,38,5,12,31,33,35,7,16,22,31,31,5,5,5,6,9,18,26,29,5,5,7,5,6,10,11,24,29,10,31,32,7,9,14,4,6,8,9,23,15,22,NA,7,7,11,15,18,3,37,37,4,11,16,6,6,17,17,29,31,4,8,8,9,37,1,9,18,27,38,8,11,14,5,5,5,8,12,14,14,14,16,17,17,19,21,5,8,8,6,9,30,8,9,9,12,12,12,14,14,6,12,22,33,37,6
060770004022,7,8,8,6,7,9,13,27,3,5,21,2,6,7,7,8,8,21,21,11,12,16,7,20,26,30,41,5,7,9,28,33,2,9,12,20,29,4,4,4,5,8,20,27,30,4,5,5,7,29,36,7,11,26,7,10,10,5,7,17,3,5,9,10,13,10,23,25,6,6,6,9,14,9,35,38,3,8,16,4,4,18,3,14,18,4,8,10,14,29,2,3,10,11,27,7,11,13,5,5,5,6,7,10,12,13,13,14,14,15,18,4,6,7,5,5,29,4,5,7,12,12,13,13,20,7,8,9,21,31,6
060770004023,4,12,20,3,10,15,21,23,3,3,26,4,5,9,10,10,5,20,22,13,15,22,3,5,5,29,43,3,4,9,10,32,11,19,23,28,28,3,5,5,8,10,14,22,32,7,7,7,3,31,32,7,9,28,5,12,33,5,6,23,3,9,11,12,24,12,15,29,8,9,9,9,16,7,33,34,5,6,18,3,9,13,1,5,16,3,12,13,27,34,4,5,7,12,35,9,10,16,3,3,3,8,9,10,11,14,14,15,16,17,20,6,6,20,8,10,31,6,6,10,14,14,14,15,22,7,10,11,21,31,8
060770004024,21,23,29,8,10,16,17,24,23,25,27,8,11,11,12,12,2,7,31,15,20,24,3,4,13,25,37,1,1,12,25,25,2,2,9,10,28,3,3,3,9,12,13,21,31,8,9,9,1,8,9,10,18,23,7,8,35,3,13,19,2,3,8,10,26,12,23,30,10,10,10,16,17,7,32,36,2,2,22,8,12,37,1,6,29,2,3,12,16,36,1,6,8,10,14,15,15,28,1,1,5,10,12,12,13,15,16,17,18,19,22,7,8,11,12,25,29,8,12,17,16,16,17,17,24,5,10,22,25,29,9
060770005001,2,25,28,2,8,8,18,24,8,14,17,2,3,4,10,11,9,12,35,11,13,17,8,16,18,24,24,7,8,10,34,36,2,18,18,23,33,7,7,7,5,7,22,24,26,5,6,6,7,12,12,11,13,28,4,7,11,9,11,14,6,7,8,9,19,4,18,18,6,6,7,8,9,5,32,38,3,9,13,8,8,22,7,8,13,4,4,7,9,39,6,7,8,14,40,5,6,9,7,7,7,9,10,14,15,15,16,16,18,19,19,3,8,10,5,7,26,4,9,11,11,11,13,13,13,2,9,14,14,17,6
060770005002,3,4,21,4,4,8,11,20,4,6,9,3,4,4,8,22,9,20,22,8,10,14,4,4,27,35,35,5,12,13,14,29,3,9,10,16,21,10,10,10,3,4,19,29,31,2,2,2,10,23,29,9,10,15,5,6,11,3,4,14,7,8,10,10,30,1,9,19,4,4,4,7,7,9,16,42,5,7,13,7,17,17,5,8,16,4,4,15,29,30,4,5,9,12,16,1,7,13,9,11,11,7,8,11,12,13,14,14,15,16,16,4,6,13,3,4,19,5,5,6,8,8,10,10,10,5,12,12,13,17,3
060770006001,NA,NA,NA,NA,NA,NA,NA,NA,NA,NA,NA,NA,NA,NA,NA,NA,NA,NA,NA,NA,NA,NA,NA,NA,NA,NA,NA,NA,NA,NA,NA,NA,NA,NA,NA,NA,NA,NA,NA,NA,NA,NA,NA,NA,NA,NA,NA,NA,NA,NA,NA,NA,NA,NA,NA,NA,NA,NA,NA,NA,NA,NA,NA,NA,NA,NA,NA,NA,NA,NA,NA,NA,NA,NA,NA,NA,NA,NA,NA,NA,NA,NA,NA,NA,NA,NA,NA,NA,NA,NA,NA,NA,NA,NA,NA,NA,NA,NA,NA,NA,NA,NA,NA,NA,NA,NA,NA,NA,NA,NA,NA,NA,NA,NA,NA,NA,NA,NA,NA,NA,NA,NA,NA,NA,NA,NA,NA,NA,NA,NA,NA
060770006002,6,9,16,6,7,7,7,12,2,6,8,5,5,5,6,7,14,19,19,6,8,8,6,7,8,10,12,6,8,8,9,10,4,5,5,5,6,6,6,8,5,6,14,33,35,6,6,6,6,9,9,6,7,8,2,6,10,5,6,7,5,7,7,7,8,3,7,13,2,2,6,7,8,5,11,11,4,8,12,5,7,12,2,3,8,6,7,8,9,10,5,5,8,8,10,5,11,18,5,5,9,5,5,5,5,6,6,6,7,10,11,9,11,14,6,7,7,7,8,9,2,5,6,6,9,7,8,9,10,10,5
060770007001,5,8,9,2,3,4,12,21,5,8,10,2,2,2,3,11,14,17,19,0,0,11,3,6,6,12,12,2,6,8,10,11,1,2,2,2,13,4,6,6,6,7,17,35,37,5,6,8,3,6,13,3,3,6,2,2,4,5,6,6,2,3,4,6,8,3,6,11,2,2,6,8,10,1,13,13,4,5,6,6,13,14,4,6,6,2,4,6,6,9,6,9,10,10,10,7,13,19,5,5,13,2,2,2,2,4,4,4,7,8,8,10,13,14,6,9,17,6,7,10,1,2,3,6,11,6,8,10,11,12,3
060770007002,5,9,10,1,2,3,6,22,6,8,10,2,2,4,5,6,12,15,18,2,2,4,3,4,5,14,16,3,4,5,11,11,3,4,4,11,13,2,4,4,7,9,18,36,38,2,7,8,3,4,4,2,4,5,2,4,6,4,5,10,2,3,5,6,6,4,5,14,3,4,5,8,13,2,8,15,3,6,7,5,16,19,3,8,12,3,3,4,4,11,4,5,6,11,15,9,14,21,6,6,9,3,5,5,5,7,10,11,11,13,14,3,6,11,6,7,10,4,6,8,3,3,4,8,13,5,10,11,14,15,1
060770007003,7,12,14,5,6,12,13,30,7,13,20,2,3,5,7,9,12,13,16,6,6,16,6,6,10,13,36,4,6,7,9,17,5,6,15,16,17,2,6,6,8,10,21,37,39,2,9,11,2,2,6,5,6,9,1,7,10,3,5,11,3,5,5,7,11,6,11,14,2,4,8,9,11,9,17,30,5,14,18,11,13,20,5,6,16,2,5,6,6,13,1,6,8,10,12,10,15,23,7,11,17,3,4,5,5,5,8,9,9,12,14,6,9,10,8,12,13,5,6,18,6,6,7,15,15,7,12,14,16,19,3
060770007004,9,10,18,6,7,14,16,28,9,10,21,4,5,7,13,14,11,13,16,8,8,17,7,12,16,17,37,6,11,18,18,22,5,6,12,17,20,5,10,10,10,13,22,38,41,3,10,11,3,7,14,6,8,12,3,12,17,5,7,8,4,7,9,13,13,7,8,18,4,11,11,14,18,11,18,30,6,6,10,11,12,25,6,13,13,2,7,7,15,20,9,12,13,13,19,13,23,25,11,13,18,4,5,5,6,6,7,11,12,14,15,9,12,13,10,13,26,5,17,21,7,8,8,11,16,12,14,15,18,19,5
060770008011,12,12,20,11,13,20,35,46,29,41,47,9,12,14,21,31,10,17,20,17,17,26,12,20,22,35,36,14,19,21,21,23,15,23,23,29,32,11,11,21,14,17,34,35,35,15,15,15,14,15,21,17,19,23,14,21,24,14,15,18,9,9,19,21,24,20,21,30,14,15,16,20,27,19,19,53,20,22,23,29,31,33,16,26,36,18,19,20,21,34,16,17,23,29,33,22,51,52,18,21,27,12,14,14,15,16,19,20,21,21,27,11,12,14,20,22,35,9,9,10,16,17,17,19,26,18,23,23,24,46,13
060770008012,7,7,15,8,9,10,22,37,14,16,33,9,11,17,19,21,7,19,23,15,15,18,8,12,17,20,39,12,15,17,20,20,6,11,18,20,28,8,9,16,16,20,24,41,44,11,11,16,7,8,20,10,10,11,7,15,23,7,9,24,9,9,10,11,20,12,19,20,8,11,17,17,20,20,21,25,9,15,22,17,19,21,15,21,27,7,9,13,20,21,12,15,16,17,20,19,29,31,11,15,17,8,8,9,9,10,11,17,17,18,20,14,18,25,16,19,26,11,11,27,15,15,15,17,17,11,16,17,18,25,11
060770008013,15,15,15,14,17,24,40,59,17,18,26,22,22,24,24,25,7,22,25,17,21,21,12,14,23,39,57,16,22,23,25,25,11,14,20,23,23,13,15,18,18,22,39,39,40,13,20,20,12,26,30,16,18,19,18,18,18,13,22,30,15,18,19,21,23,12,25,25,13,15,19,21,26,22,23,58,23,26,28,20,34,38,20,21,30,15,23,24,24,48,17,18,22,23,24,26,33,56,21,22,26,12,16,19,19,20,21,21,24,24,25,11,17,22,17,24,34,13,13,29,16,17,20,22,23,19,22,23,26,54,15
060770009001,21,22,27,6,19,22,28,31,18,19,24,14,19,19,26,28,7,27,29,23,23,24,7,11,19,21,32,19,20,21,23,36,10,10,10,22,30,10,10,14,16,18,22,23,34,15,16,16,10,12,35,12,16,21,26,27,31,8,25,25,4,8,11,27,36,16,18,27,16,17,17,18,26,33,33,43,10,13,26,10,28,44,7,18,29,8,26,26,27,51,10,23,23,27,39,4,16,26,11,13,42,19,19,20,22,22,24,26,26,26,26,14,21,23,18,19,19,15,19,19,23,23,24,30,31,9,16,26,29,34,19
060770009002,12,32,32,7,14,24,37,40,19,24,25,16,16,24,24,35,7,13,31,23,23,31,16,17,27,28,34,12,18,19,26,32,5,13,15,24,35,11,13,13,23,27,28,36,39,15,15,15,19,19,39,2,16,26,21,32,41,13,29,30,14,23,23,36,36,12,16,25,16,20,20,22,32,17,38,48,8,15,35,15,29,43,23,24,34,8,13,13,13,32,5,11,23,28,35,9,22,31,13,15,16,15,16,18,18,20,21,21,23,25,25,15,26,31,15,19,23,14,24,24,22,23,23,23,30,11,14,18,28,32,18
060770009003,25,29,30,20,23,23,24,24,20,21,26,16,20,20,20,28,7,28,29,21,24,25,10,22,24,34,35,16,20,23,23,37,12,12,12,24,33,10,11,12,20,22,24,25,29,16,16,31,10,36,40,12,14,18,20,23,33,16,27,27,9,18,22,29,36,18,32,32,15,17,17,18,25,22,28,43,8,31,40,12,26,44,17,19,30,10,29,29,35,50,3,16,25,26,41,18,28,28,9,13,29,19,19,20,21,22,24,25,26,29,29,22,26,28,14,20,39,14,22,29,23,23,24,24,30,8,11,23,24,36,18
060770009004,24,27,32,19,22,26,32,36,22,24,28,17,17,26,28,30,12,30,32,26,27,33,23,24,27,39,53,21,24,25,25,33,14,14,14,28,40,12,13,13,22,23,26,27,31,17,17,27,25,37,42,14,16,19,22,26,34,29,29,31,7,12,13,31,36,23,32,34,18,18,18,27,31,24,30,44,14,17,25,15,28,45,5,5,22,9,23,25,31,42,5,10,20,27,35,20,30,30,12,23,32,18,20,20,20,21,23,27,27,30,31,28,32,34,21,22,28,24,30,34,24,24,25,25,32,10,13,25,26,38,20
060770009005,28,29,37,25,28,29,39,53,21,24,26,20,25,31,33,36,33,34,34,24,25,25,25,25,33,36,41,21,21,25,27,28,17,17,43,53,55,15,16,16,25,26,28,29,30,20,20,36,18,38,40,17,28,28,20,38,38,29,32,32,13,15,15,17,39,21,23,29,20,21,24,33,34,27,33,53,10,12,27,17,18,31,11,23,24,6,9,26,28,39,16,21,30,38,43,23,33,35,20,21,34,23,23,24,26,26,30,30,33,36,36,28,31,35,24,25,27,32,36,39,27,27,28,34,34,16,25,29,36,41,23
060770010001,17,22,34,18,20,21,34,37,17,21,28,22,23,24,24,24,12,29,31,25,38,38,5,12,14,19,20,20,22,22,22,24,13,22,23,26,32,22,22,24,21,21,25,33,48,31,33,33,22,25,33,4,23,23,21,35,36,25,34,37,21,22,22,32,34,26,31,36,19,21,30,31,33,26,45,62,17,22,22,13,15,25,19,31,35,16,21,22,32,34,20,25,31,37,41,15,16,25,29,33,33,22,23,23,24,24,30,30,30,30,31,20,33,33,13,20,21,15,22,33,26,27,27,27,28,14,21,25,30,46,30
060770010002,22,25,27,5,24,25,34,34,21,22,29,24,26,31,31,31,13,13,31,29,31,33,16,21,30,30,37,13,28,34,35,37,1,1,18,18,36,18,31,32,21,22,26,34,35,31,33,36,27,29,54,24,24,34,20,30,30,25,32,34,26,27,27,28,29,27,31,32,24,27,30,31,31,23,29,58,27,31,37,13,16,27,30,33,39,24,30,31,34,36,14,20,23,23,47,18,26,29,18,25,37,25,25,26,26,26,26,31,31,31,33,26,30,34,17,20,21,31,33,34,29,29,29,31,41,14,17,24,26,30,28
060770010003,35,35,36,22,28,35,35,39,23,23,30,26,27,28,28,32,14,18,32,28,40,40,17,22,24,27,50,24,25,26,27,36,19,26,28,30,31,27,27,27,23,23,27,35,51,28,35,35,23,31,32,16,25,49,21,24,37,35,35,35,24,27,27,33,38,33,40,42,26,26,34,35,36,23,35,49,26,29,38,15,17,28,8,26,34,23,25,25,38,38,19,19,35,39,40,19,20,27,35,36,58,26,26,27,28,30,34,34,34,34,41,24,36,37,16,22,23,18,24,36,30,30,31,31,32,18,27,34,38,50,35
060770010004,29,36,39,24,30,36,38,38,24,26,33,32,33,34,34,36,17,18,35,38,42,42,18,25,26,28,29,26,27,30,31,32,22,30,31,35,37,30,35,35,26,26,30,38,54,31,31,38,28,37,38,28,28,38,26,29,39,25,38,39,30,30,31,36,37,20,35,36,28,30,30,31,40,25,38,63,37,38,39,18,20,31,6,37,37,27,28,39,40,41,9,25,28,31,50,22,22,24,20,34,38,29,30,30,33,34,34,34,34,35,35,29,40,42,19,26,26,21,27,38,33,33,34,34,34,21,30,34,37,53,33
060770011011,12,26,26,8,15,18,25,40,10,11,13,16,18,19,24,24,22,28,29,17,27,29,5,5,7,12,21,13,13,14,15,15,17,18,18,20,25,16,16,27,11,12,12,17,26,17,25,25,11,12,13,12,15,39,12,17,25,26,30,33,11,13,14,24,28,27,29,NA,14,15,15,24,25,12,19,20,13,19,28,7,7,24,11,11,24,16,23,25,28,33,17,22,23,30,31,9,17,20,11,24,25,16,17,17,18,20,24,24,24,24,24,14,14,32,7,12,12,23,25,25,20,20,21,22,22,8,13,16,20,29,23
060770011012,16,16,17,11,12,15,16,30,14,15,17,20,21,21,21,22,10,26,32,22,35,35,3,14,14,16,17,17,18,19,19,20,10,29,30,31,31,33,33,33,14,17,18,18,45,29,31,31,15,30,31,10,21,43,13,14,23,11,31,35,15,17,18,20,32,7,42,43,17,31,31,31,34,25,30,43,15,21,23,11,12,28,15,22,28,10,14,17,19,22,22,29,30,33,36,13,13,22,30,30,30,20,20,21,21,22,22,22,28,28,28,18,23,30,17,18,35,12,19,26,24,24,24,24,26,12,19,25,34,44,27
060770011013,16,17,30,10,17,29,30,43,13,14,20,18,20,22,26,27,25,25,32,21,33,33,8,11,13,20,30,16,18,18,18,20,9,18,20,23,27,18,18,20,15,16,21,28,30,19,29,29,18,18,27,8,19,41,17,29,31,14,15,20,16,18,27,27,32,27,31,40,18,18,18,19,19,12,14,58,18,24,30,9,10,21,7,18,30,17,19,23,24,28,15,27,31,35,39,11,12,23,28,28,56,19,19,19,20,20,26,26,26,27,27,21,25,29,8,15,16,11,18,29,22,23,23,24,24,10,17,21,26,32,25
060770011021,19,28,28,15,27,27,29,43,15,20,22,18,24,24,24,24,8,24,30,20,26,32,6,9,13,18,27,16,16,17,27,29,11,11,18,19,25,20,20,25,14,15,19,27,28,18,24,27,17,22,24,8,12,17,13,29,30,14,22,28,19,19,19,25,26,29,34,46,19,23,24,24,27,16,26,53,17,20,30,6,7,24,8,16,26,15,16,23,27,27,3,13,19,27,33,13,23,25,18,24,47,19,19,20,20,20,21,23,24,24,28,18,27,28,10,14,15,15,16,31,22,22,23,24,24,10,19,23,26,31,21
060770011022,20,23,29,12,17,17,21,29,13,15,20,21,21,27,27,37,8,8,26,24,24,28,9,16,16,18,20,17,22,23,25,30,5,13,34,54,54,12,26,26,16,17,19,21,30,19,21,28,4,19,22,15,29,43,18,29,29,20,20,25,21,22,23,26,28,28,29,47,18,21,26,26,39,18,31,52,9,24,29,9,9,26,7,7,26,3,17,25,30,31,5,21,24,29,33,15,25,27,10,26,26,22,22,25,25,26,28,28,29,29,35,21,22,26,16,18,19,18,24,26,26,26,26,26,27,7,20,21,25,32,20
060770011023,22,24,27,4,21,21,23,24,16,21,23,17,22,24,24,32,12,30,36,30,31,33,20,24,24,34,36,20,28,29,36,44,4,16,17,32,35,16,16,18,20,21,25,34,36,23,24,25,11,20,29,23,23,33,23,29,31,24,25,26,12,12,24,25,29,24,25,38,24,29,29,29,30,21,28,56,4,31,35,12,13,26,5,19,42,2,23,29,33,33,9,21,24,32,51,16,28,31,17,30,36,24,24,25,26,27,29,29,32,33,34,24,25,26,16,19,21,27,30,34,27,28,28,31,32,12,21,23,25,29,26
060770011024,27,30,30,17,19,28,30,44,16,16,24,25,25,25,26,27,8,26,32,23,28,34,8,11,15,20,21,17,18,19,24,27,12,13,13,13,20,22,22,27,16,17,21,28,30,22,26,31,15,16,19,10,19,43,18,31,32,26,29,30,20,20,22,25,28,21,27,33,20,25,25,25,31,18,28,55,17,19,22,8,10,26,18,25,28,18,19,25,30,36,9,14,18,19,21,13,24,27,13,26,29,20,21,22,22,23,23,26,26,26,28,20,26,29,10,16,17,17,17,33,24,24,24,25,26,12,21,25,27,32,23
060770011025,23,29,31,4,21,30,30,32,17,18,25,21,26,26,26,26,10,28,34,30,30,35,10,13,22,22,30,19,20,23,27,29,14,14,15,15,26,23,23,23,18,19,23,30,32,21,23,28,16,32,33,12,21,21,19,21,34,26,31,38,21,22,22,23,27,28,33,35,25,26,26,32,32,19,30,57,20,21,30,10,12,24,26,29,37,18,20,27,31,33,10,15,23,23,42,15,22,26,14,28,31,22,22,22,24,24,27,27,27,30,32,22,22,31,11,17,18,19,30,32,25,25,26,26,26,13,21,23,27,34,27
060770012001,15,22,23,8,13,22,24,41,8,13,18,16,19,20,24,28,2,6,27,23,25,27,7,8,10,11,23,11,11,12,24,26,15,20,21,24,25,16,16,16,9,10,10,15,24,16,17,23,13,22,27,13,14,39,11,23,24,9,9,16,14,14,15,17,24,13,25,27,15,16,17,24,27,11,24,55,24,26,29,3,4,20,13,16,21,13,16,22,24,28,7,11,25,29,36,11,21,23,12,22,22,17,17,17,21,21,21,22,22,22,28,18,26,28,6,9,9,11,22,23,20,21,21,21,22,8,17,18,26,26,18
060770012002,21,21,23,12,15,15,24,42,12,15,15,23,23,23,24,25,3,4,26,21,23,26,10,10,11,16,25,13,15,21,24,26,9,14,14,24,28,18,18,19,10,11,12,14,26,19,21,23,15,21,27,12,17,41,14,15,26,22,29,35,17,19,19,19,27,12,24,27,18,19,23,23,24,13,26,42,20,26,31,3,3,22,11,12,13,12,14,18,23,24,6,8,13,17,26,13,23,25,22,23,24,15,15,18,19,20,21,23,23,24,26,16,22,27,11,12,12,13,24,24,23,23,24,24,24,2,13,15,26,28,17
060770012003,21,23,27,15,16,18,28,30,13,13,25,12,14,15,16,24,2,7,28,19,21,22,2,16,21,22,26,2,12,17,18,28,8,10,24,30,47,5,5,5,13,14,16,26,31,12,12,30,15,23,25,14,16,21,22,25,27,20,21,28,3,6,23,27,28,16,19,27,13,14,14,22,26,7,30,30,7,14,29,6,25,41,13,26,31,3,12,20,26,33,8,17,19,20,23,5,26,28,4,39,39,15,16,17,19,20,20,22,26,26,26,26,27,28,14,16,33,11,16,29,19,19,21,21,27,12,21,26,28,29,13
060770012004,20,27,28,16,18,22,30,30,14,16,20,13,18,19,19,24,4,7,28,20,21,22,16,18,19,23,30,17,18,19,22,24,8,10,32,50,50,8,8,8,14,16,17,19,29,15,15,23,7,29,30,11,17,28,21,30,31,15,21,21,4,22,24,27,33,18,22,32,16,16,20,27,33,29,30,44,7,12,23,6,24,44,11,34,34,5,10,17,18,27,1,19,20,23,33,2,16,25,7,27,31,19,19,20,22,22,23,26,26,27,29,20,24,28,14,14,19,18,19,28,23,23,24,24,30,4,5,16,22,29,16
060770013001,10,23,33,16,21,23,26,35,18,21,27,13,16,25,28,34,5,25,27,19,21,24,6,12,21,33,43,5,16,18,19,26,14,14,21,42,43,5,29,30,10,11,23,25,25,9,25,28,20,25,35,10,21,25,21,21,30,5,19,21,29,29,30,32,33,10,11,25,10,11,11,12,16,34,34,41,15,15,29,10,26,42,12,19,21,29,30,34,34,34,18,29,35,39,42,10,12,12,3,12,21,14,15,16,16,18,18,19,20,21,23,25,30,32,10,10,16,11,13,13,16,16,16,18,18,13,15,21,22,30,10
060770013002,16,24,29,16,18,21,21,33,16,17,32,18,18,18,21,28,3,26,32,18,22,26,11,11,15,25,38,7,16,17,18,23,4,20,45,45,46,4,18,18,13,17,20,23,30,10,26,30,18,24,35,18,21,46,21,21,30,16,21,23,18,25,25,31,32,10,22,24,10,10,11,30,30,3,32,32,13,17,32,7,26,41,9,16,23,4,17,18,32,33,10,14,15,29,41,16,28,28,18,40,40,11,13,15,17,18,20,23,23,29,30,17,18,30,12,13,13,13,19,26,17,17,18,18,25,9,11,15,20,23,11
060770013003,18,23,30,3,9,14,14,17,14,21,34,25,25,25,25,27,22,26,29,23,24,25,12,13,21,22,44,12,13,17,21,23,10,12,13,26,26,20,20,21,12,14,14,23,24,17,17,30,14,18,23,10,11,18,14,15,16,25,31,37,13,15,21,21,28,5,19,24,20,20,25,26,29,14,28,45,20,20,30,5,26,42,5,14,25,10,17,21,29,37,2,4,13,14,32,15,25,27,22,22,26,14,14,19,21,21,21,25,26,29,29,23,29,32,9,9,14,12,22,22,20,21,25,25,25,2,12,17,24,25,14
060770013004,12,22,31,15,16,29,31,32,12,16,22,8,10,18,27,31,1,9,30,17,18,26,2,12,15,19,23,5,15,16,16,22,13,22,23,45,47,3,3,3,11,14,14,19,28,10,10,19,28,31,31,13,22,24,27,28,29,2,23,26,4,13,24,28,30,12,20,24,12,12,12,19,28,5,27,31,7,11,16,7,28,39,11,29,29,13,14,22,31,31,8,16,19,28,32,16,27,27,2,37,37,11,12,14,14,15,16,17,18,21,21,10,21,29,11,14,31,10,10,24,17,17,19,19,25,12,19,24,28,30,11
060770014001,9,9,28,7,8,16,16,20,16,21,24,13,14,26,26,26,9,9,21,13,22,22,9,10,14,16,20,9,9,11,18,19,10,18,27,27,28,9,14,17,10,10,16,19,21,17,17,28,9,19,22,9,23,41,9,20,20,7,10,33,10,10,11,16,32,20,22,22,13,18,20,20,30,17,31,31,22,25,34,8,10,15,14,19,29,11,13,16,17,34,6,6,16,17,28,12,23,26,17,17,18,14,14,15,16,16,16,16,17,18,21,8,18,22,12,19,22,9,11,29,16,19,20,23,23,13,19,20,23,42,16
060770014002,12,16,18,15,18,22,23,48,16,20,21,16,17,18,18,18,8,17,32,16,24,26,9,11,19,33,47,12,19,19,19,21,18,27,28,28,29,20,20,20,11,17,20,22,22,18,18,18,20,34,35,7,7,22,13,21,23,15,28,39,14,15,15,19,32,21,21,23,15,16,31,32,33,19,28,32,14,19,19,7,12,23,12,28,32,11,12,15,17,26,2,7,17,20,32,14,28,32,17,17,19,18,18,18,20,20,24,27,27,27,28,12,25,31,10,10,21,11,14,19,26,28,28,28,29,7,12,14,21,22,15
060770014003,9,12,18,8,12,13,13,23,15,19,22,14,14,15,16,16,6,8,14,19,19,22,7,8,14,27,44,9,9,12,12,19,11,14,15,15,29,10,10,19,8,9,10,14,21,17,17,28,18,23,31,9,19,43,9,18,24,11,19,20,11,12,12,15,20,22,23,27,12,13,18,18,23,16,29,29,12,18,32,5,8,16,14,17,19,9,10,11,14,17,4,14,16,31,33,12,25,28,16,17,17,14,16,16,16,17,17,18,18,21,21,16,22,25,8,9,22,9,12,17,17,19,20,25,25,11,13,15,17,23,15
060770014004,9,16,19,11,12,13,23,24,13,17,20,14,14,15,15,16,4,5,20,19,20,22,5,9,10,17,43,9,9,9,10,17,5,17,18,28,28,10,10,19,9,10,11,12,21,17,17,28,23,29,30,10,18,42,10,10,24,10,10,12,12,12,12,14,18,17,22,24,13,18,20,22,27,14,23,27,18,25,31,4,7,16,10,14,27,9,9,11,12,19,14,23,28,32,36,14,24,26,17,17,17,14,15,15,15,16,16,16,16,21,21,11,29,30,9,9,22,9,17,19,17,23,24,24,24,11,13,16,23,27,17
060770015001,19,24,31,9,22,23,23,25,18,25,28,9,10,10,24,42,14,24,34,24,25,28,10,14,19,21,27,18,18,18,21,27,7,13,23,24,37,20,23,23,20,21,23,28,31,18,23,24,17,18,20,21,26,47,17,18,21,11,18,37,21,21,24,31,32,11,22,37,25,26,27,28,31,9,34,34,24,25,29,21,23,50,24,28,31,13,14,18,18,20,8,16,22,27,38,12,13,18,18,19,25,16,23,23,25,25,25,26,27,27,28,23,27,33,16,17,18,12,27,29,19,25,27,27,28,13,14,16,23,28,15
060770015002,9,18,23,14,22,22,22,22,15,19,27,11,11,13,20,29,17,19,25,22,26,27,12,12,21,22,22,5,20,22,22,29,6,10,12,38,39,26,26,29,13,20,20,26,30,27,32,35,20,22,35,10,21,27,21,24,25,16,22,36,17,25,26,27,30,10,30,30,13,13,14,15,16,12,31,37,14,27,40,14,21,26,6,11,14,12,16,20,31,36,17,19,20,25,27,4,8,13,12,21,27,19,22,24,24,25,26,26,28,28,31,12,30,38,12,16,36,6,12,34,19,22,23,23,27,17,24,27,28,36,15
060770015003,8,15,29,4,21,27,27,36,10,15,27,7,7,9,11,17,16,17,36,17,18,21,12,14,20,27,40,4,10,24,27,28,12,12,12,14,19,10,10,10,9,13,19,21,23,11,11,26,10,30,30,14,28,29,3,13,22,12,29,35,4,9,9,12,27,15,40,NA,11,11,12,13,13,9,37,50,19,24,36,14,22,25,14,18,20,9,9,10,16,22,9,23,23,24,41,6,7,9,10,44,45,16,19,19,21,21,21,22,23,24,24,13,14,18,8,8,30,15,17,17,15,19,19,19,21,14,23,27,28,36,11
060770015004,15,17,20,12,13,17,20,21,13,25,36,23,23,23,25,28,9,17,31,22,23,26,15,16,19,21,21,15,15,16,16,21,13,15,19,20,28,17,17,20,14,17,18,19,19,15,19,27,14,17,34,4,4,44,9,14,17,24,36,36,18,18,19,19,30,18,22,24,21,21,22,24,25,25,31,31,15,21,33,8,20,46,21,22,28,8,13,14,23,34,7,11,19,20,35,12,13,26,14,15,15,15,16,17,17,18,18,18,18,21,21,18,30,31,13,13,14,16,17,18,23,24,25,25,26,9,11,11,16,21,14
060770016001,5,13,31,10,12,14,21,31,11,12,33,4,5,7,7,10,14,15,38,14,16,19,12,12,25,31,36,5,11,17,23,35,17,17,17,36,36,10,10,10,7,11,23,24,26,9,9,12,11,14,16,14,31,31,3,16,30,8,12,34,10,11,12,12,13,12,13,14,8,9,10,11,25,9,42,42,10,12,12,10,22,25,3,5,14,5,5,12,14,42,10,13,15,19,19,4,5,7,11,11,42,8,13,17,17,18,18,20,21,22,22,8,12,20,5,5,23,12,14,14,11,16,17,17,19,2,13,18,20,34,9
060770016002,9,11,28,3,13,13,13,23,7,7,16,1,1,3,4,4,12,16,21,8,11,16,8,12,21,29,37,2,4,9,9,36,2,2,2,7,12,11,11,11,4,7,20,28,31,6,6,9,7,8,14,7,11,15,1,8,9,3,15,16,4,4,8,13,14,5,12,15,3,6,6,7,21,6,11,39,1,4,27,7,10,19,4,4,12,1,2,14,15,33,8,8,9,10,17,2,4,9,10,12,38,13,15,15,15,15,15,16,16,18,19,5,9,17,1,2,20,9,11,11,8,10,13,13,16,4,4,10,14,14,6
060770017001,12,12,28,21,28,28,37,37,6,28,35,7,11,13,16,21,7,26,35,21,25,26,6,19,28,40,47,4,22,25,29,47,16,32,37,37,38,14,14,31,14,17,20,22,22,16,27,35,8,22,26,17,28,29,4,12,22,16,28,35,4,13,15,30,35,7,40,NA,12,12,14,17,30,13,33,55,4,17,38,14,14,22,8,12,18,6,11,20,23,33,4,18,24,25,27,2,8,14,14,28,28,21,23,25,25,25,26,26,27,28,29,8,18,19,17,24,35,7,11,35,18,23,23,26,26,18,18,27,28,37,16
060770017002,10,11,34,16,22,31,31,36,19,19,34,7,9,12,12,15,19,29,34,17,20,21,7,18,21,46,49,10,15,18,27,33,2,2,17,18,36,15,15,15,12,16,24,24,33,15,15,15,18,32,33,21,31,31,10,16,22,12,28,30,5,14,16,18,18,10,32,NA,10,13,14,15,15,16,25,54,6,7,29,13,24,27,6,16,19,6,7,22,23,30,8,11,20,20,27,3,9,12,7,16,48,20,22,22,23,24,24,25,25,25,28,14,17,36,10,11,23,10,20,20,17,21,21,23,24,13,24,30,34,40,15
060770017003,11,18,35,9,15,17,23,33,12,14,21,5,11,13,16,19,15,33,41,18,18,22,8,9,21,26,41,3,13,27,32,41,5,11,12,13,14,11,11,11,11,15,23,26,34,13,13,16,12,12,21,18,32,32,5,20,34,10,26,36,1,12,13,13,13,14,32,NA,10,11,11,14,15,9,46,53,12,13,15,12,12,20,4,8,12,9,15,26,40,46,9,18,22,22,27,3,4,11,12,46,46,19,21,22,22,22,23,24,25,26,26,16,24,35,9,9,21,9,19,19,15,21,21,23,23,14,24,31,32,35,13
060770018001,7,12,22,8,9,11,18,34,7,13,22,6,8,9,10,11,21,30,42,16,16,21,4,14,14,18,20,7,7,19,25,38,2,3,10,13,38,16,17,17,9,12,19,25,28,11,11,11,11,12,29,23,24,35,10,13,38,4,8,26,10,14,16,17,19,8,21,28,10,12,21,21,25,11,17,17,12,17,32,9,15,20,2,9,11,2,7,14,21,38,16,17,21,24,30,5,7,9,7,18,44,16,18,19,20,20,20,20,21,21,22,10,13,16,6,6,8,15,17,17,13,16,17,18,19,10,10,10,21,24,11
060770018002,11,12,28,12,17,18,26,32,11,17,20,5,5,7,7,9,19,29,41,12,15,16,16,17,25,30,44,2,5,6,6,13,2,11,12,20,36,14,15,15,7,11,19,26,28,9,9,10,7,16,19,14,20,34,2,6,13,8,8,10,5,6,14,17,18,17,27,31,5,10,10,10,11,9,16,16,14,32,36,7,8,14,10,14,23,2,6,13,19,37,10,12,21,24,30,2,6,7,6,17,42,16,17,17,18,18,20,20,21,22,23,8,13,31,5,6,19,13,15,15,12,16,16,18,19,5,6,9,21,21,10
060770019001,1,11,14,7,11,13,14,21,8,8,21,6,8,10,10,11,18,21,24,6,10,10,11,12,12,13,14,8,14,19,20,23,10,14,16,17,21,7,9,9,7,10,14,32,34,10,10,11,14,14,26,12,16,17,8,8,13,6,12,15,8,11,16,29,30,7,10,26,2,3,6,10,13,8,10,14,2,8,12,1,2,15,5,13,17,8,8,8,14,29,2,9,11,21,25,7,8,12,11,11,17,11,12,13,14,15,16,16,16,17,17,9,16,17,1,8,12,8,12,15,7,11,11,11,14,5,10,11,14,15,9
060770019002,9,9,11,6,8,12,13,18,9,13,22,6,6,8,10,11,19,26,27,7,15,15,9,11,13,14,37,7,8,9,9,22,12,14,17,21,22,13,16,16,6,9,16,29,32,9,9,9,6,11,17,11,12,19,6,8,11,5,13,19,5,5,9,13,15,7,13,NA,1,4,9,16,18,7,9,17,6,8,13,2,4,10,11,14,20,6,6,7,16,31,9,11,13,14,18,5,6,9,8,17,18,13,13,14,14,14,15,16,18,19,19,10,17,22,2,6,7,10,14,14,7,11,12,12,14,6,6,8,9,14,8
060770019003,3,7,15,5,8,10,12,19,9,11,19,4,8,9,10,18,15,19,22,5,11,12,7,8,9,10,35,7,7,17,20,27,3,13,14,15,15,8,14,27,6,7,17,33,36,8,8,8,11,14,27,10,14,16,4,5,7,5,9,14,8,8,10,12,28,5,11,24,2,4,4,13,18,7,12,14,6,13,14,0,15,16,3,9,14,7,8,10,17,27,4,11,12,13,16,6,8,13,11,12,16,10,10,10,10,11,12,13,14,15,15,6,17,19,2,7,7,8,9,12,4,9,10,10,12,4,8,9,10,11,7
060770019004,3,8,14,8,10,11,14,14,6,13,14,10,11,12,12,13,22,25,27,6,7,13,6,9,14,14,24,14,15,15,16,21,8,8,8,14,15,14,15,15,8,12,14,40,42,9,14,14,15,18,19,10,13,16,9,12,12,12,15,16,12,13,15,19,27,13,16,24,3,9,12,12,12,7,9,16,10,11,15,8,10,13,6,9,16,10,14,14,15,27,10,14,15,15,17,12,18,21,5,15,15,3,8,8,10,11,12,13,14,14,14,7,12,12,12,14,16,15,15,19,7,7,8,9,10,7,11,12,13,17,14
060770020001,13,15,16,13,14,16,17,21,13,16,18,11,11,14,15,15,25,31,31,9,13,14,16,17,18,20,23,11,14,19,23,26,6,8,11,11,17,11,20,21,10,12,13,31,33,13,13,13,13,22,22,14,19,23,12,12,16,12,18,23,6,11,16,17,23,11,30,32,4,12,15,21,25,12,13,20,11,13,14,5,6,14,3,16,23,6,12,13,19,34,14,16,20,21,39,9,10,11,11,22,24,9,10,15,16,17,18,18,21,21,22,14,21,22,6,11,14,15,17,17,11,12,12,16,19,3,13,14,18,20,12
060770020002,4,14,25,7,11,12,16,18,10,13,17,2,11,11,12,14,23,31,31,8,8,13,14,15,16,23,31,7,9,22,25,34,8,10,11,17,24,9,11,11,10,12,13,32,34,13,13,13,11,13,23,14,15,20,10,14,16,14,17,20,13,14,16,17,34,13,13,15,5,6,8,12,20,11,16,21,15,17,18,4,6,13,4,16,17,11,11,19,34,34,9,17,18,18,24,9,11,12,13,20,22,13,18,18,19,20,21,21,21,22,22,10,11,14,5,11,14,15,17,17,11,13,16,18,18,2,13,14,17,20,12
060770020003,15,17,18,4,14,15,18,18,8,15,16,6,6,11,11,14,20,25,29,7,12,12,11,12,16,17,25,8,13,13,24,25,9,10,17,18,19,11,13,13,8,12,15,34,37,9,15,15,13,24,26,17,17,21,3,17,20,4,16,22,4,10,15,16,31,15,15,29,10,14,15,16,18,12,13,23,14,17,20,6,8,12,6,11,15,12,13,13,15,30,9,17,19,20,21,11,13,14,10,20,21,7,12,13,14,14,15,16,17,17,18,13,13,17,13,15,16,13,17,19,10,11,11,13,16,10,12,15,16,16,14
060770021001,9,10,12,4,12,12,15,15,6,9,9,11,12,13,14,16,27,28,29,4,9,15,3,12,13,18,19,15,16,17,17,20,3,4,11,13,17,17,17,18,5,15,17,42,45,11,11,15,10,17,22,12,13,16,13,15,19,14,14,16,14,14,16,17,17,13,15,16,12,12,13,14,15,2,12,18,6,16,17,13,14,15,8,13,19,12,13,16,17,17,8,12,14,15,20,15,19,22,2,16,16,3,11,11,11,12,13,15,16,16,16,4,6,8,16,17,17,17,18,21,9,10,10,12,12,8,10,10,13,16,14
060770021002,12,13,17,3,13,13,16,17,7,10,15,14,16,17,18,18,28,29,29,7,10,11,1,13,16,19,26,2,14,17,18,21,3,8,17,17,17,20,20,20,2,16,18,43,46,12,12,16,8,16,21,13,14,16,13,15,17,15,19,20,12,15,17,18,19,15,15,28,12,14,15,15,15,5,13,19,4,18,18,14,15,16,14,17,19,16,17,18,20,30,15,16,18,20,21,16,20,23,4,16,23,4,12,12,13,14,14,16,17,17,18,7,14,15,17,18,18,18,19,22,8,12,12,13,13,3,11,11,14,17,17
060770021003,6,7,8,3,16,16,19,21,10,12,20,14,16,16,17,19,31,32,33,5,13,14,16,21,21,22,22,19,20,21,21,24,3,4,15,16,19,19,19,21,3,19,20,46,49,19,19,20,3,21,23,16,17,20,16,19,23,18,18,21,17,17,18,19,21,13,17,19,15,16,17,19,24,2,16,22,6,17,21,17,18,18,15,20,23,16,17,20,20,31,11,15,16,19,23,19,23,27,2,2,23,15,15,15,16,16,17,17,19,20,20,4,4,18,20,21,22,21,22,25,12,12,12,12,14,9,11,14,17,20,18
060770022011,5,6,8,9,10,11,14,14,6,7,10,3,8,8,8,10,21,24,25,2,3,6,9,12,12,14,15,2,9,11,15,19,6,8,8,13,14,10,12,12,11,12,14,40,42,12,13,15,10,11,11,9,10,13,9,9,10,12,12,13,8,9,10,13,14,4,8,12,4,9,9,10,10,9,10,15,9,10,14,9,12,14,10,13,16,9,10,12,15,16,1,3,9,12,12,12,18,25,8,11,14,8,9,9,9,9,9,10,10,12,13,3,4,13,11,14,15,14,15,18,1,2,4,7,8,2,2,11,12,13,11
060770022012,4,4,5,7,8,9,10,12,4,4,8,4,5,5,5,8,19,22,23,2,2,2,7,10,11,12,13,4,6,10,10,15,4,5,5,6,6,8,10,10,10,10,12,38,40,6,9,12,8,10,10,7,8,11,7,7,7,10,10,11,5,7,8,11,12,6,6,10,5,6,7,8,8,7,9,12,5,7,10,8,10,12,5,6,7,7,8,10,12,12,2,4,6,8,12,10,16,23,6,9,12,4,4,4,6,6,6,6,7,7,7,0,4,4,10,11,13,12,13,14,3,3,4,4,5,3,4,10,10,10,9
060770022021,2,7,7,8,8,9,11,14,4,5,6,7,7,7,9,9,21,24,24,2,2,7,8,8,9,12,14,7,9,11,11,15,3,6,11,12,13,10,11,11,8,11,13,39,41,7,7,11,8,14,15,8,9,12,6,8,8,11,11,13,7,9,10,11,12,5,10,11,6,9,9,9,16,6,8,13,6,10,12,6,9,12,5,6,13,8,9,11,13,16,6,8,8,11,13,11,15,22,4,6,15,2,2,3,4,7,7,8,8,9,10,5,6,6,8,10,13,14,15,18,5,5,6,8,8,6,7,8,10,12,11
060770022022,5,11,14,7,13,15,17,17,5,5,7,5,11,11,13,13,25,28,28,10,10,16,8,12,14,18,19,5,7,14,16,17,2,11,15,17,18,14,16,16,7,15,17,43,45,17,17,18,15,15,18,12,13,16,12,13,16,16,16,18,11,13,13,16,17,9,11,16,12,13,14,16,20,7,12,17,7,14,17,5,13,17,9,12,16,13,14,15,16,17,6,12,13,15,15,15,20,25,7,7,7,2,5,10,12,12,12,12,13,13,14,2,15,21,17,18,18,18,19,21,8,8,9,10,11,5,6,7,13,16,15
060770022023,8,9,9,9,11,13,15,15,6,7,9,3,9,9,9,11,23,26,26,9,9,13,10,11,13,14,16,3,10,13,13,16,8,9,13,14,15,12,13,13,10,14,15,41,44,12,13,16,13,14,15,10,11,14,10,10,14,13,14,16,9,11,11,14,15,3,10,13,3,8,10,14,20,9,10,15,11,12,15,8,13,15,8,11,15,10,11,13,16,17,3,4,6,11,15,13,19,26,9,9,11,8,9,10,10,10,11,12,14,14,15,5,14,20,10,16,17,16,17,18,3,3,8,10,10,3,4,10,13,14,13
060770023001,8,8,10,2,4,7,9,13,4,8,13,1,2,2,5,9,16,17,20,7,8,9,3,7,11,11,13,3,5,5,8,9,2,2,3,3,8,4,4,6,9,10,16,38,40,2,3,4,2,6,6,1,4,4,1,1,5,4,7,9,1,2,3,3,5,3,6,6,1,4,5,7,8,3,9,12,2,4,4,10,12,14,4,5,6,2,3,6,9,11,3,4,9,9,10,10,16,23,5,6,7,2,2,3,3,3,4,4,4,7,7,3,7,10,9,12,16,9,11,14,1,2,2,9,9,3,8,9,10,12,6
060770023002,3,10,20,9,10,14,18,20,9,13,20,7,7,7,7,14,15,20,23,12,13,15,8,11,12,17,19,2,7,11,15,15,5,6,7,10,16,7,7,15,16,17,21,45,48,1,4,6,6,16,17,5,6,14,8,10,12,7,10,14,5,6,6,7,7,6,12,14,7,10,12,14,17,8,14,15,6,7,9,15,19,19,6,11,14,7,7,12,13,18,5,10,11,14,15,16,21,30,5,10,12,2,4,6,7,7,7,8,8,8,9,10,13,18,14,17,21,14,20,24,11,11,12,13,15,6,13,15,15,17,11
060770023003,5,7,15,2,3,5,17,20,5,9,10,2,2,3,3,11,14,15,18,8,11,12,2,5,8,13,13,4,6,6,11,13,2,3,3,12,17,2,2,4,10,13,17,39,41,3,5,11,3,5,5,2,3,3,2,5,8,2,5,13,2,2,3,3,4,8,8,11,4,8,9,10,14,4,11,17,1,3,3,8,13,15,1,4,5,2,3,5,14,16,4,10,11,12,15,13,18,25,3,4,8,1,1,2,2,2,3,3,5,6,6,1,3,15,10,14,17,7,9,20,1,3,8,10,11,1,9,11,12,13,4
060770024011,2,13,14,4,6,7,19,30,9,13,18,2,4,4,8,17,12,17,20,12,15,15,2,6,16,20,21,2,7,9,14,18,4,16,16,17,19,4,4,5,14,17,21,42,45,3,3,13,4,4,6,3,6,6,4,7,13,2,4,18,2,3,6,7,8,11,11,11,5,7,8,16,19,8,15,22,4,5,17,13,19,25,3,5,18,4,6,11,13,19,8,10,11,11,13,17,22,27,3,12,13,3,4,4,4,4,5,8,9,14,17,16,17,18,13,14,17,10,21,25,4,7,11,12,14,3,13,14,16,22,8
060770024012,3,12,21,6,7,8,12,21,10,14,21,5,5,6,9,17,10,19,22,5,12,13,7,9,10,17,21,5,8,11,15,17,5,10,17,17,18,5,5,5,15,19,22,44,46,2,6,15,5,6,7,3,7,8,5,6,8,3,5,19,3,6,7,8,9,12,17,18,5,5,6,6,19,8,16,20,4,6,10,17,17,19,3,5,19,5,7,12,22,25,6,8,11,12,15,18,24,28,2,13,18,5,5,5,5,6,6,9,10,15,17,4,11,18,15,18,22,11,23,26,8,8,8,9,12,3,14,15,16,17,9
060770024013,5,5,21,8,9,10,15,23,12,16,16,7,10,12,18,20,11,21,24,14,14,18,2,9,12,24,24,3,10,17,19,19,5,12,13,19,20,7,9,17,17,21,24,46,48,5,5,17,7,20,21,5,10,19,8,8,16,5,8,21,9,9,10,12,21,6,14,14,3,7,7,8,8,11,18,26,4,7,12,19,20,22,18,21,21,8,15,23,24,27,5,15,17,18,21,20,26,30,5,7,14,7,8,8,8,8,9,12,16,18,18,4,20,21,17,20,23,14,25,28,9,10,12,14,17,6,15,17,19,19,11
060770024021,13,22,26,12,14,18,25,28,16,17,20,11,14,14,15,21,14,24,27,14,20,21,13,16,18,22,25,4,14,23,24,25,10,10,16,23,24,11,13,19,20,23,28,49,52,10,11,21,12,23,24,9,14,22,6,12,15,10,11,24,9,10,13,15,23,10,18,19,6,12,12,13,24,15,25,25,8,17,22,19,26,26,11,15,22,6,25,25,27,30,8,16,17,17,19,23,28,34,9,19,20,5,5,11,11,11,11,12,13,21,22,11,24,24,18,20,20,18,27,31,17,19,19,19,20,9,19,20,23,24,15
060770024022,18,21,23,8,9,13,20,24,12,15,15,7,9,9,11,17,13,20,23,14,16,16,9,12,14,19,22,5,10,12,17,18,7,7,12,18,20,6,6,15,16,19,24,45,47,6,6,17,9,19,20,5,9,17,2,8,15,7,7,19,9,9,10,11,19,5,14,17,2,8,9,10,10,10,12,17,4,6,21,18,20,21,9,9,21,9,10,14,21,21,4,14,14,16,18,19,24,29,4,9,14,1,2,4,6,7,7,8,9,12,17,6,20,21,13,16,21,13,23,27,10,10,13,16,17,5,15,17,18,19,11
060770025031,22,26,28,13,14,14,32,38,17,20,20,12,14,16,22,25,7,25,28,19,19,23,12,17,24,29,29,8,10,17,25,26,10,11,17,23,25,12,13,20,22,25,29,46,50,10,22,22,19,21,25,10,14,23,12,13,22,10,12,24,9,10,14,24,25,19,19,22,8,10,11,13,13,25,26,30,15,17,26,23,23,33,8,22,26,7,8,27,27,27,19,19,23,28,29,25,35,37,9,19,25,11,12,12,12,13,13,16,17,22,25,9,25,26,21,22,25,17,17,33,14,14,14,16,22,10,20,22,24,26,16
060770025032,10,10,19,13,14,14,26,38,16,20,20,12,14,16,22,25,7,25,28,19,22,23,11,16,16,24,29,8,10,15,23,24,10,17,23,24,27,12,13,20,21,25,28,46,50,9,9,22,19,21,24,9,14,23,12,13,28,10,12,30,9,10,14,24,25,19,19,22,10,11,12,13,27,14,25,30,15,17,26,23,25,32,8,22,26,7,27,27,27,31,6,9,19,19,29,25,35,37,9,19,25,11,12,12,12,13,13,16,17,21,25,9,17,26,21,25,27,16,17,33,14,14,16,19,22,10,20,22,24,26,15
060770025041,6,10,21,14,15,16,29,38,22,29,29,13,15,25,26,26,5,26,29,21,24,24,8,13,25,30,44,11,17,23,25,25,11,11,24,26,28,13,14,21,23,26,30,48,51,11,11,23,20,22,25,15,15,24,13,14,31,11,13,31,10,11,15,23,25,20,20,20,11,13,16,25,25,26,29,29,18,27,29,24,26,34,19,25,28,7,20,28,29,30,14,19,20,23,24,26,36,38,10,20,21,11,13,13,13,14,14,17,23,26,26,13,25,28,23,26,26,18,18,34,16,16,17,20,23,11,21,23,25,31,17
060770025042,9,22,31,16,17,29,31,46,24,25,33,25,28,29,29,32,5,29,32,22,23,26,15,20,27,34,43,12,21,22,27,29,13,20,20,32,33,15,17,23,25,29,32,46,46,13,13,25,22,24,26,18,18,27,26,29,33,13,15,33,13,13,17,28,29,22,23,29,13,17,24,27,28,26,30,65,24,30,34,27,29,36,24,30,36,9,22,31,31,45,14,21,23,27,29,34,40,63,13,23,26,14,14,15,16,16,16,20,21,29,29,12,23,25,25,28,32,20,20,36,15,18,20,22,23,13,24,25,27,35,19
060770027014,16,20,22,11,18,19,25,26,19,20,22,5,16,17,17,30,22,27,35,16,18,18,17,18,26,28,35,13,14,16,16,28,11,11,12,14,20,13,14,15,11,13,16,36,38,16,16,16,25,25,37,16,18,22,14,15,18,16,17,24,5,11,16,17,23,8,9,NA,11,12,14,25,25,15,20,24,14,19,21,7,9,14,7,19,20,11,14,22,37,37,18,20,21,21,21,13,14,16,13,19,25,11,16,17,20,20,21,21,21,22,22,16,20,22,14,16,18,18,21,21,15,19,19,19,21,12,17,17,20,20,15
060770028001,9,19,25,9,21,23,25,25,8,15,25,19,19,20,21,21,32,34,37,18,18,23,10,24,24,25,25,9,22,23,24,26,9,9,19,24,24,23,24,24,9,23,25,51,53,20,22,25,9,19,24,20,24,24,21,21,24,24,24,26,19,21,22,22,26,17,19,21,13,21,21,21,23,8,20,28,7,26,27,21,21,23,18,20,22,22,23,25,25,26,8,20,21,23,25,23,27,29,8,8,9,11,19,19,19,20,22,22,24,25,26,6,7,23,25,25,26,25,27,29,11,16,17,18,19,12,13,17,22,25,23
060770028002,8,10,12,17,18,19,23,24,6,8,25,8,17,17,18,19,24,29,32,14,14,17,16,18,20,23,24,11,17,19,21,22,16,16,17,18,21,16,18,20,18,21,22,49,51,12,15,16,18,21,24,14,19,22,18,19,20,16,19,21,14,16,18,20,21,17,18,19,11,17,17,18,19,23,26,28,17,21,23,21,22,24,14,18,24,14,22,23,25,28,10,14,18,20,24,21,26,33,17,17,24,14,14,14,15,16,17,18,18,18,19,9,17,18,18,23,24,23,25,29,8,10,11,16,17,8,11,15,18,21,20
060770031061,21,21,21,26,34,37,41,43,15,17,40,17,17,17,17,18,23,31,34,17,26,26,15,19,40,40,41,19,20,21,21,31,7,9,18,18,25,16,27,28,21,21,41,41,42,24,28,28,15,15,23,38,38,39,14,38,39,19,19,19,20,20,21,21,31,22,36,39,25,27,28,28,28,31,39,39,21,28,29,18,27,27,16,22,31,14,14,26,36,38,5,19,37,40,43,22,23,29,17,29,29,17,17,17,17,18,18,18,24,24,25,14,18,24,33,36,41,19,19,30,20,21,21,22,22,19,28,31,38,46,44
060770031062,15,15,16,21,28,35,36,37,10,11,36,13,13,19,19,19,10,17,29,12,20,21,26,33,35,36,40,12,13,15,15,26,13,13,20,24,26,11,15,22,17,36,37,37,58,22,22,22,11,17,29,32,32,34,32,32,33,6,13,14,11,11,13,14,16,8,12,34,14,22,23,24,24,26,34,34,16,23,23,20,21,22,13,25,26,9,10,14,25,32,13,30,31,36,38,16,17,23,11,24,24,12,12,12,13,13,13,13,19,19,20,8,20,26,17,30,36,3,13,25,15,16,16,16,17,13,22,26,33,41,39
060770031063,15,16,16,7,19,27,35,38,7,9,38,14,15,15,15,15,18,28,29,15,22,23,7,12,23,37,38,14,15,16,24,25,5,6,6,12,24,11,15,23,15,25,39,39,39,22,23,23,10,13,17,30,30,37,7,32,33,10,12,12,13,14,15,15,25,14,30,37,16,23,24,25,25,26,36,36,15,23,23,20,20,22,6,16,26,7,12,12,19,32,3,11,33,38,38,18,19,23,24,24,24,14,15,15,15,15,16,22,22,22,22,8,12,29,15,27,38,7,15,25,18,18,18,20,20,12,23,26,33,41,37
060770031081,20,21,21,14,33,38,39,42,15,16,39,16,17,22,22,22,13,18,32,16,23,24,18,30,31,38,39,16,17,18,20,21,18,19,24,29,31,16,20,28,20,40,40,40,63,23,28,28,22,22,24,37,37,38,36,37,37,3,18,19,16,16,18,20,21,13,15,38,17,26,27,27,27,31,37,37,19,22,28,17,26,27,16,28,29,15,30,34,36,36,34,36,39,42,44,22,22,28,16,29,29,16,16,16,16,16,16,22,23,23,23,13,23,29,22,34,39,3,19,30,19,19,19,20,20,19,20,31,37,45,44
060770031082,19,19,25,12,32,38,41,43,14,15,38,15,17,20,21,21,11,16,31,14,14,22,29,35,37,38,43,14,17,19,19,28,17,23,28,30,30,14,19,26,19,38,38,39,62,26,26,26,13,21,21,36,36,36,34,35,35,4,17,17,15,15,16,18,27,3,12,36,22,24,24,25,26,18,36,36,18,19,27,22,25,25,3,15,27,13,18,21,34,35,33,35,38,40,43,20,21,27,15,27,28,14,14,14,15,15,15,15,21,21,21,12,21,28,20,32,38,2,17,28,17,18,18,18,19,17,18,29,37,43,42
060770031083,19,19,25,12,32,38,40,43,14,14,37,15,17,20,20,21,11,15,31,13,14,22,35,37,37,38,43,14,19,19,19,27,17,23,27,29,29,14,18,26,38,38,38,42,62,26,26,26,13,21,21,35,35,36,34,34,35,6,16,17,15,15,16,16,27,12,32,36,18,21,24,25,25,18,35,36,18,19,26,21,25,25,2,15,27,13,17,17,34,34,32,33,37,40,43,20,20,26,15,27,27,14,14,14,14,14,15,15,21,21,21,11,21,28,20,32,38,2,17,28,17,17,18,18,19,17,18,29,37,43,42
060770031091,16,17,24,13,29,30,38,40,14,15,29,12,14,14,14,14,13,18,31,12,13,20,12,13,29,30,40,13,15,16,16,16,15,19,25,27,27,12,16,23,30,30,30,40,45,23,23,23,18,18,19,28,33,33,32,32,33,9,15,17,12,14,14,16,24,12,28,32,6,9,18,23,23,26,27,28,16,22,24,19,21,23,7,12,25,13,14,15,30,32,24,28,31,32,33,17,18,24,12,24,25,11,12,12,12,12,12,12,12,18,19,9,13,25,16,30,30,6,15,25,15,15,16,16,16,16,26,29,32,40,40
060770031092,11,17,19,16,21,28,29,30,17,18,28,6,8,11,11,12,10,13,25,6,14,15,25,28,28,28,29,11,11,11,18,19,11,13,14,19,21,6,10,18,29,29,30,34,37,18,18,18,13,13,13,27,27,27,26,26,26,11,12,13,6,6,8,10,18,15,25,27,8,9,16,16,16,21,26,27,10,11,21,13,16,17,16,18,18,12,15,15,16,25,23,25,27,31,34,12,12,18,6,18,19,5,5,5,5,5,6,6,7,12,13,13,13,14,11,23,29,9,11,20,8,9,9,9,10,10,21,26,28,34,34
060770031093,8,16,17,18,21,27,28,29,16,16,28,4,6,11,11,12,9,14,23,6,13,15,25,28,28,28,29,8,8,8,18,18,8,10,11,16,17,3,8,15,9,9,29,29,29,15,15,15,10,10,10,25,25,27,25,26,26,10,12,14,4,6,8,12,18,14,25,27,7,11,15,16,16,18,26,27,7,8,21,12,13,14,7,13,19,12,14,16,16,25,22,23,27,30,34,9,10,16,4,16,17,4,4,5,5,5,5,6,6,12,12,10,10,15,9,23,29,8,11,17,8,8,9,9,10,7,18,25,28,33,32
060770031094,12,21,21,12,30,32,33,37,12,12,31,8,11,14,14,15,8,9,25,8,16,17,21,29,31,32,37,9,11,12,12,12,10,14,16,20,22,7,11,19,10,13,32,32,32,19,19,19,14,14,14,28,28,30,28,29,29,10,11,12,7,8,9,9,22,10,26,30,10,16,18,19,20,22,29,30,12,19,20,16,17,18,8,14,22,10,11,11,12,28,26,27,30,33,37,13,13,19,8,20,20,8,8,8,9,9,9,9,15,15,16,4,15,22,11,26,32,8,10,21,11,12,12,12,13,10,19,22,31,37,35
060770031101,6,7,15,20,26,26,27,30,20,20,27,2,4,10,10,11,12,14,24,3,10,12,17,20,27,27,30,7,7,7,7,15,10,12,13,15,17,4,7,13,28,28,28,33,33,13,13,13,9,9,9,25,26,26,22,23,23,13,14,14,6,6,7,7,12,22,22,26,6,13,13,13,14,14,25,25,9,10,19,8,15,16,9,10,17,14,17,18,18,22,22,25,26,27,32,11,11,14,6,15,15,1,1,1,2,2,2,2,2,11,11,9,9,14,13,21,27,10,11,14,7,7,7,8,8,9,17,22,26,30,33
060770031102,4,17,19,11,17,20,23,31,17,21,31,6,14,14,14,15,9,16,21,7,9,16,10,26,30,31,31,4,4,4,18,18,9,11,12,13,21,4,8,15,3,17,25,26,32,15,15,15,6,6,6,23,23,29,16,25,26,11,18,27,1,2,2,3,16,16,26,30,14,17,17,17,18,6,29,29,6,7,12,12,13,15,6,13,18,7,11,14,15,15,18,21,30,31,36,6,8,12,3,17,17,7,8,8,8,8,8,8,8,15,15,6,6,18,7,23,25,6,7,12,11,11,11,12,12,8,17,26,30,34,30
060770031103,5,13,14,17,20,24,30,30,17,18,30,3,4,13,13,14,9,17,22,5,6,15,12,29,29,29,30,4,4,4,14,14,7,10,11,13,20,0,4,11,4,13,21,22,31,11,11,11,6,6,6,24,24,28,21,22,22,11,12,16,3,4,5,5,15,21,22,28,13,13,13,14,16,13,28,28,6,8,22,11,12,13,7,9,14,11,12,15,15,21,12,19,28,30,35,8,9,12,3,12,13,3,3,4,4,4,4,5,5,13,14,6,6,16,8,19,30,7,7,13,9,10,10,11,11,7,14,22,29,30,31
060770031111,7,20,20,20,27,29,33,36,13,17,33,8,11,16,16,16,5,21,23,17,18,19,24,28,32,33,35,4,6,7,7,7,5,11,17,17,19,6,10,17,8,19,27,28,34,17,17,17,9,9,9,23,23,32,27,27,28,8,16,30,4,4,4,7,20,12,27,32,6,13,19,19,19,8,31,31,6,7,15,12,13,17,4,17,21,7,8,10,11,27,12,26,32,33,38,8,8,18,3,19,19,9,10,10,10,10,10,12,17,17,17,5,9,19,7,22,33,5,6,15,13,13,14,14,14,17,21,28,32,36,30
060770031112,5,19,20,6,7,12,16,22,11,15,33,8,11,16,16,16,15,18,23,11,18,19,4,7,28,32,33,6,6,6,6,21,13,14,16,23,24,6,10,17,6,7,27,28,34,17,17,17,7,7,7,15,19,32,6,10,25,6,6,10,4,4,4,6,20,12,25,32,5,16,19,19,20,3,18,31,2,11,13,8,9,17,20,21,21,3,12,12,16,27,19,24,30,31,38,3,3,15,4,19,19,9,10,10,10,10,10,10,17,17,17,5,8,8,2,22,27,2,3,15,13,13,13,14,14,2,9,28,32,36,26
060770031121,10,10,10,8,13,22,30,39,7,13,35,11,12,12,12,14,18,26,27,12,13,20,7,9,19,35,36,9,10,10,23,23,11,11,20,23,25,9,13,20,11,11,22,36,36,20,20,20,12,12,27,25,26,34,9,9,31,6,17,34,6,7,9,9,23,12,28,34,20,22,22,22,22,27,34,34,21,21,28,15,15,20,7,14,18,5,8,9,11,30,12,32,34,36,37,11,11,21,22,22,22,12,12,13,13,13,13,19,19,20,20,6,20,27,10,14,36,7,9,18,16,16,16,17,17,3,9,20,31,39,32
060770031122,12,13,13,8,14,31,37,37,12,13,38,14,15,15,15,16,23,29,29,15,23,25,4,10,37,37,38,11,12,13,26,26,13,14,25,30,30,11,16,23,13,13,24,37,39,23,23,23,14,16,30,26,26,36,3,6,8,4,6,36,9,9,12,12,26,15,30,37,22,25,25,25,25,12,36,36,18,20,23,14,15,23,9,16,21,3,6,8,9,23,6,15,28,28,37,12,12,23,8,24,24,15,15,15,15,16,16,16,22,22,22,8,22,29,11,14,35,8,9,22,18,19,19,19,20,3,9,18,37,45,32
060770031131,6,21,21,4,8,10,11,12,11,11,16,12,14,20,20,20,15,19,26,15,22,23,2,12,13,26,36,7,7,7,8,22,3,18,19,25,25,9,14,20,4,7,7,7,24,20,20,20,6,6,25,13,17,35,5,11,27,13,33,33,7,7,8,8,21,13,25,27,20,21,23,24,24,8,16,21,13,15,25,3,4,21,8,17,21,4,6,11,13,17,19,19,22,26,30,3,4,13,8,20,20,13,13,13,14,14,14,14,20,21,21,9,11,11,6,6,25,4,4,19,17,17,18,18,18,10,13,16,23,36,22
060770031132,8,22,23,3,13,14,15,28,4,8,8,12,12,13,14,19,17,24,26,13,14,22,2,9,14,27,36,8,8,10,10,23,4,14,14,16,27,9,13,20,3,6,8,9,37,20,20,20,21,22,27,13,17,35,2,13,14,17,24,33,7,7,7,10,10,12,17,35,21,22,23,23,23,10,17,35,12,15,22,6,7,20,7,14,23,3,6,17,23,28,6,11,17,24,31,5,5,14,7,21,21,12,13,13,13,13,14,20,20,20,20,10,23,26,7,7,26,4,4,16,16,16,16,17,18,4,7,15,22,35,24
060770031133,11,12,12,5,17,22,26,33,2,5,5,15,16,16,16,17,9,11,18,16,25,25,1,1,15,32,40,11,12,13,13,27,9,22,22,24,25,12,24,24,2,12,20,25,41,24,24,25,11,12,12,19,20,38,8,9,19,7,36,36,12,13,13,13,27,14,27,38,24,24,26,26,26,8,22,38,14,16,19,10,10,24,15,17,22,4,6,19,20,27,11,23,27,28,38,8,9,19,10,25,25,16,16,16,16,17,17,23,23,23,24,10,11,24,10,10,31,5,7,10,19,20,20,21,21,4,6,20,26,40,27
060770031134,10,11,11,4,8,9,17,26,1,5,7,14,15,15,15,16,9,23,29,15,23,24,1,1,6,6,39,10,11,11,12,26,15,15,20,30,30,11,23,24,1,8,11,24,40,23,23,24,21,22,26,19,21,37,6,7,33,12,14,35,11,12,12,12,26,15,33,37,23,25,25,25,25,7,21,37,14,19,29,10,10,23,9,21,23,0,2,8,9,23,13,24,29,33,44,7,8,18,9,24,24,15,15,15,15,16,16,22,22,22,23,10,10,24,9,9,32,4,5,6,18,19,19,20,20,3,19,22,25,41,28
060770031141,22,22,23,12,21,36,43,51,6,9,46,21,22,22,23,23,15,20,36,24,31,31,8,17,24,25,27,22,22,23,24,32,14,23,30,37,37,31,31,31,22,31,45,45,47,29,30,30,27,34,35,31,31,44,13,14,42,13,13,21,21,22,22,24,33,21,27,44,22,30,32,32,32,34,44,44,16,29,31,21,21,24,28,30,34,7,8,13,16,22,33,40,44,45,48,19,20,31,19,30,31,21,22,23,23,23,23,23,29,30,30,16,30,36,18,21,46,12,16,16,25,26,26,27,27,16,31,34,43,51,38
060770031142,19,19,19,9,18,33,40,47,5,6,42,18,19,19,19,19,16,27,33,20,27,27,5,14,21,42,43,18,19,19,20,29,10,11,20,27,34,15,27,27,16,19,28,37,43,26,27,27,24,30,34,28,28,41,4,4,39,9,10,39,18,18,20,20,29,18,34,41,27,29,29,29,29,30,40,41,13,26,28,17,17,20,16,20,25,4,13,16,27,38,20,37,42,45,48,16,16,28,15,28,28,18,18,19,20,20,20,20,26,26,27,12,16,26,17,17,43,12,13,27,22,22,23,24,24,13,28,30,39,47,35
060770031143,17,19,37,8,25,30,36,39,7,7,8,22,24,24,24,24,18,32,39,25,32,32,8,9,10,20,47,20,20,20,20,43,23,27,32,34,35,22,32,32,9,19,27,35,48,30,31,31,18,19,22,25,27,45,13,16,27,17,37,40,18,20,20,20,22,25,37,59,18,24,30,31,34,22,45,45,25,27,40,16,17,25,22,36,37,10,13,16,17,20,10,13,21,40,44,16,16,27,32,35,35,23,23,23,24,24,30,30,30,31,31,24,30,40,17,17,36,15,16,18,26,26,27,27,27,9,23,27,30,46,38
060770031144,16,35,35,13,18,29,31,38,6,7,8,21,23,23,23,23,14,21,23,24,31,31,13,18,26,38,46,19,19,20,21,36,26,26,31,33,35,21,21,23,8,16,18,34,47,29,30,30,22,30,36,24,24,44,15,34,36,11,15,32,19,19,19,21,29,32,36,36,18,18,30,32,33,29,34,44,19,26,39,15,16,24,29,35,36,12,19,26,29,34,12,24,28,28,41,15,15,26,28,34,34,22,22,22,23,23,29,29,29,30,30,15,18,39,16,17,39,18,25,26,25,26,26,27,27,8,12,22,32,45,37
060770032031,9,13,13,22,22,24,29,30,22,22,23,7,7,7,8,8,14,14,27,2,8,8,23,23,23,24,28,10,12,12,12,13,12,12,15,16,19,8,12,12,24,24,24,35,37,12,12,12,14,14,14,22,29,29,20,21,21,16,17,17,8,8,10,10,14,20,21,22,10,11,11,11,11,17,21,22,11,13,16,8,17,18,12,12,13,20,20,20,20,21,18,22,23,24,29,13,14,18,8,13,13,5,5,5,5,5,6,7,7,7,7,10,14,15,15,20,24,12,14,20,3,3,4,4,4,12,21,21,23,29,36
060770032032,17,18,18,23,26,29,34,38,20,21,23,8,9,9,11,12,13,19,31,10,13,14,22,23,23,25,27,16,16,17,18,18,8,14,19,24,26,12,16,17,24,24,24,39,44,17,17,17,18,18,19,21,32,33,25,26,26,14,15,16,3,12,13,16,18,21,25,26,2,11,15,16,16,21,21,26,15,15,16,13,21,22,15,18,20,15,18,18,19,25,18,21,26,30,31,17,18,23,12,18,18,4,8,9,9,9,9,10,10,11,12,7,9,19,16,23,23,12,14,25,6,7,7,8,10,15,22,26,26,34,40
060770032051,12,15,15,20,21,25,30,32,21,24,25,4,4,5,10,11,16,17,30,4,7,10,20,21,21,25,26,13,15,15,15,15,11,15,18,21,21,10,14,15,21,22,22,38,38,14,14,14,17,17,17,19,32,32,22,22,22,18,18,19,11,11,12,13,16,19,21,22,8,12,13,13,14,19,19,20,14,15,16,9,20,21,9,14,22,21,21,23,23,24,16,19,20,25,27,16,17,20,11,14,15,7,7,7,8,8,8,8,9,9,10,7,17,17,17,21,22,15,15,21,3,3,4,5,6,14,20,22,22,30,39
060770032052,14,17,18,21,22,28,33,34,22,24,24,5,5,6,12,14,16,20,32,7,9,12,21,22,22,28,32,15,17,18,18,18,10,18,18,20,23,13,16,17,23,23,23,41,41,16,16,16,20,20,20,20,34,34,24,25,25,19,19,20,13,15,15,17,18,21,24,25,12,15,15,15,16,20,20,20,14,16,18,12,23,24,9,14,17,21,22,22,24,24,17,21,24,27,28,19,19,22,14,17,17,8,8,10,10,10,10,11,11,12,12,6,20,20,17,22,24,16,18,24,5,6,6,8,9,17,21,25,25,33,41
060770032053,13,14,14,20,21,28,29,30,21,27,27,4,4,5,10,10,16,19,31,6,6,8,20,21,21,27,27,13,13,13,14,14,14,17,19,19,20,12,12,12,21,21,22,37,39,12,12,12,15,15,16,19,33,36,20,21,21,20,21,21,12,12,14,14,14,19,20,21,7,11,11,11,12,19,19,21,13,17,17,8,22,23,12,16,24,20,20,24,25,25,15,19,24,26,31,18,18,18,12,12,13,6,7,7,8,8,8,8,8,9,9,7,13,14,20,20,21,17,18,20,2,4,4,4,4,16,20,20,20,28,39
060770032081,25,27,29,12,32,39,41,44,13,39,39,12,12,13,24,25,31,31,44,16,22,22,13,13,14,39,40,26,27,29,29,29,21,29,31,33,34,24,26,29,14,14,14,25,27,26,26,26,31,31,31,12,45,45,35,35,35,32,33,33,26,26,26,28,28,12,34,35,10,25,25,25,28,11,12,34,4,29,29,22,34,35,18,28,38,34,34,36,37,38,10,12,27,33,45,30,31,32,25,26,27,16,16,21,21,22,22,22,23,23,23,11,31,31,14,34,34,29,30,34,16,17,17,19,19,13,28,32,32,35,52
060770032082,25,25,25,16,26,35,37,39,17,35,35,9,9,9,9,20,23,27,40,18,18,19,16,17,18,35,36,20,20,21,25,25,22,25,28,28,28,20,22,25,18,18,18,45,48,22,22,22,27,27,27,16,41,42,16,28,29,28,29,31,18,21,21,21,23,16,28,29,6,21,21,22,24,15,16,30,25,25,32,18,30,31,20,27,32,26,28,28,33,33,16,21,27,31,40,26,27,27,21,21,22,12,12,15,17,17,17,17,18,19,19,9,14,27,17,28,29,24,25,29,12,13,13,15,15,16,24,26,27,28,48
060770032083,18,20,22,15,16,28,34,37,16,32,32,5,5,5,17,18,24,24,37,10,11,15,15,16,16,32,33,19,20,22,22,22,15,22,24,26,27,17,19,22,16,16,17,44,45,19,19,19,24,24,24,14,38,38,27,28,28,25,26,26,18,19,19,20,21,14,27,28,3,18,18,18,21,14,14,27,8,22,22,15,27,28,13,21,31,27,27,30,30,31,10,14,24,30,38,23,24,25,18,20,20,9,10,14,14,15,15,15,16,16,16,3,24,24,16,27,28,22,23,27,9,10,10,12,12,15,21,25,28,28,45
060770032084,16,18,20,15,16,27,32,35,16,29,30,3,3,3,14,16,21,22,34,7,9,13,15,16,16,30,30,17,18,19,19,20,14,19,22,24,24,15,17,19,17,17,17,41,43,17,17,17,21,21,22,14,36,36,25,25,26,23,23,24,15,17,17,17,19,15,25,25,2,16,16,16,18,14,14,24,8,20,20,12,25,26,12,19,28,24,24,27,27,28,11,15,23,30,36,20,21,23,15,17,18,6,6,12,12,12,12,12,13,14,14,3,22,22,16,24,25,19,21,24,6,8,8,9,9,15,19,23,25,27,43
060770032091,22,22,22,19,26,32,34,37,19,32,32,6,6,6,6,17,24,24,37,15,15,16,19,19,20,32,33,20,20,20,22,22,19,22,25,26,27,17,19,22,20,20,20,44,45,19,19,19,24,24,26,18,38,39,27,28,28,25,26,28,15,18,18,20,21,18,27,28,3,18,18,19,21,17,18,27,10,22,23,15,27,28,20,25,31,27,27,27,30,30,18,19,21,30,39,23,24,25,18,20,20,12,14,14,14,14,15,15,15,16,16,6,15,24,20,27,28,21,22,23,9,10,10,12,12,19,21,25,26,28,46
060770032092,21,21,22,20,25,31,34,34,21,31,31,5,5,5,5,16,23,23,36,10,12,16,21,21,22,32,32,17,17,17,21,21,18,21,23,24,24,16,17,21,22,22,22,41,44,16,16,16,23,23,23,20,38,38,24,25,25,25,25,27,14,17,17,17,18,20,24,25,4,15,15,15,20,19,20,26,12,22,22,12,26,27,17,24,28,24,24,24,29,29,20,20,20,27,36,22,22,23,17,17,17,9,11,11,14,14,14,14,14,15,16,6,14,23,22,24,25,20,21,22,8,8,9,10,10,21,21,24,25,25,45
060770032093,16,16,16,19,29,31,31,32,20,29,29,4,4,4,5,12,18,21,34,8,10,11,20,20,21,29,30,15,16,16,16,16,16,19,21,21,22,14,14,15,21,21,21,39,41,15,15,15,18,18,18,19,35,38,23,23,23,22,23,25,15,15,16,16,16,19,22,23,5,13,13,14,15,18,19,24,14,19,20,10,24,25,16,18,26,22,22,22,27,27,24,25,26,28,34,20,20,21,15,15,16,2,9,10,10,10,10,11,11,11,11,7,16,16,21,22,23,19,20,22,6,7,7,7,7,18,20,22,23,31,41
060770032101,22,24,25,21,35,35,39,40,20,30,30,8,8,8,8,20,22,27,40,15,18,20,20,20,21,28,36,23,23,25,25,25,10,24,28,29,31,20,22,25,14,21,21,22,47,22,22,22,27,27,27,19,41,42,30,31,31,25,25,26,10,21,22,22,25,19,30,31,9,9,21,21,24,19,19,31,13,24,25,18,30,32,10,20,24,24,28,28,28,30,15,19,24,25,35,26,27,28,21,23,24,13,13,18,18,18,18,18,18,19,19,5,27,27,21,28,30,22,24,30,12,13,13,15,15,20,24,31,31,35,49
060770032102,16,18,20,17,18,30,33,35,17,27,27,2,2,3,14,16,19,22,34,8,9,13,17,17,18,30,30,17,18,19,19,20,11,19,22,24,24,15,17,19,18,18,19,41,43,17,17,17,21,21,21,16,36,36,25,26,26,22,22,23,15,15,17,17,19,16,25,25,5,16,16,16,18,16,16,23,10,18,20,12,25,26,9,11,19,24,25,25,25,25,12,16,17,26,30,21,21,23,15,17,18,7,7,12,12,12,12,12,13,14,14,4,22,22,18,20,24,19,19,24,6,7,8,8,9,17,19,25,25,33,43
060770032131,28,28,30,19,39,40,42,45,19,25,26,13,13,13,24,25,26,32,44,19,22,23,18,19,19,24,40,27,28,30,30,30,11,28,32,34,36,25,27,29,20,20,20,26,28,27,27,27,32,32,32,17,46,46,35,36,36,21,29,30,10,26,27,27,29,18,35,36,13,26,26,26,28,17,17,35,11,29,29,23,35,35,10,29,30,24,24,25,28,35,14,18,18,22,40,31,31,33,26,27,28,17,18,21,22,22,22,22,23,24,24,9,22,32,19,29,33,18,28,35,17,18,18,19,20,18,29,35,36,39,53
060770032132,20,22,24,14,15,33,34,39,15,29,30,6,6,7,18,20,22,26,38,12,17,18,14,15,15,34,34,21,22,23,23,24,14,23,23,26,28,19,21,23,16,16,16,20,22,21,21,21,25,25,25,14,40,40,29,30,30,24,24,25,19,21,21,23,23,14,29,29,6,18,20,20,22,13,14,25,7,22,24,16,29,30,13,20,23,27,28,28,28,29,10,18,23,28,34,25,25,27,19,21,22,11,11,16,16,16,16,16,17,18,18,4,26,26,15,23,28,21,23,28,10,12,12,13,13,14,23,29,29,33,47
060770032133,19,21,24,16,17,32,33,38,16,27,28,5,5,6,18,19,20,25,38,11,12,17,16,16,17,33,34,20,21,23,23,24,11,21,21,26,27,19,20,23,17,17,18,44,46,20,20,20,25,25,25,15,39,40,28,28,28,22,22,23,18,19,20,20,22,15,28,28,6,15,19,19,22,15,15,23,9,22,23,15,28,29,11,18,22,25,25,26,27,27,11,19,23,28,33,24,25,26,19,20,21,10,10,15,16,16,16,16,17,17,17,2,26,26,17,21,27,19,21,27,9,10,11,11,12,16,22,28,28,32,47
060770032134,22,23,26,18,34,35,38,40,18,30,30,7,8,8,8,20,22,28,40,14,18,19,17,18,18,34,36,22,23,26,26,26,11,24,28,29,31,21,22,25,19,19,19,21,24,22,22,22,28,28,28,16,42,42,30,31,31,24,25,26,10,21,23,23,25,17,30,31,8,21,21,21,24,16,16,25,10,24,25,18,30,31,10,20,24,27,28,28,30,30,13,17,21,25,35,26,27,28,21,22,23,12,13,17,18,18,18,18,18,19,19,23,28,28,18,23,30,21,23,30,12,13,13,14,15,17,24,30,31,34,49
060770032141,23,25,26,14,15,35,36,41,15,26,27,9,9,9,21,22,27,28,41,14,19,20,15,15,15,35,36,24,24,26,26,26,11,28,29,30,32,21,24,26,16,16,16,22,25,24,24,24,28,28,28,14,42,43,32,32,32,22,29,30,11,22,23,24,26,14,31,32,9,22,22,22,25,13,14,30,8,25,27,19,31,32,11,17,25,25,25,25,31,31,10,14,18,26,36,27,28,29,22,24,25,14,14,18,18,18,19,19,19,20,20,25,28,28,16,28,31,19,26,31,13,14,14,16,16,15,25,32,32,35,50
060770032142,22,24,26,14,15,34,35,41,15,30,35,8,8,8,20,21,27,27,40,14,19,20,14,14,15,36,36,23,24,25,25,26,14,25,28,29,30,21,23,25,15,15,16,22,24,23,23,23,27,27,27,13,42,42,31,31,31,24,29,30,21,23,23,25,25,13,30,31,20,22,22,22,24,13,13,30,7,24,26,18,30,31,14,20,25,30,30,33,34,34,9,13,18,25,30,26,27,29,21,23,24,13,13,18,18,18,18,18,18,20,20,24,27,28,15,28,30,21,25,30,12,14,14,15,15,14,25,31,31,34,49
060770032151,32,32,34,26,33,34,47,49,28,29,34,21,22,22,26,27,28,34,35,24,26,27,26,34,34,42,42,31,31,32,32,32,30,34,38,39,39,27,31,32,29,30,35,35,35,31,31,31,34,34,34,33,48,48,38,39,39,23,30,32,27,27,29,29,31,26,33,36,20,25,29,30,31,32,32,33,26,32,37,26,36,38,19,27,32,27,28,30,31,38,29,33,39,43,44,32,33,36,27,31,32,24,24,24,25,25,25,25,25,25,25,19,24,32,31,34,36,20,30,38,20,20,21,22,23,31,33,39,39,47,55
060770032152,25,26,26,20,27,28,41,42,22,23,28,15,16,16,20,21,22,28,29,18,20,21,20,27,27,28,41,22,25,26,26,26,24,28,32,33,33,21,25,25,29,29,29,49,49,25,25,25,28,28,28,27,42,42,32,33,33,17,23,26,21,23,23,25,25,20,27,30,14,17,19,23,23,26,26,33,20,25,31,20,30,31,13,21,26,21,22,24,31,32,23,31,33,37,38,26,27,30,21,25,26,18,18,18,18,19,19,19,19,19,19,13,18,26,25,28,30,14,24,32,14,14,15,16,17,25,27,33,33,41,49
060770032153,25,26,27,21,28,29,36,43,22,23,29,16,16,16,20,22,23,28,40,19,20,21,20,28,29,36,37,25,26,26,26,26,24,28,32,34,34,22,25,26,24,25,29,29,30,25,25,25,28,28,29,27,42,43,33,34,34,18,24,26,22,23,23,25,26,20,27,33,8,18,24,24,24,27,27,33,21,25,26,21,31,32,22,28,37,21,21,25,31,33,23,32,34,38,39,27,27,31,22,25,26,13,18,19,19,19,19,19,19,20,20,13,19,28,26,29,31,15,24,33,15,15,16,16,17,25,28,33,34,41,49
060770032161,20,20,21,22,30,33,35,37,22,24,25,7,7,7,15,16,17,23,35,13,14,15,21,22,22,27,31,19,20,20,21,21,6,18,23,26,28,16,19,20,22,23,23,43,43,19,19,19,22,22,23,20,36,37,27,28,28,15,20,20,2,16,17,19,20,20,27,27,3,10,18,18,19,20,20,27,14,19,20,14,25,26,19,20,22,22,22,23,26,27,17,20,25,32,32,21,22,25,16,19,20,7,11,12,13,13,13,13,13,14,14,6,13,23,20,22,25,12,18,27,9,9,10,10,11,19,21,27,27,35,44
060770032162,23,24,24,23,33,37,39,40,22,22,23,8,8,8,18,19,20,26,38,15,18,18,22,23,23,30,34,23,23,24,24,24,7,22,26,29,31,19,22,24,14,14,23,23,24,22,22,22,26,26,26,21,40,40,30,31,31,17,23,24,19,19,21,23,23,21,30,31,6,21,21,21,23,21,21,31,15,22,23,18,28,30,23,23,25,20,20,21,22,30,17,21,26,26,35,24,25,28,19,23,23,10,13,13,16,16,16,16,17,17,17,6,16,26,23,23,28,14,22,30,12,12,12,13,15,22,23,31,31,39,47
060770032171,21,22,24,18,23,33,38,40,20,20,23,9,9,9,17,19,20,25,37,15,16,17,23,23,29,33,34,22,23,23,23,23,5,21,21,25,30,18,22,23,24,24,24,46,46,22,22,22,25,25,26,22,39,39,30,30,30,15,21,23,18,19,20,22,23,18,22,30,20,20,20,20,22,21,22,30,15,21,23,17,28,29,22,24,34,18,18,19,22,29,18,22,26,28,34,24,24,27,18,22,23,9,13,13,15,15,15,15,16,16,17,7,16,25,23,23,27,12,21,29,11,11,12,12,14,22,22,30,30,38,46
060770032172,20,20,20,16,25,30,37,38,17,18,26,11,11,11,14,16,17,22,34,9,13,14,15,25,26,30,30,19,20,20,20,21,18,22,27,29,29,15,20,20,26,27,27,43,45,20,20,20,22,22,22,24,36,36,28,29,29,12,18,20,15,17,17,20,21,15,24,28,3,10,12,19,19,24,24,29,18,18,20,16,25,26,5,15,23,16,16,19,26,28,21,24,29,30,33,21,21,26,15,21,21,12,12,12,12,12,13,13,14,15,15,10,13,22,20,26,26,9,18,28,10,10,11,11,12,19,25,29,29,37,43
060770033051,6,7,9,17,18,23,25,35,22,22,35,6,8,18,18,19,16,20,28,6,8,8,17,22,23,35,36,6,6,6,8,10,14,14,16,17,17,3,7,8,7,8,16,17,36,7,7,7,8,8,8,11,24,33,15,21,21,16,19,24,7,8,10,10,20,17,23,34,6,7,9,11,22,7,10,33,15,15,27,7,13,17,10,14,23,15,16,16,19,23,20,22,23,28,34,7,10,12,8,8,10,7,8,9,9,9,9,10,11,14,15,2,4,13,14,16,18,6,11,14,9,13,13,14,14,7,17,18,25,34,27
060770033052,5,5,11,15,16,19,26,38,18,18,38,8,9,21,21,22,23,24,26,8,9,9,13,18,18,19,19,5,5,5,6,12,15,15,15,18,18,5,8,9,5,6,18,18,39,8,8,8,6,6,6,9,26,36,11,20,20,12,24,29,5,8,8,9,10,17,19,36,5,9,10,12,25,5,8,36,10,11,30,9,11,13,5,12,26,7,17,18,18,19,11,11,24,26,32,5,8,9,9,10,10,9,10,11,11,11,11,12,13,16,16,3,3,15,15,16,17,4,9,12,11,15,15,16,16,5,8,17,26,37,25
060770033053,2,2,14,12,16,18,31,34,15,15,35,6,6,18,18,19,10,16,22,10,11,12,12,15,16,34,35,1,2,2,3,14,15,15,17,22,25,5,6,11,1,12,23,23,36,11,11,11,3,3,3,11,19,33,11,13,17,12,21,27,3,3,5,6,12,16,22,33,2,13,13,13,21,10,13,33,8,10,27,8,11,11,7,7,15,11,11,15,22,22,18,28,28,28,29,5,6,10,5,12,13,7,7,7,7,8,8,8,8,12,14,3,17,21,8,12,22,7,9,9,10,11,12,15,15,3,7,23,31,34,22
060770033061,11,11,12,21,22,24,28,28,28,28,29,6,8,12,12,13,12,18,32,2,3,3,20,23,28,29,29,8,8,11,11,11,15,15,15,17,21,7,7,11,5,29,30,30,47,7,7,7,13,13,13,27,28,34,16,27,27,20,22,22,8,9,13,14,16,15,16,27,6,11,11,12,15,22,27,27,18,18,18,2,21,21,8,18,20,15,22,25,26,26,18,21,22,23,26,10,15,20,8,8,14,4,5,5,6,6,6,6,6,7,7,5,8,9,15,16,29,18,18,22,5,8,8,9,9,16,17,22,24,28,31
060770033062,8,8,8,18,20,23,25,31,25,25,32,6,7,16,16,17,14,20,29,4,6,6,18,24,26,32,33,8,8,8,9,11,14,14,16,17,22,3,7,8,7,8,17,18,33,7,7,7,9,9,10,26,31,31,18,22,31,16,19,21,8,9,10,10,18,17,18,31,8,8,9,11,19,9,30,31,15,15,15,5,15,16,11,14,20,15,19,22,23,23,11,15,21,27,38,8,12,13,9,9,10,5,5,6,6,6,7,7,8,9,12,2,5,11,15,17,18,8,15,18,7,10,10,11,11,7,18,18,26,32,29
060770033071,9,9,12,22,25,26,26,27,25,25,27,4,6,10,10,11,14,17,30,3,3,5,20,25,26,27,28,9,9,10,11,12,13,15,15,16,18,7,8,11,28,28,28,30,33,11,11,11,11,11,12,25,27,31,19,19,24,18,19,21,10,10,11,11,13,18,19,26,9,9,10,10,14,20,25,25,15,16,19,5,20,21,12,14,14,18,18,23,23,24,21,22,24,28,32,13,14,17,11,11,12,3,4,4,4,4,4,5,5,5,5,9,12,14,18,19,27,14,15,17,2,3,5,6,6,14,19,19,26,27,30
060770033072,8,8,12,20,24,24,28,28,24,24,29,4,12,12,12,13,16,16,28,2,3,5,18,18,28,29,29,8,8,8,12,12,11,13,14,19,19,5,7,11,27,29,30,30,30,11,11,11,10,10,11,24,27,30,19,20,20,17,18,20,7,8,8,12,12,19,20,27,7,10,10,10,16,18,27,27,14,14,21,6,19,20,11,12,13,18,19,22,22,22,18,23,25,27,34,12,15,15,9,12,13,2,4,4,4,4,4,6,6,9,9,7,13,15,19,20,29,14,14,15,5,5,7,9,9,13,17,20,28,28,28
060770033073,6,6,13,18,22,28,30,31,22,22,31,1,3,14,14,15,14,18,26,4,8,9,16,20,20,31,31,5,5,5,6,13,9,11,12,19,20,2,5,10,7,7,19,20,32,10,10,10,8,8,8,22,28,29,19,20,20,15,16,19,6,6,7,10,11,19,20,29,5,11,11,11,17,11,29,29,12,12,23,6,12,16,10,11,13,18,19,19,20,21,15,17,29,30,36,9,10,13,7,11,11,3,3,3,4,4,5,5,5,7,7,5,13,17,15,17,31,11,12,12,7,7,9,11,11,11,15,20,28,30,26
060770033081,5,17,18,11,11,13,22,39,16,18,20,10,10,24,24,25,5,18,22,16,19,21,10,11,11,13,21,5,5,5,17,18,7,21,21,22,22,9,9,16,3,9,9,20,22,16,16,16,4,4,28,9,20,39,12,14,17,6,11,14,6,8,8,11,26,21,22,23,6,18,19,24,27,11,12,25,8,9,28,5,7,15,8,11,18,17,21,23,25,28,13,16,23,25,28,4,5,8,11,16,16,10,10,11,11,11,11,11,11,18,18,7,21,27,6,18,21,6,8,8,14,15,16,20,20,6,9,13,22,40,22
060770033101,14,14,14,23,26,27,28,32,24,28,29,7,7,8,8,10,14,20,33,5,8,8,22,23,24,25,29,10,10,10,14,14,16,16,17,18,21,9,9,14,25,25,25,34,36,9,9,9,15,15,16,23,33,35,17,18,18,22,23,24,10,11,13,14,14,17,18,23,8,8,8,10,13,22,22,23,19,19,19,5,24,24,10,18,21,17,17,17,26,26,20,20,23,28,29,15,19,20,10,10,14,3,3,3,3,8,8,8,8,9,9,11,11,11,17,18,24,18,18,20,3,5,5,6,6,18,18,22,23,26,36
060770033102,14,14,15,23,25,25,30,33,26,31,31,10,10,10,11,11,11,17,38,1,1,4,26,26,27,28,29,8,14,14,14,18,18,18,19,19,26,7,10,14,27,27,27,31,34,7,7,7,13,16,16,25,30,40,15,25,30,25,25,27,7,9,15,16,16,14,15,25,6,12,14,14,15,24,25,25,18,21,21,2,27,27,8,13,19,14,15,28,29,29,18,20,21,24,26,13,22,24,7,8,16,2,2,2,8,9,9,9,9,9,10,8,8,11,14,15,27,20,21,24,5,7,8,8,8,15,20,23,24,26,34
060770033111,14,16,17,24,26,30,32,35,25,32,32,9,9,9,9,14,17,17,37,7,7,8,25,25,26,32,33,14,17,17,17,19,19,20,20,20,27,13,13,18,26,26,26,37,40,13,13,13,18,19,19,23,36,39,21,24,31,27,27,28,13,14,16,18,18,20,21,24,7,11,16,17,18,23,23,27,23,23,24,8,27,28,14,19,22,20,20,30,30,31,16,21,26,27,32,18,23,24,13,14,18,6,6,6,11,12,12,12,13,13,13,14,14,14,20,21,25,21,22,26,8,9,9,10,10,21,22,24,26,26,39
060770033112,16,16,16,22,28,30,30,32,22,30,30,6,6,6,7,12,15,16,34,7,7,7,22,22,23,30,30,13,13,13,16,16,19,19,20,20,22,12,12,15,23,23,24,37,39,12,12,12,17,18,18,21,36,36,20,21,21,23,24,26,12,13,14,15,16,20,21,21,8,10,11,14,14,21,21,24,17,20,20,8,25,26,13,22,24,20,20,27,28,28,17,23,24,26,31,18,21,21,12,13,16,1,2,5,5,10,10,10,10,11,11,9,13,14,20,20,23,19,20,21,6,6,6,7,7,19,20,22,23,28,39
060770033121,7,7,12,14,14,16,26,42,18,18,21,10,12,25,25,25,16,21,22,12,16,16,14,14,16,18,18,7,7,10,13,13,16,17,17,21,28,7,12,12,5,6,15,18,18,12,12,12,6,6,6,9,23,41,10,20,20,10,13,17,8,10,11,11,12,17,20,41,9,12,15,15,29,7,14,25,5,5,34,10,10,12,1,13,29,5,5,17,17,19,5,11,23,23,26,8,8,10,11,12,12,12,13,13,13,14,14,16,18,18,23,5,7,16,16,16,16,8,11,23,14,21,22,22,23,2,8,16,18,41,24
060770033122,6,6,15,14,14,17,28,39,16,16,19,11,11,23,23,24,10,19,27,11,16,18,12,13,14,16,20,6,6,15,15,15,4,19,19,25,32,8,11,14,4,7,18,20,21,14,14,14,5,5,32,7,21,38,8,18,18,13,15,26,9,9,10,12,13,18,19,20,7,11,14,17,27,9,15,28,4,5,6,8,8,14,9,10,11,5,6,18,18,20,8,13,26,33,33,6,7,9,11,13,14,12,14,14,14,14,14,16,16,19,20,6,9,18,17,17,19,5,8,8,15,23,23,24,24,9,16,17,20,39,23
060770033123,6,6,13,10,12,16,26,40,16,16,18,9,10,23,23,24,16,21,23,10,15,16,11,13,16,18,39,6,6,13,13,13,15,17,17,20,27,6,10,12,4,5,18,18,39,12,12,12,5,5,5,9,23,38,9,17,17,9,12,15,9,9,10,11,12,17,17,38,7,12,13,15,26,5,8,38,4,5,9,10,10,12,9,14,22,5,5,17,17,17,6,11,23,26,34,5,6,7,11,11,12,11,12,12,12,12,12,14,18,18,18,4,9,16,15,16,17,7,9,10,13,22,22,23,23,1,8,15,18,39,20
060770033131,8,11,12,14,17,19,25,41,18,18,21,13,24,24,25,26,10,22,30,11,15,19,15,15,17,18,20,8,8,8,11,12,16,16,17,22,30,8,11,13,4,6,14,17,17,11,11,11,7,7,8,8,24,40,11,20,20,11,12,18,10,11,13,14,28,16,20,40,11,14,16,23,28,7,15,27,4,11,34,11,11,11,4,12,30,8,8,16,16,19,7,9,24,26,32,9,9,11,10,11,13,12,13,15,15,17,17,17,21,21,22,6,15,27,15,16,17,9,12,24,19,21,21,22,22,4,7,17,17,40,24
060770033132,9,13,28,7,16,18,26,43,18,20,23,14,26,26,26,27,12,21,29,13,17,21,4,8,14,16,18,9,9,9,12,14,11,12,19,33,33,10,12,14,6,15,15,18,18,12,12,12,8,8,34,4,22,41,14,14,20,16,28,33,9,11,12,12,17,16,17,19,13,15,20,29,30,9,17,30,6,6,13,9,10,13,14,17,28,14,19,19,20,28,11,12,19,23,28,6,9,23,12,12,12,14,15,17,18,18,18,18,23,23,23,8,17,28,17,19,19,6,8,10,20,22,22,23,23,9,15,18,19,42,20
060770034031,12,25,29,26,27,31,36,40,26,26,41,14,14,14,15,25,16,25,45,13,15,20,18,26,26,27,40,13,25,25,25,25,27,28,28,29,29,12,21,25,16,17,27,27,28,12,12,12,28,28,28,25,37,47,22,25,41,33,34,36,13,15,23,28,28,21,21,25,10,11,15,22,24,25,25,36,24,32,32,13,34,34,27,30,31,19,39,39,40,40,13,18,19,24,32,19,30,30,13,14,28,14,14,14,17,18,18,18,18,19,20,7,23,28,20,21,27,31,31,35,16,17,17,18,18,18,19,26,31,36,40
060770034032,7,17,18,26,29,30,31,34,30,30,36,17,17,17,17,18,10,22,39,11,12,16,17,29,29,30,34,8,17,17,17,18,25,25,25,26,31,8,13,17,12,12,30,30,31,8,8,8,22,23,23,28,31,41,16,16,35,28,30,31,8,10,20,20,21,15,16,28,6,7,20,21,21,28,28,31,19,24,27,8,28,28,23,24,25,15,15,34,34,35,13,18,19,21,27,13,24,25,8,9,20,9,9,9,13,13,14,14,14,15,16,3,15,20,15,16,30,23,29,30,11,13,13,14,14,16,18,24,28,29,34
060770034033,6,18,22,24,29,29,30,33,30,30,35,15,16,16,16,18,9,22,38,11,13,16,16,29,30,31,33,6,7,19,19,19,13,24,24,26,30,7,14,18,6,12,31,31,31,7,7,7,21,21,22,28,30,40,15,29,34,27,29,31,7,8,20,21,21,14,15,29,6,6,19,20,21,28,28,29,18,25,25,8,27,27,18,24,27,14,32,33,33,34,12,17,17,22,26,21,23,23,7,7,21,9,9,12,12,13,13,13,13,14,15,3,16,21,14,15,30,24,27,28,11,12,13,13,14,15,16,25,29,29,33
060770034041,9,22,22,11,28,33,36,37,37,37,39,21,22,23,23,23,25,31,41,13,13,16,9,33,36,37,37,7,22,22,22,24,11,17,25,30,30,13,17,22,8,10,21,37,38,13,13,13,24,25,25,33,35,43,13,13,37,30,32,37,8,10,24,24,26,11,13,35,10,11,22,26,27,13,35,35,16,29,34,14,30,31,21,28,30,11,29,36,36,37,11,22,25,34,36,24,26,27,8,24,27,15,15,18,19,19,19,19,20,21,22,9,19,24,12,12,37,17,28,30,17,18,18,19,19,9,10,28,32,36,36
060770034042,10,20,21,26,31,31,35,36,36,36,37,20,21,21,21,21,24,30,40,12,12,15,9,32,35,36,36,7,20,21,21,22,9,15,24,29,29,11,16,20,7,20,36,37,37,11,11,11,23,23,24,32,34,42,10,11,11,29,31,36,7,9,23,23,25,10,10,34,9,20,24,25,26,12,34,34,13,27,33,12,29,29,20,27,29,9,30,34,35,35,5,11,22,31,35,23,25,25,8,23,26,13,14,17,18,18,18,18,18,20,20,8,18,23,9,10,36,16,26,29,17,17,17,18,18,10,11,27,31,35,35
060770034043,6,19,20,25,30,33,34,34,33,33,36,19,19,20,20,20,23,29,39,11,11,13,11,33,33,34,34,7,7,19,19,19,14,23,27,28,30,10,15,19,9,18,34,34,35,10,10,10,22,22,22,31,32,41,12,12,35,27,30,35,7,9,22,22,24,11,12,32,9,9,22,23,24,13,32,32,14,26,31,11,28,28,19,27,31,12,33,33,34,35,6,12,19,26,30,22,24,24,7,22,25,12,12,12,15,16,17,17,17,18,19,6,17,21,11,11,34,15,25,29,14,16,16,17,17,11,12,25,30,33,34
060770034044,5,18,19,24,29,33,33,34,33,33,35,18,18,18,19,19,21,27,38,9,12,14,15,33,33,33,34,5,6,18,18,18,13,22,26,26,29,9,14,18,7,18,34,34,35,9,9,9,21,21,21,30,32,39,14,15,33,26,29,34,6,8,20,21,23,14,14,32,7,8,21,22,23,14,32,32,17,25,30,10,26,27,17,26,29,14,28,32,32,33,16,19,21,22,25,21,22,23,6,21,23,11,11,14,14,15,15,16,16,17,18,6,16,20,13,14,34,13,23,28,13,15,15,16,16,14,15,24,29,33,33
060770034051,3,18,18,24,29,32,34,35,35,35,35,17,18,18,18,19,21,27,37,9,12,13,14,33,34,35,36,4,5,18,18,18,13,21,26,26,29,9,13,18,4,9,17,34,36,9,9,9,20,21,21,29,33,39,9,9,33,26,28,33,4,6,20,20,22,8,9,34,6,7,21,22,23,10,33,33,12,25,30,10,26,26,17,26,29,9,27,32,32,33,7,14,22,25,30,20,22,22,5,20,23,11,14,14,15,15,15,15,15,17,17,8,15,20,9,28,35,13,23,28,13,14,15,15,15,9,14,24,28,34,32
060770034052,7,17,18,4,24,29,33,36,34,36,36,17,18,18,18,19,25,26,38,10,10,13,15,22,34,36,36,5,17,17,17,19,6,13,22,24,27,9,13,17,5,6,7,17,37,9,9,9,21,21,22,30,34,40,6,7,7,27,29,33,5,6,19,20,23,6,7,34,8,17,22,23,24,23,34,34,10,25,31,10,27,27,18,25,27,5,22,32,33,33,9,12,27,27,35,20,23,23,6,20,24,12,12,15,16,16,16,16,16,17,18,13,15,18,4,6,27,14,23,23,15,15,15,16,16,7,12,15,28,35,33
060770034053,2,15,16,21,26,26,30,33,33,33,33,15,16,16,16,16,19,25,35,7,10,11,16,23,30,33,34,3,3,15,16,16,10,19,24,24,27,6,11,15,2,7,8,15,34,6,6,6,18,19,19,27,31,37,9,9,31,24,26,31,2,4,18,18,20,8,8,32,5,6,19,20,21,20,31,31,11,22,28,8,24,24,15,24,27,25,27,30,30,30,7,11,13,23,23,18,20,20,3,18,21,9,12,12,13,13,13,13,13,15,15,9,13,18,6,7,26,20,22,24,11,12,13,13,13,8,9,16,26,32,30
060770034061,5,8,15,23,28,30,31,32,31,32,33,13,14,14,15,15,9,20,37,5,8,9,18,30,31,32,32,4,5,15,15,15,22,22,22,24,28,5,10,15,10,10,32,32,32,5,5,5,20,20,20,29,30,38,14,14,32,25,27,29,5,7,17,18,18,13,13,30,4,13,17,18,18,28,29,29,16,22,24,6,25,26,4,22,26,12,13,31,31,32,13,16,18,24,24,11,21,22,5,6,17,7,7,7,11,11,11,11,12,12,13,3,12,17,12,13,31,21,26,27,9,10,11,11,12,13,18,21,25,30,32
060770034062,2,15,19,21,26,30,30,31,30,30,32,13,14,14,14,15,6,19,35,9,10,13,17,30,30,30,31,4,16,16,16,16,21,22,22,23,27,4,11,15,3,14,31,31,32,4,4,4,18,19,19,27,29,37,12,29,31,24,26,28,4,5,18,18,18,11,12,29,3,3,16,17,18,27,29,29,15,22,22,5,24,24,15,21,24,11,25,29,30,30,12,17,22,23,26,18,20,20,4,4,18,6,6,9,10,10,10,11,11,12,12,3,13,18,11,12,31,11,20,26,8,10,10,11,11,12,17,22,26,30,30
060770034071,3,4,11,18,23,27,28,31,28,29,31,10,11,14,14,15,20,20,32,8,10,14,20,28,28,31,32,3,5,11,11,12,20,21,22,22,24,1,7,11,3,4,11,12,32,1,1,1,15,16,16,24,30,34,12,12,28,21,23,27,2,3,14,14,19,11,12,30,2,3,17,18,19,7,29,30,15,18,20,6,21,21,5,12,22,22,23,27,27,28,17,20,24,25,26,6,17,17,3,3,14,7,7,7,10,11,11,11,11,11,12,6,9,14,9,12,22,8,18,24,9,11,11,12,12,6,12,20,22,31,27
060770034072,6,9,10,21,22,23,38,39,20,20,22,11,12,22,22,22,22,27,28,10,15,17,15,16,17,20,22,7,7,7,8,10,14,14,19,21,21,8,9,12,1,10,13,15,15,9,9,9,8,9,9,6,28,37,13,21,21,9,15,28,8,8,11,12,26,14,21,38,12,20,25,26,26,5,17,24,13,13,31,11,15,16,5,10,30,14,15,15,21,22,6,7,20,29,44,10,11,23,8,9,12,12,13,14,15,15,15,15,18,19,19,6,13,15,13,14,19,11,14,23,17,18,19,19,20,1,5,15,19,38,22
060770034091,8,14,15,15,18,25,38,39,24,26,26,14,15,15,16,22,14,22,30,13,13,18,16,21,24,25,26,8,9,14,14,14,5,23,24,24,30,9,10,15,7,9,10,10,14,9,9,9,13,13,13,9,32,38,17,20,26,13,18,30,6,9,17,17,27,9,26,38,9,15,22,25,26,2,21,25,8,17,17,14,19,19,10,28,30,4,9,9,25,28,7,8,15,15,45,15,17,20,8,17,27,15,15,15,15,15,17,18,19,19,19,12,16,17,7,9,23,15,15,26,17,19,19,20,20,1,7,10,23,39,25
060770034092,13,13,27,4,20,23,23,42,20,24,27,17,18,18,18,25,16,25,26,15,20,22,3,11,18,20,22,13,13,13,13,13,10,11,23,30,30,12,13,17,6,13,13,15,23,12,12,12,12,12,31,5,5,26,17,24,24,20,30,32,10,11,21,21,21,14,14,16,12,14,15,28,28,4,21,27,6,17,34,13,14,16,17,31,32,13,16,23,24,31,6,7,13,13,26,13,15,22,11,11,21,17,18,18,19,20,20,21,22,22,22,12,16,19,14,16,17,5,13,14,20,21,21,22,22,4,15,23,26,41,21
060770034093,8,9,11,17,21,21,38,39,21,21,23,14,14,15,21,21,14,26,27,12,17,19,10,17,21,21,22,8,8,8,10,11,13,13,20,23,23,8,9,14,3,11,11,13,14,8,8,8,9,10,10,6,28,37,14,17,22,12,15,17,7,8,12,16,26,13,22,37,8,11,21,24,25,3,18,24,14,14,31,13,15,15,6,12,29,1,8,12,13,22,7,8,15,19,44,2,12,19,8,8,13,13,14,14,16,16,17,17,18,18,19,7,11,15,12,12,20,12,12,25,16,18,18,19,19,3,3,13,20,38,22
060770034101,6,11,12,17,20,26,35,36,25,27,36,10,11,12,12,19,10,20,31,9,14,16,22,26,35,36,36,5,7,11,11,11,11,11,20,21,22,6,7,11,4,10,12,13,37,6,6,6,14,14,14,23,32,34,11,18,26,19,22,27,3,5,14,14,23,11,12,34,6,8,19,22,23,15,34,34,18,18,18,10,19,20,10,23,27,11,21,22,25,26,11,17,18,22,41,14,15,16,5,5,14,11,12,12,12,13,14,15,16,16,16,8,13,13,9,11,21,16,17,24,14,15,15,16,16,4,12,20,22,35,26
060770034102,5,13,14,18,19,24,34,35,27,29,35,13,14,14,18,18,22,24,33,9,11,13,20,27,29,35,36,4,5,13,13,14,8,22,23,24,24,6,9,13,6,9,10,15,36,6,6,6,16,16,16,12,25,34,20,29,29,21,24,29,3,4,16,16,22,10,28,34,6,8,21,21,22,7,17,34,13,20,20,10,21,22,12,24,26,7,8,9,10,28,5,15,25,27,41,16,17,18,4,16,23,11,13,14,14,14,15,15,15,15,16,11,12,15,7,9,24,9,18,20,13,14,15,16,16,6,10,18,24,34,28
060770034103,14,15,15,15,19,20,36,37,28,30,36,14,15,15,15,20,23,25,34,11,11,13,18,28,29,30,37,5,6,14,15,15,7,9,24,26,28,7,10,14,6,7,8,17,38,7,7,7,17,17,18,13,26,35,22,24,30,23,25,30,4,5,17,17,24,8,30,35,9,14,22,22,23,6,19,35,10,21,21,11,23,23,14,25,27,5,7,7,26,29,2,13,20,34,35,19,19,20,5,17,25,12,12,15,15,16,17,17,17,17,17,12,14,17,5,6,25,10,20,21,16,16,16,17,17,7,8,15,25,36,29
060770035003,11,23,25,10,22,24,31,39,30,31,36,22,23,24,24,24,22,23,36,17,18,23,4,9,13,31,34,10,10,22,22,23,13,15,15,32,33,14,18,23,1,5,15,15,30,14,14,14,14,15,22,16,16,38,25,29,35,25,31,38,10,11,23,25,27,3,34,39,12,12,21,27,28,11,26,32,14,27,33,15,25,65,10,11,34,4,9,29,34,35,9,10,20,34,41,23,25,27,10,10,28,16,16,16,19,20,20,20,21,22,22,17,25,25,5,25,34,22,23,23,19,19,20,20,20,5,11,13,34,40,32
060770036012,25,28,32,20,20,22,24,38,24,32,32,33,33,33,40,40,25,38,40,36,37,38,21,25,26,44,56,26,26,26,26,29,32,33,37,38,41,29,29,29,22,26,26,32,36,27,27,41,23,45,46,18,29,56,26,26,27,21,25,34,26,28,29,29,30,2,21,45,27,31,33,34,42,43,43,57,27,32,34,25,32,34,20,32,40,9,25,26,27,28,21,24,29,41,47,11,22,31,27,27,27,33,33,33,33,34,35,35,36,37,37,31,32,35,24,24,30,22,26,26,36,36,36,37,37,20,21,24,30,36,25
060770037003,26,35,38,27,30,33,38,41,29,38,38,32,33,34,35,37,48,49,50,23,31,32,34,37,38,39,43,20,31,34,38,40,20,36,37,37,37,37,38,38,20,35,38,57,60,36,36,37,22,35,38,33,36,37,34,36,36,34,34,39,29,34,36,37,38,30,32,37,21,24,29,34,36,20,33,40,28,39,40,29,30,32,26,34,37,32,36,39,41,41,32,36,38,38,40,34,36,37,20,20,35,22,32,32,32,34,35,36,37,39,40,23,23,35,36,36,39,36,40,42,24,28,30,30,32,19,25,27,34,37,36
060770038011,22,24,39,25,27,38,40,51,29,30,34,24,27,28,34,37,23,38,41,35,35,36,8,24,34,36,40,18,20,36,37,38,22,24,29,36,37,24,26,32,34,38,41,55,57,20,34,34,31,33,35,22,27,36,25,25,34,22,24,42,22,22,26,37,37,23,27,31,19,25,26,33,37,39,39,40,30,31,37,36,36,45,39,39,43,10,20,40,41,42,30,31,32,34,36,37,49,72,33,35,37,24,24,25,25,25,26,29,29,34,38,21,37,40,31,37,40,29,29,45,27,27,27,29,34,22,32,33,37,39,28
060770038012,18,18,19,21,23,27,34,40,25,29,36,20,23,24,30,32,18,34,37,31,31,31,14,20,25,32,35,14,26,33,33,34,18,19,25,32,33,20,22,28,30,34,37,55,58,16,30,30,27,29,30,18,23,32,20,21,34,18,20,32,17,18,22,32,33,19,27,33,15,20,21,33,34,35,36,39,26,29,31,31,32,34,26,30,35,6,6,16,36,37,21,23,27,30,31,33,43,45,17,28,31,20,20,20,20,21,22,24,25,30,32,30,32,33,27,33,36,25,25,41,23,23,23,24,30,18,28,29,33,35,24
060770038013,19,20,35,22,24,35,37,48,26,30,30,21,24,25,31,33,19,35,38,32,32,32,15,26,31,33,37,15,27,33,34,35,19,20,26,33,34,21,23,29,31,35,38,56,59,17,31,31,28,30,31,19,24,33,21,22,31,19,21,39,19,19,23,33,34,20,28,35,16,22,22,30,34,36,36,37,24,32,34,32,33,42,36,36,39,7,17,37,37,39,27,28,28,31,32,34,44,46,29,32,34,21,21,21,21,21,22,23,25,26,31,18,33,34,28,34,37,26,26,42,24,24,24,25,31,19,29,30,34,36,25
060770038021,15,16,17,17,18,20,24,31,22,26,26,17,20,20,27,30,15,31,34,16,25,28,22,24,28,29,34,13,23,29,30,31,15,15,22,29,30,17,19,25,27,31,34,56,58,15,17,27,26,28,29,15,20,29,18,18,20,15,17,31,15,15,21,30,30,16,24,25,12,17,17,18,19,31,32,36,14,26,30,29,31,32,14,17,28,3,3,13,33,33,8,20,23,24,25,30,36,40,25,26,30,12,12,17,17,17,18,18,19,27,28,13,23,30,24,27,33,22,22,38,20,20,23,25,26,15,25,26,29,30,21
060770038022,17,17,18,19,20,22,26,32,24,27,35,21,21,23,29,31,17,32,35,26,26,29,12,19,26,30,33,13,15,30,31,33,17,24,24,30,32,19,20,27,29,32,36,53,57,17,18,29,26,28,30,17,21,30,19,20,22,17,19,33,16,17,23,31,32,17,26,26,13,18,19,19,20,33,33,37,24,27,32,30,32,32,16,29,33,4,4,15,34,36,9,12,21,26,30,32,42,44,27,29,32,18,19,19,19,20,20,24,29,29,31,25,28,32,25,29,35,24,24,40,21,23,23,23,26,17,26,27,30,31,23
060770038023,19,31,34,19,21,22,26,33,26,28,29,20,22,22,30,32,18,33,36,18,29,30,15,27,29,31,36,13,16,32,32,34,17,18,25,31,32,19,21,28,29,33,36,58,61,17,19,30,27,29,31,17,22,31,20,20,22,18,20,33,17,18,22,23,33,18,27,27,14,19,20,20,21,34,34,38,26,28,28,31,31,35,19,25,34,4,5,35,35,36,22,23,27,29,31,33,38,43,28,28,32,14,14,19,20,20,20,20,21,29,30,17,22,26,26,29,29,24,25,41,22,25,26,26,28,18,25,28,31,32,23
060770038031,18,24,27,15,21,22,33,33,21,27,28,19,20,22,22,30,27,32,35,18,27,29,23,24,26,26,26,31,31,32,33,33,21,24,25,31,33,19,21,27,28,31,33,57,60,18,19,29,26,28,33,17,22,30,14,22,28,19,22,32,17,18,21,23,32,22,26,30,14,20,22,22,23,33,33,36,25,26,36,27,29,33,23,24,34,15,17,34,35,38,17,24,25,27,31,31,36,42,28,28,33,14,14,19,20,21,21,22,22,25,27,19,28,28,26,33,34,26,35,39,22,23,24,25,25,17,23,25,31,33,23
060770038033,19,29,29,28,29,31,31,37,17,28,36,25,26,29,30,31,36,41,44,23,25,26,30,32,35,35,35,28,29,31,32,33,26,28,29,33,34,28,30,31,29,30,37,57,60,27,28,28,29,31,36,26,31,31,23,29,31,28,30,30,26,27,30,30,32,19,27,28,19,23,27,29,30,35,42,42,34,34,37,29,31,36,26,30,32,26,33,33,34,37,26,27,29,31,36,30,35,42,30,35,35,25,25,25,25,25,26,27,28,28,30,23,28,30,29,33,35,34,35,38,21,25,25,29,31,19,20,26,28,34,32
060770040021,34,34,36,5,43,46,49,51,4,46,46,19,19,19,30,32,38,38,50,25,29,30,3,5,5,44,46,33,34,36,36,36,36,38,39,40,42,31,33,35,5,5,6,32,34,33,33,33,38,38,38,4,52,52,41,42,42,39,40,40,32,32,33,33,35,4,41,42,24,30,32,32,32,5,5,42,14,35,36,29,41,42,34,35,36,40,41,43,44,44,4,7,14,46,47,37,37,39,32,33,34,24,25,28,28,29,29,29,29,30,30,17,32,38,5,36,39,36,37,41,23,23,24,24,25,4,35,41,42,43,59
