spatial_id,transit.atm.1,transit.atm.2,transit.atm.3,transit.bakery.1,transit.bakery.2,transit.bakery.3,transit.bakery.4,transit.bakery.5,transit.bank.1,transit.bank.2,transit.bank.3,transit.beauty_salon.1,transit.beauty_salon.2,transit.beauty_salon.3,transit.beauty_salon.4,transit.beauty_salon.5,transit.book_store.1,transit.book_store.2,transit.book_store.3,transit.bus_station.1,transit.bus_station.2,transit.bus_station.3,transit.cafe.1,transit.cafe.2,transit.cafe.3,transit.cafe.4,transit.cafe.5,transit.clothing_store.1,transit.clothing_store.2,transit.clothing_store.3,transit.clothing_store.4,transit.clothing_store.5,transit.convenience_store.1,transit.convenience_store.2,transit.convenience_store.3,transit.convenience_store.4,transit.convenience_store.5,transit.dentist.1,transit.dentist.2,transit.dentist.3,transit.department_store.1,transit.department_store.2,transit.department_store.3,transit.department_store.4,transit.department_store.5,transit.doctor.1,transit.doctor.2,transit.doctor.3,transit.electronics_store.1,transit.electronics_store.2,transit.electronics_store.3,transit.florist.1,transit.florist.2,transit.florist.3,transit.furniture_store.1,transit.furniture_store.2,transit.furniture_store.3,transit.gym.1,transit.gym.2,transit.gym.3,transit.hair_care.1,transit.hair_care.2,transit.hair_care.3,transit.hair_care.4,transit.hair_care.5,transit.hardware_store.1,transit.hardware_store.2,transit.hardware_store.3,transit.home_goods_store.1,transit.home_goods_store.2,transit.home_goods_store.3,transit.home_goods_store.4,transit.home_goods_store.5,transit.hospital.1,transit.hospital.2,transit.hospital.3,transit.laundry.1,transit.laundry.2,transit.laundry.3,transit.library.1,transit.library.2,transit.library.3,transit.liquor_store.1,transit.liquor_store.2,transit.liquor_store.3,transit.meal_takeaway.1,transit.meal_takeaway.2,transit.meal_takeaway.3,transit.meal_takeaway.4,transit.meal_takeaway.5,transit.park.1,transit.park.2,transit.park.3,transit.park.4,transit.park.5,transit.pet_store.1,transit.pet_store.2,transit.pet_store.3,transit.pharmacy.1,transit.pharmacy.2,transit.pharmacy.3,transit.restaurant.1,transit.restaurant.2,transit.restaurant.3,transit.restaurant.4,transit.restaurant.5,transit.restaurant.6,transit.restaurant.7,transit.restaurant.8,transit.restaurant.9,transit.restaurant.10,transit.school.1,transit.school.2,transit.school.3,transit.shoe_store.1,transit.shoe_store.2,transit.shoe_store.3,transit.shopping_mall.1,transit.shopping_mall.2,transit.shopping_mall.3,transit.store.1,transit.store.2,transit.store.3,transit.store.4,transit.store.5,transit.supermarket.1,transit.supermarket.2,transit.supermarket.3,transit.supermarket.4,transit.supermarket.5,transit.train_station.1
060770001001,10,12,12,10,11,16,27,29,11,13,14,4,5,12,16,22,23,39,40,6,6,11,10,12,21,29,45,14,14,16,17,21,10,14,17,26,NA,19,19,19,3,11,33,52,NA,1,1,9,11,18,NA,20,20,30,12,12,NA,14,17,23,15,15,15,21,31,7,17,35,5,9,14,16,23,22,22,31,11,17,20,14,16,20,14,15,17,7,8,9,12,14,12,15,15,26,NA,4,18,NA,14,18,18,11,13,14,14,15,15,15,15,16,28,9,13,22,11,22,NA,11,12,NA,18,18,22,22,23,16,19,22,NA,NA,4
060770001002,3,13,19,9,12,23,28,29,2,13,36,6,13,15,15,18,19,37,41,9,12,28,6,13,22,31,46,8,9,11,24,32,11,19,24,NA,NA,11,18,18,9,12,33,38,38,8,8,8,16,16,25,13,17,18,4,15,38,11,15,16,11,16,18,21,31,12,14,25,13,13,15,29,29,28,29,29,10,15,18,6,7,26,16,23,30,13,13,15,25,30,4,15,25,30,38,10,21,NA,11,11,17,9,10,11,11,12,14,14,15,20,42,4,6,13,7,9,25,5,6,12,29,29,29,30,32,15,16,18,19,22,12
060770001003,16,23,29,15,17,26,33,36,15,19,22,16,18,18,18,26,28,32,41,10,27,31,14,14,20,24,31,17,22,26,NA,NA,14,14,18,24,28,19,NA,NA,11,15,43,48,NA,12,12,12,10,17,20,11,19,21,8,NA,NA,38,NA,NA,11,11,16,21,NA,3,26,34,6,10,14,23,26,12,23,29,4,28,29,14,22,31,15,17,19,15,18,19,19,28,10,18,19,21,23,12,32,NA,6,19,74,8,8,12,13,14,16,16,16,17,37,15,16,17,11,26,NA,14,19,20,15,15,17,19,28,17,29,33,43,NA,11
060770001004,6,18,32,7,11,30,30,33,11,18,42,16,27,27,31,31,11,25,26,5,7,16,3,4,8,14,71582785,5,15,18,24,71582785,10,11,11,29,43,10,26,26,11,17,29,39,44,12,12,12,7,9,23,11,11,19,11,26,37,8,21,40,7,9,11,12,19,10,33,34,10,15,17,25,36,15,25,30,6,24,30,18,20,27,7,10,24,5,15,17,19,21,8,17,18,30,71582784,15,17,27,10,11,68,7,7,7,8,9,10,20,22,40,57,9,9,10,13,23,33,6,10,22,17,18,25,30,35,22,23,24,29,31,5
060770003001,30,30,30,16,21,29,30,53,16,38,40,7,10,26,33,34,1,43,NA,36,36,52,11,19,30,40,58,16,19,28,NA,NA,11,17,17,30,30,12,16,16,18,29,32,47,NA,18,18,18,17,33,34,18,23,24,0,13,17,12,18,48,3,31,33,NA,NA,25,42,NA,21,22,25,NA,NA,10,44,NA,51,83,NA,16,21,28,26,37,52,16,17,23,23,66,8,24,35,35,NA,32,32,37,18,18,23,7,7,11,18,18,19,22,23,45,49,17,20,21,21,42,57,23,24,37,31,32,39,44,47,24,33,40,40,41,30
060770003002,11,15,24,12,12,20,34,36,20,25,29,9,25,26,29,30,25,25,35,15,18,42,14,16,34,41,NA,12,13,25,28,28,8,12,22,22,23,5,21,23,24,26,41,47,NA,28,28,28,12,14,41,25,26,27,17,28,32,6,11,32,13,14,16,16,28,15,33,35,21,23,25,26,29,20,22,36,15,26,50,15,15,33,28,31,32,10,16,19,31,32,19,28,32,37,43,20,28,42,17,24,28,12,18,19,19,20,20,20,26,27,53,8,9,13,10,34,34,5,5,33,31,33,39,39,41,25,28,29,32,35,18
060770004011,12,34,35,17,31,32,32,58,30,32,36,13,18,35,36,38,14,42,65,29,33,37,29,31,53,71,NA,32,35,36,37,38,11,24,24,35,50,12,16,16,19,34,36,NA,NA,19,19,19,10,57,108,20,31,NA,17,19,65,16,46,48,9,32,42,43,54,32,43,48,26,28,29,29,44,42,NA,NA,21,81,NA,19,25,NA,9,34,NA,10,22,43,NA,NA,19,32,48,NA,NA,33,41,NA,8,11,11,27,33,33,44,47,49,52,54,57,86,32,44,58,26,40,47,26,37,40,38,38,45,46,51,31,37,45,45,46,23
060770004012,26,42,47,16,31,39,42,53,11,34,37,5,33,34,35,37,9,47,NA,35,42,58,17,21,22,38,42,15,19,20,22,34,23,34,36,37,39,15,17,17,17,34,34,NA,NA,18,18,18,44,64,65,25,26,43,7,47,NA,11,21,62,19,39,42,53,NA,35,46,NA,25,28,28,38,NA,51,NA,NA,17,18,23,24,NA,NA,19,NA,NA,21,NA,NA,NA,NA,11,21,33,39,NA,36,38,41,17,17,26,12,14,18,21,22,23,25,27,49,49,17,20,32,36,37,44,26,40,43,34,36,40,41,47,11,26,33,42,75,22
060770004013,16,39,52,32,35,41,42,52,17,25,34,31,32,38,38,41,14,51,54,28,33,52,15,17,38,38,41,21,30,32,36,41,17,20,27,28,48,19,19,24,21,33,35,NA,NA,22,22,22,45,58,99,27,37,NA,18,20,70,20,37,56,15,16,23,43,46,66,NA,NA,54,NA,NA,NA,NA,NA,NA,NA,19,25,NA,NA,NA,NA,47,NA,NA,23,36,37,40,72,43,44,46,NA,NA,48,NA,NA,18,32,38,24,26,30,49,50,50,55,60,60,61,20,39,72,35,37,54,28,40,49,55,61,61,62,68,12,37,37,43,52,35
060770004014,38,42,45,16,31,38,45,53,23,28,32,20,26,33,35,42,9,49,71,28,28,47,15,20,38,66,75,20,22,23,36,39,12,26,34,36,40,18,21,22,20,32,41,NA,NA,20,20,20,44,72,NA,18,33,NA,6,42,NA,9,24,24,13,41,55,NA,NA,NA,NA,NA,NA,NA,NA,NA,NA,7,NA,NA,NA,NA,NA,NA,NA,NA,33,41,NA,30,33,NA,NA,NA,19,19,33,36,41,43,NA,NA,24,24,28,28,34,35,38,46,48,50,54,58,58,18,21,27,35,36,51,27,38,41,53,53,60,61,66,31,36,47,49,64,40
060770004021,23,26,46,8,16,22,25,34,11,12,36,7,22,22,25,39,21,26,49,35,36,48,18,31,38,46,60,14,24,36,45,46,20,23,32,36,37,16,16,16,17,44,44,NA,NA,17,17,21,18,19,22,13,39,42,22,41,42,19,22,32,13,19,42,NA,NA,NA,NA,NA,31,37,NA,NA,NA,45,NA,NA,12,28,NA,12,NA,NA,40,NA,NA,14,23,27,28,61,2,29,45,51,NA,18,28,NA,14,14,14,24,25,25,26,28,29,34,37,53,75,17,22,NA,18,25,NA,22,22,NA,28,28,28,43,NA,22,34,34,49,63,21
060770004022,16,16,19,16,20,22,23,37,6,14,42,5,17,18,19,22,18,40,NA,16,18,34,14,32,34,35,52,13,18,21,28,38,6,21,21,32,34,14,14,14,13,19,28,47,NA,13,14,15,23,46,84,19,35,NA,12,NA,NA,14,24,NA,10,17,NA,NA,NA,26,NA,NA,11,16,16,23,34,22,32,49,9,24,31,7,7,NA,7,23,28,12,19,27,27,32,6,7,43,NA,NA,17,27,NA,11,11,11,13,18,18,20,20,20,21,21,21,48,11,14,18,14,15,31,13,14,22,35,35,35,37,43,21,24,27,31,31,18
060770004023,8,24,30,11,18,23,35,50,7,10,27,10,14,22,22,25,14,45,NA,24,38,47,10,15,17,37,61,8,11,24,26,56,22,27,29,32,32,10,14,14,10,17,27,54,NA,9,11,11,5,51,52,19,52,NA,13,40,NA,10,16,NA,9,41,NA,NA,NA,26,29,60,13,15,17,17,25,23,40,45,18,19,32,11,17,24,4,11,40,11,20,26,29,NA,12,15,17,48,NA,24,29,NA,10,10,10,10,13,14,20,20,20,21,24,47,51,10,16,NA,13,27,37,19,19,28,27,27,27,40,42,20,31,33,35,68,17
060770004024,26,28,29,17,22,23,40,41,27,30,44,19,26,28,31,39,8,18,37,35,39,53,12,13,23,24,NA,4,6,25,26,26,4,5,28,28,34,8,8,8,14,21,24,52,NA,20,20,21,4,27,28,20,26,31,15,15,46,11,40,NA,5,9,25,32,48,28,38,40,19,22,24,37,38,24,37,51,7,8,49,14,21,60,4,45,NA,5,12,38,39,67,4,14,18,33,NA,28,30,36,4,4,9,22,37,39,40,41,42,43,44,56,78,16,22,38,25,35,42,26,39,41,33,33,39,39,46,16,23,33,39,59,22
060770005001,7,32,36,6,28,31,40,41,20,23,39,6,9,12,21,35,24,29,52,26,32,36,24,29,33,NA,NA,25,25,27,45,55,5,24,27,41,48,24,24,24,14,15,37,NA,NA,18,18,18,25,29,40,27,34,51,9,22,37,30,33,46,21,27,32,34,NA,10,48,NA,13,14,15,20,20,18,45,63,26,37,NA,24,26,NA,25,28,32,11,12,23,24,55,15,20,25,39,49,12,19,27,25,25,25,16,17,37,37,37,41,41,55,55,55,10,16,20,12,17,28,11,19,27,34,35,NA,NA,NA,6,32,43,44,55,19
060770005002,5,7,21,6,9,18,32,33,6,19,19,6,7,10,19,21,24,28,40,11,14,23,5,7,36,42,50,8,23,26,30,NA,6,23,23,27,30,22,22,22,4,6,NA,NA,NA,4,4,5,18,70,NA,24,32,35,10,15,16,6,11,NA,25,30,NA,NA,NA,5,30,NA,8,8,10,13,22,16,40,NA,10,14,21,15,21,25,15,23,34,6,10,29,30,37,12,15,17,18,NA,1,13,NA,20,26,26,14,16,18,20,21,22,25,27,30,31,6,13,33,8,15,16,11,18,19,16,17,20,20,20,9,23,26,40,NA,8
060770006001,12,21,24,16,18,27,28,28,14,19,31,6,16,18,22,23,26,27,46,11,13,21,15,15,16,23,27,13,15,28,30,46,22,29,36,39,NA,26,26,NA,8,13,NA,NA,NA,11,11,NA,14,14,17,14,31,NA,6,13,14,9,15,27,9,9,16,27,NA,20,22,30,3,6,7,8,14,14,23,29,9,15,27,12,17,24,8,19,20,15,24,26,28,33,8,12,24,26,28,8,20,NA,9,29,34,16,17,18,19,21,24,27,27,29,30,16,17,20,9,12,NA,15,16,NA,16,17,21,21,21,6,9,30,37,56,10
060770006002,12,20,25,18,19,22,24,29,8,12,19,15,15,15,18,20,34,43,NA,10,10,11,21,21,NA,NA,NA,17,20,NA,NA,NA,14,15,16,16,21,18,18,19,15,18,38,43,NA,16,16,22,17,18,22,18,18,21,6,17,32,12,16,19,15,17,18,21,26,8,24,29,6,6,17,18,21,16,19,27,11,22,27,17,25,29,6,9,22,18,20,23,24,33,16,17,21,21,23,12,31,NA,10,18,26,16,16,17,17,18,18,19,20,21,27,29,34,47,17,21,24,NA,NA,NA,6,17,17,18,28,22,25,34,38,NA,20
060770007001,17,23,24,6,11,11,29,42,14,15,30,6,6,6,6,24,3,7,36,2,2,32,9,11,12,20,NA,8,11,15,18,21,5,5,5,7,11,7,7,11,16,20,49,54,NA,17,18,27,7,18,29,5,6,21,5,5,5,14,17,19,5,8,10,19,25,12,19,28,5,8,17,23,27,4,19,29,10,16,19,12,27,28,11,16,22,6,9,11,19,29,11,18,22,25,27,21,30,32,6,16,45,5,5,5,5,11,13,14,17,25,26,32,39,48,17,32,50,20,24,25,5,5,7,21,39,22,27,30,34,44,11
060770007002,17,27,28,4,6,10,16,41,8,36,71582778,6,6,8,9,16,1,30,71582785,8,8,13,4,6,6,27,71582784,8,14,15,17,18,11,12,14,15,31,5,10,10,10,16,27,49,54,9,10,16,6,13,13,4,7,8,7,17,19,9,14,28,6,7,16,16,20,15,17,28,11,15,16,17,31,7,8,10,6,12,22,6,34,NA,9,26,30,5,5,7,10,14,4,10,15,17,29,5,16,71582783,11,12,25,7,7,7,8,13,27,28,34,38,50,6,11,20,21,21,38,13,18,27,9,11,12,26,45,10,17,34,42,51,4
060770007003,16,31,34,10,14,18,28,42,6,15,33,3,5,11,14,14,4,9,25,20,20,49,11,17,26,29,50,15,16,19,22,31,14,17,33,33,36,7,13,18,32,37,41,57,68,7,31,35,8,10,18,14,20,34,6,32,NA,10,12,31,11,16,17,23,34,19,32,42,9,10,15,17,31,18,31,NA,14,34,49,24,33,58,14,21,NA,10,12,12,13,13,4,21,22,23,26,23,37,49,21,34,76,11,12,12,12,12,16,16,28,37,50,21,31,32,29,35,43,17,18,37,18,20,20,28,28,16,18,20,44,51,11
060770007004,23,23,37,17,17,20,32,43,14,22,38,11,17,18,30,36,21,28,29,17,17,49,15,28,30,46,73,21,22,29,43,43,19,19,28,28,42,14,33,33,33,38,45,55,72,11,35,36,10,24,42,20,25,30,12,37,39,14,18,22,13,20,21,33,33,24,26,27,14,21,32,35,NA,35,37,NA,20,21,37,18,18,35,15,40,40,9,17,44,45,NA,28,NA,NA,NA,NA,NA,NA,NA,45,84,NA,14,15,18,18,20,20,21,30,44,55,33,39,42,25,48,50,16,40,43,24,26,26,39,52,36,38,44,47,48,17
060770008011,43,44,72,41,46,71,84,86,87,98,103,33,35,51,78,79,32,63,69,29,29,73,36,74,75,92,94,54,69,72,75,78,42,43,49,100,114,41,41,75,49,63,77,NA,NA,52,52,52,52,53,81,68,73,86,43,53,73,51,52,65,33,33,73,74,74,72,72,79,52,57,58,67,74,66,67,119,53,60,79,46,58,63,59,83,87,51,57,63,63,NA,59,60,67,93,NA,77,79,95,64,69,74,59,NA,NA,NA,NA,NA,NA,NA,NA,NA,41,44,45,NA,NA,NA,33,33,34,NA,NA,NA,NA,NA,61,67,67,73,82,35
060770008012,17,17,24,22,25,26,37,78,23,26,50,24,26,38,41,41,19,38,44,52,52,55,17,26,29,56,67,34,36,64,65,66,14,36,45,52,63,19,24,36,36,48,56,72,84,22,22,49,15,17,37,26,31,32,17,29,44,20,23,NA,25,27,28,32,37,30,35,NA,21,26,27,40,NA,40,65,NA,26,26,62,28,39,45,NA,NA,NA,16,27,NA,NA,NA,38,39,40,50,59,44,52,76,25,38,45,21,23,24,24,24,36,45,55,60,66,34,45,77,27,53,55,34,34,46,44,44,48,51,53,31,38,42,44,NA,31
060770008013,35,45,50,43,50,88,121,138,46,50,74,64,64,68,71,75,16,60,66,46,66,66,30,44,64,101,104,57,65,66,67,76,24,29,55,64,69,37,42,59,47,59,72,NA,NA,37,88,88,34,69,70,41,45,48,48,48,52,38,61,106,39,46,50,59,75,41,69,90,37,48,52,59,74,61,64,116,54,70,78,49,55,60,30,54,98,41,59,60,62,110,37,38,46,61,70,74,87,92,61,71,NA,34,54,58,59,59,60,63,68,70,73,35,55,61,55,73,NA,46,47,NA,49,62,67,84,NA,42,58,70,77,79,48
060770009001,38,44,56,10,26,39,44,61,20,36,38,22,36,38,39,45,11,48,52,27,31,34,15,24,26,40,42,25,28,34,40,53,33,33,34,49,76,20,20,51,25,69,NA,NA,NA,25,25,25,17,32,NA,18,NA,NA,51,55,68,NA,NA,NA,17,25,NA,NA,NA,NA,NA,NA,24,NA,NA,NA,NA,NA,NA,NA,NA,NA,NA,NA,NA,NA,25,46,NA,27,71,NA,NA,NA,27,43,48,NA,NA,NA,NA,NA,35,43,105,34,37,37,43,52,53,53,59,63,63,21,45,48,40,44,45,32,43,45,58,58,64,66,70,34,54,NA,NA,NA,NA
060770009002,26,54,57,26,31,50,66,66,35,35,42,21,23,37,43,44,13,25,76,33,33,52,32,37,39,66,NA,31,58,61,64,NA,17,39,46,48,89,29,33,33,67,82,NA,NA,NA,NA,NA,NA,132,NA,NA,8,NA,NA,NA,NA,NA,NA,NA,NA,33,NA,NA,NA,NA,41,NA,NA,NA,NA,NA,NA,NA,45,65,67,27,32,59,28,39,52,40,47,NA,22,28,28,29,45,9,32,43,52,56,32,60,61,35,43,47,40,45,56,58,66,66,72,72,76,76,46,68,69,48,51,NA,51,56,NA,NA,NA,NA,NA,NA,37,52,NA,NA,NA,NA
060770009003,42,42,51,35,40,43,45,52,29,33,43,19,26,27,28,44,10,50,51,24,34,38,23,35,49,53,NA,25,31,36,37,40,40,40,41,46,NA,23,25,27,59,NA,NA,NA,NA,32,32,68,69,NA,NA,NA,NA,NA,NA,NA,NA,NA,NA,NA,NA,NA,NA,NA,NA,NA,NA,NA,NA,NA,NA,NA,NA,NA,NA,NA,29,NA,NA,26,36,49,41,46,89,25,40,42,61,71,9,38,45,45,NA,41,41,NA,32,43,54,41,51,58,60,60,66,66,70,70,82,55,58,58,29,52,74,39,51,61,NA,NA,NA,NA,NA,26,40,NA,NA,NA,NA
060770009004,49,57,59,36,42,45,64,72,38,42,52,18,20,35,37,44,27,51,53,39,39,47,33,38,50,59,71,26,37,40,43,50,48,48,49,49,86,32,36,36,NA,NA,NA,NA,NA,NA,NA,NA,NA,NA,NA,NA,NA,NA,NA,NA,NA,NA,NA,NA,NA,NA,NA,NA,NA,NA,NA,NA,NA,NA,NA,NA,NA,38,46,70,30,35,41,27,38,50,16,17,37,27,38,42,43,72,10,30,46,50,96,42,42,42,42,70,76,43,50,61,68,69,73,75,75,79,79,65,76,76,34,52,65,39,66,143,NA,NA,NA,NA,NA,36,48,NA,NA,NA,NA
060770009005,50,50,61,45,46,48,68,103,35,35,37,24,29,32,39,55,54,55,76,25,28,28,37,38,60,67,72,46,52,76,77,NA,NA,NA,NA,NA,NA,NA,NA,NA,37,NA,NA,NA,NA,NA,NA,NA,NA,NA,NA,NA,NA,NA,NA,NA,NA,NA,NA,NA,NA,NA,NA,NA,NA,NA,NA,NA,NA,NA,NA,NA,NA,38,48,75,21,23,45,29,29,40,35,40,51,18,27,40,45,91,34,43,54,54,98,40,71,87,70,NA,NA,56,70,70,72,72,74,80,80,100,100,91,99,106,34,38,65,53,66,NA,54,54,NA,NA,NA,55,NA,NA,NA,NA,NA
060770010001,42,49,90,46,50,52,89,103,32,34,NA,56,63,64,64,64,34,84,99,71,NA,NA,13,28,33,33,43,46,49,49,52,64,55,NA,NA,NA,NA,50,50,57,73,110,NA,NA,NA,69,69,NA,41,88,NA,15,NA,NA,73,76,NA,76,NA,NA,46,46,50,71,NA,113,NA,NA,44,52,93,93,97,76,103,NA,49,52,64,41,46,67,63,96,109,43,50,54,94,113,63,68,81,101,123,34,39,88,69,109,109,63,65,65,66,67,78,78,79,79,82,89,122,125,44,71,71,48,70,NA,75,76,76,76,78,46,67,83,90,96,36
060770010002,32,49,54,19,51,69,76,93,21,22,NA,41,52,56,57,57,21,35,72,68,70,73,20,37,61,85,86,37,60,61,82,85,4,4,25,26,65,32,66,76,34,40,80,81,82,61,69,83,58,60,NA,93,93,119,29,59,60,54,73,95,54,55,55,56,67,54,59,70,38,56,58,59,61,24,58,61,52,54,86,20,40,50,58,65,67,34,57,60,77,96,24,40,41,50,93,21,57,86,46,NA,NA,31,32,39,41,52,52,55,56,63,66,44,47,78,24,38,38,66,83,NA,69,73,74,74,74,64,77,82,NA,NA,42
060770010003,90,93,96,48,75,94,98,101,31,32,NA,54,61,61,62,82,32,46,83,69,101,101,30,31,45,94,102,48,53,60,62,96,37,NA,NA,NA,NA,NA,NA,NA,45,47,110,NA,NA,NA,NA,NA,42,NA,NA,28,100,NA,40,45,109,77,77,111,50,56,64,92,106,64,111,NA,55,58,92,93,102,53,91,101,53,93,NA,32,38,65,22,69,94,45,48,53,94,94,44,44,79,100,120,32,37,87,101,106,108,61,62,62,62,64,74,75,75,75,77,73,105,126,22,70,71,26,68,NA,75,75,75,77,77,83,90,92,NA,NA,43
060770010004,57,94,103,41,78,90,97,100,34,35,NA,78,78,78,78,91,35,49,86,90,105,105,29,42,50,52,60,47,51,65,65,73,40,NA,NA,NA,NA,NA,NA,NA,48,50,113,NA,NA,NA,NA,NA,99,NA,NA,NA,NA,NA,48,58,85,51,94,102,67,67,68,94,96,40,67,NA,56,68,69,69,95,74,110,NA,83,95,111,36,41,68,21,112,112,52,56,95,98,109,27,64,64,701,NA,35,40,51,74,108,NA,64,65,65,67,69,70,70,71,71,71,83,132,NA,25,73,74,29,74,NA,79,79,79,79,80,95,NA,NA,NA,NA,47
060770011011,26,41,42,11,37,42,42,79,19,20,23,34,35,37,43,43,47,56,NA,34,43,46,9,14,16,17,37,21,22,26,29,35,36,37,50,61,76,37,44,54,31,34,36,76,78,38,51,51,24,26,32,38,73,NA,58,NA,NA,61,108,NA,22,25,30,54,59,NA,NA,NA,23,28,30,NA,NA,NA,NA,NA,33,57,NA,NA,NA,NA,29,59,NA,56,62,68,NA,NA,73,NA,NA,NA,NA,NA,NA,NA,25,NA,NA,32,32,32,33,35,36,37,37,47,48,34,40,100,14,34,34,63,85,92,42,42,42,44,44,25,39,44,61,85,44
060770011012,37,38,39,25,34,34,57,67,28,30,37,52,56,60,60,67,34,80,92,53,53,67,11,28,28,30,46,42,43,45,46,50,24,88,90,90,93,NA,NA,NA,107,NA,NA,NA,NA,64,64,NA,41,89,NA,31,98,NA,NA,NA,NA,NA,NA,NA,34,35,36,38,66,26,98,NA,48,67,67,67,69,99,NA,NA,NA,NA,NA,34,39,NA,38,NA,NA,NA,NA,NA,NA,NA,60,91,115,117,120,30,35,114,105,105,105,61,61,61,62,62,62,63,74,75,76,129,NA,NA,51,53,NA,41,57,76,52,52,52,52,54,39,91,NA,NA,NA,NA
060770011013,28,30,58,15,34,56,62,114,23,24,43,38,52,53,58,60,55,55,NA,41,52,52,21,31,39,81,90,40,43,43,44,58,20,51,52,74,91,42,42,49,38,41,81,82,83,55,55,NA,28,43,NA,26,NA,NA,63,63,NA,25,NA,NA,29,37,61,NA,NA,NA,NA,NA,28,32,36,38,39,67,NA,NA,34,NA,NA,31,33,NA,10,NA,NA,NA,NA,NA,NA,NA,NA,NA,NA,NA,NA,NA,NA,NA,100,100,NA,55,56,57,58,58,70,70,71,72,73,48,81,112,16,38,38,38,77,NA,43,43,44,46,49,36,57,NA,NA,NA,NA
060770011021,42,42,42,33,41,44,53,99,23,36,42,42,46,48,50,51,27,48,NA,35,42,44,17,20,22,40,50,22,34,36,44,NA,22,24,48,73,73,47,48,68,32,39,76,79,81,25,61,78,53,53,NA,41,NA,NA,NA,NA,NA,NA,NA,NA,NA,NA,NA,NA,NA,NA,NA,NA,NA,NA,NA,NA,NA,NA,NA,NA,NA,NA,NA,NA,NA,NA,17,55,NA,NA,NA,NA,NA,NA,11,33,80,NA,NA,NA,NA,NA,107,NA,NA,28,29,30,33,34,35,38,38,39,50,43,76,94,22,35,36,31,34,87,50,51,51,51,51,33,NA,NA,NA,NA,NA
060770011022,40,43,55,26,32,41,45,53,15,16,21,43,44,46,49,67,25,26,49,43,NA,NA,15,21,22,27,28,31,37,38,44,65,18,42,95,95,NA,19,60,60,34,37,40,81,82,29,50,64,13,49,NA,84,NA,NA,NA,NA,NA,NA,NA,NA,NA,NA,NA,NA,NA,NA,NA,NA,104,NA,NA,NA,NA,NA,NA,NA,29,NA,NA,NA,NA,NA,21,24,48,11,NA,NA,NA,NA,17,82,NA,NA,NA,NA,NA,NA,31,NA,NA,37,39,39,40,47,48,62,66,67,108,47,49,87,34,36,40,47,50,61,51,51,51,61,67,25,56,NA,NA,NA,NA
060770011023,40,48,58,13,35,41,45,58,21,22,33,31,51,59,61,61,42,71,78,55,65,NA,36,76,80,84,86,31,61,64,82,NA,11,24,56,56,74,29,32,33,34,40,78,80,82,NA,NA,NA,35,NA,NA,NA,NA,NA,NA,NA,NA,NA,NA,NA,37,39,NA,NA,NA,63,73,NA,NA,NA,NA,NA,NA,61,NA,NA,10,NA,NA,23,26,NA,14,85,NA,6,NA,NA,NA,NA,31,41,51,68,82,26,57,72,54,55,NA,47,50,50,52,52,59,64,72,75,80,47,48,51,24,36,38,82,93,NA,41,41,41,NA,NA,42,NA,NA,NA,NA,NA
060770011024,53,55,55,31,35,53,55,110,14,20,40,51,52,53,54,57,29,56,NA,43,51,54,18,25,30,46,81,28,35,35,58,74,21,23,23,23,72,46,52,72,31,37,78,79,79,55,60,84,24,NA,NA,86,NA,NA,26,58,NA,NA,NA,NA,NA,NA,NA,NA,NA,NA,NA,NA,NA,NA,NA,NA,NA,59,NA,NA,34,35,42,20,NA,NA,68,NA,NA,80,NA,NA,NA,NA,32,46,NA,NA,NA,23,54,70,43,53,96,36,37,41,43,49,49,52,54,54,65,47,84,93,13,34,35,30,34,86,81,82,82,82,84,40,NA,NA,NA,NA,NA
060770011025,44,60,61,14,50,59,62,71,20,23,NA,44,65,65,65,65,22,72,76,74,77,81,21,37,52,85,NA,35,38,52,63,77,25,26,26,27,63,50,52,56,35,41,81,82,83,40,NA,NA,81,96,NA,NA,NA,NA,31,33,64,62,84,NA,41,NA,NA,NA,NA,70,76,NA,NA,NA,NA,NA,NA,62,NA,NA,34,42,70,21,38,55,59,66,67,31,39,58,92,96,25,53,54,56,NA,22,58,87,56,99,NA,32,33,53,54,54,57,58,59,65,65,48,50,98,16,38,38,67,76,NA,75,75,75,75,75,73,79,83,NA,NA,43
060770012001,31,43,48,13,44,46,49,66,17,25,41,25,28,28,39,43,7,18,50,38,40,41,14,15,17,20,48,20,21,23,39,45,29,30,39,52,NA,27,30,30,20,25,25,47,55,25,28,49,24,43,46,41,48,60,19,44,46,24,24,30,27,27,27,30,44,38,54,75,26,28,31,43,51,22,37,65,47,50,52,11,13,50,20,26,30,20,30,35,40,48,20,41,43,48,NA,28,28,46,27,37,NA,23,24,24,29,30,30,31,31,33,36,41,42,72,13,35,35,35,55,61,28,28,29,29,31,23,27,59,65,72,33
060770012002,24,38,43,21,22,44,51,59,24,31,33,28,28,28,29,40,10,15,35,22,35,37,16,24,24,32,34,17,20,23,34,37,13,25,34,NA,NA,25,26,26,21,22,22,38,45,23,24,46,21,48,66,35,37,58,22,24,38,37,47,52,21,21,24,28,42,44,46,72,23,25,26,27,31,29,35,58,22,36,44,9,9,48,25,26,35,18,25,28,34,35,20,23,26,31,47,26,26,44,25,34,35,21,22,26,28,28,34,34,58,60,60,37,50,62,19,22,22,19,54,57,25,25,26,26,26,6,29,52,57,64,31
060770012003,23,26,38,26,33,34,46,51,28,33,44,28,28,31,31,34,5,22,37,30,38,40,6,25,34,35,38,5,24,26,41,43,20,39,52,62,66,14,14,14,24,29,29,40,47,20,20,45,24,66,NA,26,32,35,25,33,36,30,43,56,9,17,25,31,37,35,39,NA,20,23,23,33,37,23,38,41,21,39,49,14,50,60,48,54,NA,8,29,30,43,45,19,30,33,46,NA,17,28,46,11,46,46,27,28,30,35,37,39,47,48,64,78,31,40,41,25,35,43,26,39,39,33,33,39,40,46,32,41,43,50,65,24
060770012004,35,36,49,31,32,32,53,55,23,27,37,28,34,34,39,40,13,20,46,43,44,47,22,30,35,39,73,32,34,36,39,41,30,33,61,74,74,22,22,23,25,31,55,NA,NA,26,26,34,25,48,74,19,58,NA,35,49,51,36,38,53,13,33,34,37,50,44,50,59,36,52,NA,NA,NA,51,53,NA,24,30,33,22,68,NA,30,54,54,16,28,32,33,37,2,44,51,54,NA,8,37,NA,20,36,48,37,37,39,44,48,49,53,54,54,64,38,49,50,22,33,44,44,47,72,42,43,48,50,54,13,21,39,52,59,33
060770013001,25,36,49,26,26,36,63,68,25,36,55,28,39,40,46,49,16,52,63,40,41,54,15,19,59,82,NA,19,24,26,29,39,27,65,78,NA,NA,16,42,46,30,41,41,46,NA,35,54,NA,38,40,55,13,26,38,28,28,50,16,40,42,41,43,45,49,55,NA,NA,NA,36,NA,NA,NA,NA,52,53,53,40,44,44,19,59,NA,46,48,54,41,41,43,44,62,36,50,51,59,NA,29,38,NA,9,NA,NA,34,35,47,52,54,57,73,74,75,NA,40,51,NA,34,36,NA,38,38,NA,34,34,34,NA,NA,28,44,54,54,64,NA
060770013002,29,32,36,30,34,49,52,56,28,51,60,30,37,40,40,41,8,56,64,40,42,44,11,11,15,56,NA,18,20,21,26,32,13,33,65,66,66,8,29,29,21,35,NA,NA,NA,26,48,50,29,32,52,27,38,66,39,49,49,31,49,NA,31,31,34,44,45,36,72,NA,39,NA,NA,NA,NA,7,43,44,45,59,NA,10,60,NA,31,50,53,12,24,39,51,54,22,24,47,NA,NA,35,35,42,27,NA,NA,31,34,36,36,37,38,39,45,68,76,31,33,46,30,38,42,41,44,61,35,35,NA,NA,NA,32,32,37,41,55,NA
060770013003,27,35,NA,10,27,29,30,41,32,48,50,31,31,31,31,43,50,68,76,27,35,36,15,25,32,32,64,17,20,20,26,34,13,21,22,28,34,25,25,26,21,25,33,41,46,27,27,52,24,29,55,28,32,64,25,27,29,32,50,55,24,24,24,28,44,19,35,54,30,32,34,34,54,38,61,NA,28,29,52,13,50,69,16,30,47,17,29,34,37,55,7,13,24,30,57,25,29,47,28,34,34,25,25,27,29,29,30,30,31,63,63,43,47,68,22,24,25,26,57,60,29,29,29,42,43,5,39,57,66,73,34
060770013004,25,33,37,42,44,46,47,48,16,25,35,19,23,28,33,44,2,21,35,27,36,51,5,20,23,28,62,12,18,20,25,48,24,36,60,67,67,7,7,7,17,22,28,35,49,18,18,24,23,24,25,23,32,47,27,31,34,4,21,37,12,22,35,42,46,37,43,46,18,20,20,28,35,18,26,35,18,38,NA,12,47,57,52,52,NA,26,28,38,43,49,29,39,43,44,NA,26,26,34,6,44,44,20,22,24,26,35,45,46,47,67,68,25,38,40,19,32,40,23,24,59,30,31,37,37,44,29,30,35,38,44,22
060770014001,18,19,60,18,19,46,51,55,51,72,74,34,42,52,53,53,24,26,67,30,34,34,25,31,36,52,60,31,32,36,NA,NA,58,62,63,NA,NA,28,35,45,29,48,49,NA,NA,61,NA,NA,26,44,NA,70,74,NA,34,67,NA,25,37,93,21,21,22,50,54,NA,NA,NA,57,58,62,NA,NA,53,53,63,59,60,NA,NA,NA,NA,NA,NA,NA,31,58,NA,NA,NA,21,21,57,NA,NA,38,39,58,38,39,45,32,34,35,35,39,39,49,NA,NA,NA,29,47,89,37,60,76,34,59,NA,39,39,39,39,41,45,60,72,76,82,NA
060770014002,20,37,41,25,52,58,75,NA,46,52,56,34,35,36,36,36,23,49,84,43,48,49,24,29,51,61,73,25,33,41,42,42,38,39,45,46,47,35,35,35,36,47,47,52,NA,31,31,34,42,55,60,20,20,72,20,49,58,21,48,60,27,28,28,41,50,NA,NA,NA,50,52,62,NA,NA,41,53,63,41,42,NA,NA,NA,NA,32,NA,NA,22,33,40,NA,NA,6,29,52,54,NA,33,37,57,34,35,43,33,34,34,35,38,39,42,42,42,46,51,64,NA,33,33,66,34,75,NA,37,37,38,38,40,22,41,46,65,81,NA
060770014003,21,27,44,21,28,47,48,57,51,54,59,25,25,27,27,29,18,19,50,37,41,42,21,23,42,44,65,19,21,22,22,36,22,24,25,28,54,34,35,35,21,23,26,42,NA,30,30,50,36,49,52,62,65,NA,35,41,51,26,44,46,25,28,29,34,42,47,53,NA,30,35,51,56,NA,38,42,NA,35,53,NA,15,20,51,27,36,NA,15,26,27,32,NA,15,44,47,51,NA,27,30,48,31,36,36,25,25,26,27,28,30,30,40,41,NA,38,68,NA,24,27,65,22,26,63,30,30,30,30,32,27,46,57,74,NA,NA
060770014004,16,35,43,29,33,39,51,53,30,41,47,21,21,21,23,25,14,19,49,30,35,38,14,17,40,61,NA,17,17,18,19,34,12,32,34,45,49,22,22,35,17,21,37,NA,NA,46,46,48,53,54,58,44,57,NA,46,NA,NA,22,28,29,24,24,24,29,40,41,43,46,25,33,38,44,52,26,34,45,47,47,48,11,15,47,24,31,43,18,20,30,32,NA,44,52,55,78,NA,25,25,44,31,34,34,19,20,21,21,21,22,22,23,36,37,39,41,46,20,20,60,21,56,59,25,25,26,26,28,35,46,53,63,NA,30
060770015001,34,50,70,35,51,70,71,78,32,59,77,17,18,20,48,49,43,62,72,49,49,50,22,25,44,49,NA,35,51,NA,NA,NA,26,42,45,48,63,35,57,57,35,44,48,53,71,32,50,52,68,NA,NA,47,53,97,37,48,72,40,72,80,49,52,52,67,68,37,70,79,67,69,70,73,114,31,NA,NA,64,78,NA,60,64,NA,67,85,NA,45,NA,NA,NA,NA,31,57,NA,NA,NA,19,28,43,62,NA,NA,27,36,36,36,39,46,52,65,68,68,NA,NA,NA,46,46,47,20,54,66,55,58,58,NA,NA,44,48,61,NA,NA,26
060770015002,27,31,52,48,50,52,60,NA,47,NA,NA,16,19,34,54,NA,32,42,69,42,48,58,22,41,47,54,69,13,47,52,52,68,17,40,42,81,82,48,48,56,18,55,58,NA,NA,52,64,NA,53,NA,NA,33,51,64,50,51,NA,38,52,NA,34,47,52,57,NA,36,54,NA,21,21,26,30,35,43,NA,NA,45,51,NA,46,56,85,22,40,47,20,48,57,64,83,41,56,64,72,NA,13,18,29,42,62,105,32,34,34,37,70,70,71,77,NA,NA,43,72,NA,NA,NA,NA,21,NA,NA,NA,NA,NA,NA,NA,NA,NA,NA,NA,NA,25
060770015003,11,23,43,13,41,43,45,NA,31,34,45,10,13,28,32,NA,29,31,NA,28,38,49,19,39,39,41,49,9,34,47,48,49,29,37,37,41,43,33,33,33,12,16,45,NA,NA,22,22,43,47,47,NA,43,45,53,9,32,44,27,44,NA,13,28,30,30,NA,72,NA,NA,15,16,21,21,28,27,68,NA,38,53,NA,17,51,79,33,52,78,12,32,33,46,51,31,44,44,63,66,12,19,23,34,74,77,24,31,44,55,63,63,NA,NA,NA,NA,15,17,31,10,12,NA,NA,NA,NA,44,NA,NA,NA,NA,NA,NA,NA,NA,NA,30
060770015004,27,34,40,25,26,34,62,NA,22,63,81,50,50,50,52,59,28,96,NA,46,52,55,33,35,35,43,NA,24,50,NA,NA,NA,48,49,53,NA,NA,22,22,NA,21,23,35,35,39,19,44,52,23,62,NA,8,8,62,15,19,25,49,51,NA,32,32,32,34,57,NA,NA,NA,NA,NA,NA,NA,NA,47,59,60,86,NA,NA,23,64,NA,53,54,66,31,48,66,NA,NA,27,29,55,NA,NA,25,NA,NA,NA,NA,NA,34,37,38,38,40,40,40,43,65,65,NA,NA,NA,NA,NA,NA,20,36,NA,NA,NA,NA,NA,NA,30,35,68,NA,NA,NA
060770016001,14,34,42,20,31,37,45,NA,16,32,44,11,13,21,22,23,31,32,54,29,39,49,25,41,43,49,51,19,32,34,53,60,32,34,35,49,66,33,33,33,18,20,NA,NA,NA,21,22,22,31,34,42,36,47,47,8,43,51,22,54,NA,27,28,28,28,29,29,58,NA,22,23,25,30,30,33,64,66,32,34,38,25,29,53,9,14,46,17,17,37,44,79,28,33,43,48,48,16,19,20,34,34,52,26,27,44,44,44,45,49,64,64,64,15,22,54,13,17,29,NA,NA,NA,35,NA,NA,NA,NA,5,41,NA,NA,NA,24
060770016002,17,22,28,11,30,34,34,36,14,14,28,4,5,8,9,12,27,32,34,19,23,33,21,28,46,51,NA,6,16,25,25,55,5,6,8,25,25,34,36,36,6,11,NA,NA,NA,7,8,14,21,22,27,25,32,44,4,24,24,10,33,37,7,14,27,28,NA,16,47,NA,12,21,22,22,24,18,26,55,4,15,34,17,18,21,6,12,26,6,8,24,34,45,18,18,21,26,29,6,6,25,36,36,58,19,20,20,20,20,22,23,30,33,45,8,22,36,4,7,21,18,25,25,21,21,27,36,NA,12,13,25,36,NA,19
060770017001,11,12,58,24,59,61,74,78,14,56,57,14,28,NA,NA,NA,24,81,86,32,44,45,20,22,50,82,86,9,52,66,69,86,35,51,61,69,69,45,45,NA,26,30,54,NA,NA,36,56,NA,29,59,63,57,59,67,13,40,51,41,61,NA,12,44,54,NA,NA,18,25,NA,35,42,43,44,70,46,47,NA,83,NA,NA,39,45,79,27,41,47,20,24,53,56,69,13,77,80,NA,NA,4,26,29,56,70,70,78,79,NA,NA,NA,NA,NA,NA,NA,NA,30,NA,NA,NA,NA,NA,24,NA,NA,NA,NA,NA,NA,NA,NA,NA,NA,NA,NA,18
060770017002,15,15,49,52,54,54,58,70,28,59,NA,15,18,23,24,NA,43,73,85,36,36,45,22,24,54,66,79,29,44,56,57,71,6,7,43,44,61,42,42,42,30,34,NA,NA,NA,33,35,35,48,81,NA,54,72,72,34,46,57,39,70,83,17,44,45,47,48,34,NA,NA,30,34,34,37,38,47,51,58,18,22,58,29,57,66,21,51,54,20,24,44,44,71,28,36,50,60,65,10,26,29,24,46,62,60,70,NA,NA,NA,NA,NA,NA,NA,NA,29,33,NA,57,NA,NA,NA,NA,NA,NA,NA,NA,NA,NA,46,57,NA,NA,NA,22
060770017003,27,35,44,27,30,44,62,68,39,46,NA,16,17,39,NA,NA,41,64,77,34,43,46,31,31,34,44,72,9,38,46,54,56,15,30,37,39,NA,41,41,41,24,29,NA,NA,NA,28,29,30,40,51,59,49,60,61,16,51,56,34,59,NA,5,40,40,42,42,62,68,NA,28,28,33,33,37,34,48,74,42,49,55,36,37,39,14,29,32,20,45,49,53,80,31,34,44,54,NA,9,17,21,42,54,57,53,53,54,54,57,58,65,65,65,NA,28,51,NA,20,23,52,37,37,NA,NA,NA,NA,NA,NA,NA,NA,NA,NA,NA,NA
060770018001,22,24,NA,19,25,34,45,73,16,18,36,14,17,19,25,25,46,56,69,26,46,49,14,28,28,38,62,22,26,40,44,49,7,13,30,32,42,39,40,40,16,21,34,55,59,20,22,22,28,41,72,49,58,59,28,32,43,18,26,46,31,35,36,38,39,27,55,NA,17,30,35,41,48,22,35,37,29,31,47,28,44,53,9,19,32,7,16,24,42,45,32,34,41,50,53,13,20,22,15,46,NA,42,42,43,45,45,46,47,49,50,51,16,22,26,12,14,29,30,32,33,29,29,29,31,33,22,23,33,44,56,20
060770018002,20,20,30,30,40,42,49,71,20,34,46,12,15,17,19,23,44,54,67,24,24,36,36,40,41,47,58,4,20,22,22,33,4,25,27,40,43,37,38,38,14,19,32,NA,NA,18,19,19,27,27,46,26,47,56,5,13,42,24,27,NA,19,21,29,32,33,52,52,NA,19,19,21,29,29,19,34,35,25,39,45,21,23,26,24,29,36,5,14,22,40,43,20,32,34,48,50,7,11,22,19,59,63,39,43,43,44,45,47,47,49,55,55,14,28,43,10,13,32,28,30,31,27,27,28,31,NA,20,20,22,37,54,18
060770019001,3,21,28,23,29,29,34,53,15,23,44,13,18,19,19,21,30,59,81,22,36,36,21,22,38,38,NA,29,39,57,59,NA,37,54,55,58,NA,23,29,31,24,26,77,82,NA,23,23,30,32,53,63,29,51,71,23,29,47,20,22,44,21,30,40,40,42,25,36,NA,6,11,20,23,28,20,27,32,6,21,30,4,8,27,18,26,38,18,19,23,35,39,10,27,32,63,NA,12,24,NA,28,43,NA,42,43,43,51,52,62,62,62,63,63,24,57,58,6,30,NA,30,40,44,24,33,39,50,NA,16,25,37,37,NA,18
060770019002,18,18,19,19,22,28,32,48,24,30,32,18,19,23,23,25,28,38,58,24,49,49,20,23,36,37,54,12,22,31,34,51,35,38,56,57,NA,36,36,39,18,28,74,78,NA,20,20,20,22,36,53,37,39,47,21,24,25,17,36,55,16,16,32,39,40,24,47,55,4,12,25,37,57,19,24,31,23,25,26,6,13,17,23,27,35,17,18,22,34,39,23,24,24,33,40,11,17,34,16,31,48,34,39,40,40,44,44,48,58,59,59,32,38,48,7,22,23,NA,NA,NA,25,NA,NA,NA,NA,14,22,31,32,NA,26
060770019003,13,23,42,17,19,26,29,33,15,20,22,12,20,21,21,29,34,53,55,12,12,14,19,21,23,40,48,19,21,39,NA,NA,8,NA,NA,NA,NA,15,25,41,15,18,38,42,NA,16,16,16,21,27,37,19,21,50,9,10,18,13,16,27,16,19,27,29,41,17,38,NA,6,11,12,40,41,19,20,26,19,22,44,2,18,28,10,29,40,20,23,29,40,45,15,22,36,37,NA,13,29,NA,31,48,NA,33,35,35,37,38,39,43,50,51,52,14,25,48,8,18,20,NA,NA,NA,15,27,33,33,NA,25,NA,NA,NA,NA,14
060770019004,11,32,39,22,35,36,38,45,24,33,39,39,40,43,47,50,60,68,76,19,26,48,21,26,38,48,63,29,30,31,36,49,28,33,33,52,55,29,33,33,23,27,29,78,83,20,24,24,30,38,42,29,31,77,29,31,57,42,43,50,37,40,45,59,70,50,56,85,11,34,48,48,49,25,37,60,27,35,51,21,38,41,23,36,58,35,47,NA,NA,NA,37,39,41,54,55,NA,NA,NA,20,NA,NA,11,28,33,37,39,46,47,52,53,53,22,22,46,NA,NA,NA,40,43,49,26,26,33,34,35,24,37,40,40,48,35
060770020001,27,32,35,28,34,36,39,57,27,30,49,27,28,29,30,31,59,65,72,34,48,53,43,46,46,63,NA,38,39,47,47,62,21,25,27,28,46,28,41,42,30,34,45,85,90,35,35,35,43,44,47,34,48,50,35,39,44,32,43,47,21,28,44,44,47,21,55,NA,16,26,38,46,61,27,39,45,28,29,47,15,15,48,9,33,55,20,27,42,46,NA,36,41,49,54,NA,27,30,NA,29,56,NA,31,34,70,71,71,NA,NA,NA,NA,NA,31,46,67,20,28,33,38,42,43,40,41,41,NA,NA,10,33,35,44,NA,26
060770020002,12,23,43,20,23,31,32,42,18,22,44,5,20,22,22,25,32,42,62,29,29,30,34,37,53,64,71,22,32,42,57,67,26,28,29,47,61,29,30,31,31,36,40,86,91,22,22,36,32,43,57,22,24,43,23,28,54,25,46,54,20,42,42,45,46,25,26,53,13,16,20,37,38,22,29,34,24,29,34,10,12,32,11,27,31,20,22,37,41,42,29,32,34,38,44,14,27,NA,31,47,58,44,72,72,72,72,73,73,NA,NA,NA,17,33,NA,17,29,NA,40,44,44,38,NA,NA,NA,NA,5,28,30,39,NA,21
060770020003,44,46,47,13,32,34,35,37,20,22,47,10,10,15,18,24,35,64,86,22,30,46,34,47,47,48,63,26,46,47,65,67,28,31,51,55,71,38,41,41,17,24,31,103,104,25,25,34,40,47,58,25,44,55,6,26,65,10,28,49,10,22,23,35,45,30,43,NA,14,25,33,38,50,25,32,37,25,26,44,11,12,36,11,22,22,23,25,28,40,41,19,37,41,47,68,38,38,49,30,57,93,19,37,46,47,NA,NA,NA,NA,NA,NA,42,43,NA,52,NA,NA,56,NA,NA,35,NA,NA,NA,NA,16,32,33,42,NA,24
060770021001,37,NA,NA,13,39,39,NA,NA,12,22,23,30,46,46,47,50,46,51,64,12,14,46,9,17,32,33,35,27,28,30,31,70,10,12,16,30,72,19,23,44,15,18,22,73,78,15,15,53,25,33,36,27,30,72,74,77,77,18,18,21,29,30,32,32,52,26,30,53,28,40,43,47,47,6,40,52,19,32,42,30,34,35,27,37,NA,31,33,33,35,35,21,31,36,46,NA,24,NA,NA,6,NA,NA,10,30,32,32,35,36,44,58,58,59,12,15,18,NA,NA,NA,NA,NA,NA,27,28,29,30,31,18,20,29,33,48,42
060770021002,38,40,55,9,24,43,44,57,17,33,50,22,27,29,38,46,46,67,78,15,18,25,5,30,45,50,54,6,19,25,29,37,9,12,34,53,53,31,36,38,6,21,25,76,81,18,18,56,24,27,36,27,30,34,23,27,45,39,42,44,39,40,41,47,47,41,42,89,45,51,52,56,57,15,45,62,15,52,68,40,45,45,48,59,NA,NA,NA,NA,NA,NA,NA,NA,NA,NA,NA,NA,NA,NA,15,NA,NA,15,28,29,32,33,34,61,62,62,63,16,31,36,NA,NA,NA,43,44,50,27,40,41,41,42,8,28,38,40,59,37
060770021003,22,NA,NA,9,35,36,47,57,24,26,33,33,38,39,39,50,49,54,64,12,16,18,35,35,38,43,52,26,27,32,34,70,8,11,17,25,70,23,70,70,11,19,22,74,78,53,53,74,11,24,27,27,31,73,20,55,77,18,18,28,16,30,31,43,63,33,50,NA,31,37,58,58,NA,8,37,55,20,38,46,33,37,38,36,51,67,34,34,36,38,77,37,39,NA,NA,NA,NA,NA,NA,8,8,NA,33,34,35,38,38,38,39,47,59,59,15,16,56,NA,NA,NA,NA,NA,NA,28,31,31,33,34,21,32,32,44,51,45
060770022011,15,19,21,20,24,27,28,29,15,15,29,8,22,22,22,26,31,37,61,7,10,13,43,43,45,55,NA,7,25,26,55,58,21,21,21,48,51,33,33,33,18,21,39,41,45,33,58,63,32,45,45,31,35,53,21,22,31,22,31,45,21,25,27,43,43,16,19,41,16,19,21,23,25,25,27,29,31,35,45,21,26,26,28,39,54,22,24,26,26,46,3,10,22,25,27,15,32,NA,19,43,50,23,24,24,25,25,26,26,27,35,49,12,17,38,20,23,39,23,24,32,5,7,15,16,19,7,8,20,38,39,33
060770022012,14,15,21,21,24,28,30,36,12,13,25,9,21,21,21,23,32,37,NA,4,4,6,22,35,NA,NA,NA,10,21,25,31,51,15,20,21,21,21,33,33,33,18,22,42,46,NA,24,33,44,23,24,31,23,27,40,21,22,22,20,32,38,21,25,27,38,44,14,18,42,17,21,21,23,25,20,21,26,13,23,37,20,21,26,15,22,24,22,24,25,26,39,7,16,19,26,42,15,32,NA,18,30,42,14,14,15,17,21,23,23,24,24,26,2,7,13,24,29,33,23,24,25,7,7,10,10,15,7,10,21,31,39,34
060770022021,8,23,23,12,26,27,31,32,14,15,16,13,23,23,26,29,35,40,65,8,8,23,14,17,24,26,29,14,14,22,27,33,10,22,37,42,46,35,35,35,21,25,28,45,49,13,13,38,24,51,NA,26,29,42,10,25,25,15,16,19,15,17,20,22,28,15,32,34,17,24,26,35,48,21,23,28,18,29,39,20,24,29,15,19,44,26,26,28,41,50,15,22,28,29,45,18,35,NA,11,12,33,8,8,8,15,25,26,26,28,29,30,15,18,20,28,NA,NA,NA,NA,NA,NA,NA,NA,NA,NA,12,14,26,36,41,37
060770022022,14,22,30,21,23,24,25,37,24,NA,NA,NA,NA,NA,NA,NA,33,38,62,23,23,46,18,22,26,27,52,18,22,23,31,32,6,21,36,61,61,34,34,34,19,23,25,42,47,59,59,65,26,50,52,25,27,31,21,26,57,26,28,52,22,26,28,44,45,19,20,43,26,32,45,46,47,20,22,27,22,29,NA,14,22,27,17,25,40,23,25,25,27,54,18,20,27,27,38,16,33,NA,13,14,14,6,14,19,24,24,25,27,27,27,27,7,56,64,NA,NA,NA,NA,NA,NA,19,19,20,20,21,10,12,24,40,46,35
060770022023,23,25,25,22,26,33,37,39,17,19,32,11,26,26,26,28,35,41,65,31,32,49,24,25,30,35,60,9,24,25,29,33,23,25,38,52,64,37,37,37,22,25,33,45,49,24,45,67,29,31,58,22,27,31,25,26,59,28,35,49,24,29,30,47,47,11,23,45,11,25,26,48,49,22,23,38,29,35,55,24,24,30,19,33,54,25,26,27,30,51,12,13,21,23,54,18,36,NA,23,30,31,21,24,25,26,30,30,31,53,53,54,19,41,76,27,28,33,27,28,29,9,10,19,23,23,9,12,24,32,43,37
060770023001,23,25,28,7,11,14,15,30,14,23,25,5,6,6,14,20,21,27,34,22,31,34,10,21,22,23,NA,9,13,18,20,21,6,6,7,8,26,12,12,16,26,28,NA,NA,NA,7,8,13,7,18,18,5,10,13,5,5,15,13,20,27,5,7,9,12,15,11,19,22,5,11,18,19,23,9,15,NA,6,10,16,28,35,36,15,16,19,7,9,14,21,30,10,15,22,27,29,22,40,45,15,19,19,6,6,6,6,7,13,13,13,26,26,11,22,29,28,42,50,14,16,25,5,6,6,34,36,12,27,28,30,45,12
060770023002,9,17,17,14,16,29,33,43,14,24,28,8,13,15,16,16,35,56,60,40,52,57,25,26,41,62,77,5,24,36,52,62,15,18,23,25,66,19,24,24,19,31,66,95,95,4,14,18,23,33,85,16,24,25,21,31,43,19,25,31,15,15,19,22,26,19,32,33,16,17,36,49,80,17,21,30,13,14,15,41,48,77,12,25,33,24,24,32,38,59,18,34,42,50,57,28,61,72,14,28,40,5,12,21,23,23,25,25,25,26,27,13,40,50,17,19,66,17,19,20,20,21,37,39,40,17,19,21,35,66,14
060770023003,16,23,33,5,9,15,16,34,3,12,20,5,5,6,6,71582786,3,28,71582787,9,10,10,7,17,19,28,38,7,8,21,28,36,6,9,11,36,39,6,6,11,31,35,56,NA,NA,6,13,36,8,14,15,6,6,10,4,13,28,7,14,33,6,7,8,11,15,15,25,35,8,18,23,28,34,12,13,17,3,9,10,9,19,51,6,13,17,7,8,9,9,15,8,11,33,35,42,9,19,71582786,9,12,25,3,4,5,6,8,10,10,15,20,20,4,9,34,11,42,56,8,10,12,5,11,28,40,42,6,11,13,26,51,15
060770024011,7,18,23,12,15,18,20,45,16,25,25,7,12,15,17,33,18,26,32,46,49,49,9,17,33,35,45,7,18,31,47,54,9,41,41,51,54,10,11,16,25,37,46,73,76,9,9,38,10,11,19,11,17,21,13,22,35,7,12,30,7,12,18,22,26,19,22,36,14,16,22,NA,NA,15,19,36,12,16,87,19,45,NA,9,17,NA,10,14,18,23,42,27,NA,NA,NA,NA,42,52,NA,12,29,36,10,12,13,13,13,15,25,27,52,52,34,56,56,25,27,56,22,41,44,13,21,34,38,41,10,34,36,45,47,16
060770024012,13,20,51,15,16,19,20,25,13,14,31,12,18,19,22,38,16,38,46,15,40,43,10,22,24,42,43,17,25,37,54,56,16,22,42,52,54,17,17,17,26,38,47,74,76,10,20,39,7,9,21,9,18,23,13,16,20,13,18,35,12,19,23,24,28,35,NA,NA,16,19,19,20,34,20,24,30,14,17,21,30,30,NA,11,14,NA,16,26,NA,NA,NA,22,27,32,44,58,38,43,53,7,42,49,18,19,19,19,19,21,25,27,51,57,14,34,42,26,48,49,23,41,44,22,27,28,28,44,10,22,24,35,48,17
060770024013,20,20,35,10,13,16,17,29,11,19,28,6,13,13,16,17,21,42,47,44,50,50,8,27,31,48,50,13,32,48,59,61,11,26,30,46,56,20,25,31,30,42,51,78,81,16,19,44,12,41,53,18,28,36,26,26,27,15,20,32,15,16,16,20,24,12,23,33,11,17,17,17,19,16,21,32,12,14,18,27,41,42,32,42,44,16,16,17,17,28,15,20,25,28,28,28,47,58,14,16,50,17,18,18,20,20,20,21,49,49,55,14,28,39,13,18,36,17,18,20,19,19,19,24,40,19,19,21,35,52,14
060770024021,25,28,36,14,17,23,30,34,15,24,29,17,33,39,45,46,25,30,50,21,57,57,15,17,20,28,30,16,17,32,34,90,16,30,38,38,87,15,16,20,20,32,69,96,101,14,15,44,26,34,85,12,15,25,16,20,23,16,25,33,13,14,16,17,25,13,24,42,9,16,18,20,32,17,17,24,13,19,66,18,42,78,19,26,34,18,25,26,26,26,19,21,24,26,57,15,26,29,24,28,30,15,16,16,16,16,19,19,19,21,68,12,40,40,18,20,21,18,20,21,22,22,26,27,31,13,20,22,36,66,15
060770024022,24,33,39,11,15,27,30,42,16,21,25,4,13,14,15,16,29,50,54,48,56,56,27,34,35,55,71,15,20,29,56,66,13,19,19,54,64,22,22,38,38,50,59,81,86,16,19,32,30,31,82,14,21,30,4,23,25,23,27,30,13,13,14,17,22,16,30,30,4,12,14,15,16,14,19,28,12,14,63,25,40,74,12,23,39,13,13,17,30,30,11,13,23,47,55,26,55,65,12,22,45,4,4,10,15,21,24,24,24,26,62,19,36,37,10,15,16,14,16,17,17,18,18,18,27,15,16,18,32,60,12
060770025031,27,52,58,22,23,26,41,53,33,34,59,25,26,35,54,60,24,48,52,53,54,55,18,32,55,58,68,15,30,45,65,65,16,18,36,52,61,21,26,36,36,48,57,72,84,34,39,39,26,30,103,24,30,33,20,23,27,21,21,31,23,28,31,46,46,27,38,39,20,21,23,28,36,46,50,102,28,37,71,38,38,56,29,56,72,27,28,47,48,51,35,38,48,52,71,40,54,77,22,38,60,23,23,25,26,26,26,35,36,65,NA,31,39,63,26,30,52,46,NA,NA,24,24,24,25,52,30,42,44,53,58,30
060770025032,22,23,31,21,22,25,52,58,32,33,58,20,24,24,37,42,22,46,51,52,53,54,16,25,31,54,66,14,28,29,52,63,15,34,50,50,59,19,24,35,34,46,55,70,82,21,21,48,25,29,102,23,29,32,19,22,42,20,20,49,22,27,30,45,45,26,37,38,19,20,20,35,46,23,41,101,27,36,70,37,44,54,28,54,70,26,46,47,49,61,22,30,34,37,71,39,52,75,21,37,58,21,22,24,24,24,24,34,34,63,NA,30,30,62,25,43,51,45,NA,NA,23,24,24,40,51,33,41,43,52,56,29
060770025041,16,30,31,25,26,29,38,65,53,54,55,21,21,51,55,59,16,44,48,45,50,51,10,13,52,64,108,26,28,48,60,61,12,12,47,47,58,16,21,32,31,43,52,68,79,18,18,44,33,35,42,24,27,33,23,26,54,24,24,53,26,31,34,37,49,30,32,41,23,33,35,39,105,55,69,105,41,62,78,33,40,51,29,38,53,25,32,36,44,44,17,24,30,34,51,43,48,72,18,35,41,19,21,21,21,22,25,31,56,58,60,20,40,73,29,55,56,22,23,49,27,27,28,44,54,33,45,47,53,56,33
060770025042,26,37,82,30,34,57,79,80,37,41,65,56,58,62,63,66,15,50,54,52,56,58,20,35,71,85,NA,18,40,48,56,67,19,34,38,65,80,23,28,39,38,50,59,83,83,47,47,79,40,40,42,43,52,57,40,54,60,20,28,97,24,28,44,52,66,49,69,92,26,32,43,46,64,40,54,106,42,84,91,40,47,58,40,56,86,33,42,51,53,NA,36,38,44,46,53,66,67,78,25,40,70,26,28,28,28,32,32,38,47,65,67,39,40,44,38,50,64,29,30,NA,30,36,38,53,58,26,48,54,67,69,37
060770027014,23,44,46,19,30,31,34,53,28,45,48,7,21,23,23,38,33,63,84,21,34,34,39,42,58,63,70,38,41,44,59,66,22,33,42,42,43,36,37,40,17,30,34,85,90,31,31,31,43,44,46,23,23,54,21,24,36,21,23,48,18,21,21,31,39,17,24,66,13,15,18,57,59,23,30,36,25,26,35,10,11,20,9,28,40,23,37,39,40,43,26,29,36,36,40,29,44,58,20,61,80,20,27,40,41,69,69,70,70,70,71,29,43,54,22,23,52,26,33,45,31,32,32,32,NA,29,31,40,41,NA,22
060770028001,20,48,NA,31,32,35,36,42,26,34,37,33,33,35,37,38,54,55,85,31,31,49,33,34,35,44,69,31,32,33,36,42,30,32,33,40,71,45,45,73,30,33,34,72,77,32,71,76,33,33,44,30,39,64,44,67,68,34,37,58,33,38,44,46,51,30,31,31,35,57,71,71,74,30,38,NA,21,36,36,33,38,39,29,35,40,35,38,38,65,77,25,34,35,38,82,27,45,NA,30,30,30,33,34,35,38,38,38,40,48,69,69,21,22,59,34,36,36,37,38,44,24,30,30,31,32,21,24,33,51,57,46
060770028002,37,45,NA,NA,NA,NA,NA,NA,20,27,58,30,39,39,40,61,68,73,78,51,52,56,42,51,58,61,65,40,56,58,60,62,37,41,43,48,58,38,39,44,40,43,57,117,117,37,38,38,40,47,57,35,38,40,39,43,49,40,43,47,45,51,53,55,56,39,41,43,42,42,45,47,57,60,66,NA,47,47,48,63,70,79,73,NA,NA,47,56,63,69,69,32,37,61,64,64,57,74,88,68,72,78,35,36,36,37,38,38,39,42,42,63,23,40,62,41,57,60,43,44,62,28,28,30,51,51,28,32,54,60,NA,NA
060770031061,NA,NA,NA,73,83,91,106,NA,52,60,NA,NA,NA,NA,NA,NA,68,78,NA,65,65,NA,52,NA,NA,NA,NA,64,NA,NA,NA,NA,24,29,30,NA,NA,67,NA,NA,51,51,NA,NA,NA,NA,NA,NA,27,NA,NA,NA,NA,NA,49,70,72,NA,NA,NA,66,NA,NA,NA,NA,NA,NA,NA,NA,NA,NA,NA,NA,NA,NA,NA,NA,NA,NA,NA,NA,NA,NA,NA,NA,49,50,NA,NA,NA,18,NA,NA,NA,NA,NA,NA,NA,NA,NA,NA,NA,NA,NA,NA,NA,NA,NA,NA,NA,NA,49,NA,NA,NA,NA,NA,NA,NA,NA,NA,NA,NA,NA,NA,59,NA,NA,NA,NA,233
060770031062,36,36,37,67,71,79,95,NA,39,41,NA,45,45,NA,NA,NA,32,56,NA,42,53,54,63,80,NA,NA,NA,33,55,NA,NA,NA,19,48,NA,NA,NA,NA,NA,NA,40,NA,NA,NA,NA,NA,NA,NA,17,NA,NA,NA,NA,NA,58,58,60,20,46,47,NA,NA,NA,NA,NA,32,NA,NA,50,53,54,NA,NA,NA,NA,NA,55,NA,NA,NA,NA,NA,40,NA,NA,34,36,48,NA,NA,50,NA,NA,NA,NA,56,58,NA,40,NA,NA,42,42,42,43,44,44,NA,NA,NA,NA,28,NA,NA,54,NA,NA,9,48,NA,NA,NA,NA,NA,NA,41,NA,NA,NA,NA,NA
060770031063,44,44,45,26,58,82,90,105,26,34,NA,48,49,49,49,49,45,67,77,50,63,65,26,35,49,NA,NA,44,46,46,62,64,15,18,20,37,NA,39,NA,NA,62,NA,NA,NA,NA,NA,NA,NA,26,32,NA,NA,NA,NA,23,69,71,23,39,NA,65,NA,NA,NA,NA,46,NA,NA,46,NA,NA,NA,NA,NA,NA,NA,NA,NA,NA,NA,NA,NA,19,NA,NA,25,34,41,53,NA,10,43,NA,NA,NA,55,56,113,NA,NA,NA,48,49,49,50,50,51,NA,NA,NA,NA,28,43,NA,54,NA,NA,48,NA,NA,NA,NA,NA,NA,NA,34,109,NA,NA,NA,NA
060770031081,37,38,39,50,69,81,97,104,56,58,102,NA,NA,NA,NA,NA,17,58,60,54,56,NA,59,NA,NA,NA,NA,22,NA,NA,NA,NA,NA,NA,NA,NA,NA,NA,NA,NA,42,NA,NA,NA,NA,NA,NA,NA,NA,NA,NA,NA,NA,NA,60,62,62,12,NA,NA,NA,NA,NA,NA,NA,49,NA,NA,52,54,55,NA,NA,NA,NA,NA,NA,NA,NA,NA,NA,NA,NA,NA,NA,53,NA,NA,NA,NA,NA,NA,NA,NA,NA,NA,NA,NA,57,NA,NA,NA,NA,NA,NA,NA,NA,NA,NA,NA,NA,45,NA,NA,NA,NA,NA,12,NA,NA,NA,NA,NA,NA,NA,58,101,NA,NA,NA,NA
060770031082,35,36,62,45,84,88,91,99,51,53,89,53,59,NA,NA,NA,14,54,56,52,NA,NA,63,79,89,91,NA,19,54,NA,NA,NA,NA,NA,NA,NA,NA,NA,NA,NA,39,NA,NA,NA,NA,NA,NA,NA,16,NA,NA,NA,NA,NA,58,58,60,16,NA,NA,54,NA,NA,NA,NA,10,44,NA,49,53,NA,NA,NA,NA,NA,NA,NA,NA,NA,NA,NA,NA,10,51,NA,46,53,NA,NA,NA,141,NA,NA,NA,NA,NA,NA,NA,52,NA,NA,49,NA,NA,NA,NA,NA,NA,NA,NA,NA,39,NA,NA,NA,NA,NA,9,60,NA,NA,NA,NA,NA,NA,53,88,126,NA,NA,NA
060770031083,34,35,61,43,66,81,82,120,50,52,88,52,58,NA,NA,NA,13,53,55,49,51,NA,62,78,86,87,90,18,52,NA,NA,NA,NA,NA,NA,NA,NA,NA,NA,NA,NA,NA,NA,NA,NA,NA,NA,NA,15,NA,NA,NA,NA,NA,57,57,59,21,NA,NA,53,NA,NA,NA,NA,42,56,NA,48,52,NA,NA,NA,NA,NA,NA,NA,NA,NA,NA,NA,NA,9,50,NA,45,51,59,NA,NA,140,NA,NA,NA,NA,NA,NA,NA,50,NA,NA,48,49,NA,NA,NA,NA,NA,NA,NA,NA,38,NA,NA,NA,NA,NA,8,58,NA,NA,NA,NA,NA,NA,51,87,124,NA,NA,NA
060770031091,30,30,47,43,67,72,75,77,70,82,84,44,49,49,50,50,45,92,NA,41,44,48,41,44,68,72,NA,NA,NA,NA,NA,NA,51,NA,NA,NA,NA,54,NA,NA,73,74,75,NA,NA,NA,NA,NA,NA,NA,NA,66,NA,NA,NA,NA,NA,32,50,NA,NA,NA,NA,NA,NA,42,NA,NA,NA,NA,NA,NA,NA,NA,NA,NA,NA,NA,NA,NA,NA,NA,NA,NA,NA,45,47,50,51,51,NA,NA,NA,NA,NA,58,NA,NA,43,NA,NA,39,39,40,40,41,41,42,42,NA,NA,30,NA,NA,56,NA,NA,21,51,NA,NA,NA,NA,NA,NA,53,69,106,NA,NA,NA
060770031092,19,38,43,44,47,59,63,66,62,70,73,20,27,38,38,39,21,33,47,21,27,50,45,60,61,62,63,28,28,30,42,43,34,35,51,51,NA,19,35,46,46,56,65,66,67,46,46,46,29,29,29,42,57,NA,44,45,45,42,NA,NA,21,21,26,40,NA,43,58,NA,28,42,44,45,NA,58,58,NA,68,NA,NA,33,39,48,47,NA,NA,41,NA,NA,NA,NA,54,58,68,80,NA,NA,NA,NA,22,39,42,16,16,17,17,17,19,19,25,36,37,42,43,43,40,55,64,38,NA,NA,26,26,26,26,28,35,52,59,60,82,51
060770031093,14,37,42,38,42,59,63,63,53,62,NA,13,21,39,39,40,31,41,42,20,27,44,44,59,61,62,63,25,25,27,40,41,30,47,NA,NA,NA,10,27,46,24,25,64,65,66,46,46,46,24,24,24,39,47,57,43,45,45,24,NA,NA,11,17,25,40,44,46,58,NA,22,37,41,44,52,58,58,NA,24,27,68,29,34,NA,31,NA,NA,NA,NA,NA,NA,NA,54,58,68,79,NA,NA,NA,NA,NA,NA,NA,15,15,16,16,16,17,19,19,36,37,32,32,41,31,63,NA,29,55,NA,25,25,26,26,28,26,53,59,60,NA,NA
060770031094,32,52,53,42,69,71,105,109,42,44,107,31,45,56,56,57,29,33,55,31,56,58,35,72,88,NA,NA,28,30,31,31,32,27,35,39,70,75,25,42,NA,31,48,NA,NA,NA,NA,NA,NA,25,31,33,NA,NA,NA,66,67,68,21,NA,NA,26,27,63,NA,NA,34,65,NA,60,NA,NA,NA,NA,NA,NA,NA,NA,NA,NA,NA,NA,NA,27,38,NA,35,37,39,NA,NA,NA,NA,NA,NA,NA,98,NA,NA,24,NA,NA,30,30,31,31,32,32,32,NA,NA,NA,15,NA,NA,40,NA,NA,35,93,NA,NA,NA,NA,NA,NA,35,94,NA,NA,NA,NA
060770031101,14,22,31,42,47,51,56,63,50,55,57,8,15,29,29,32,30,33,49,12,15,34,31,50,51,60,NA,16,16,18,21,32,22,31,35,NA,NA,14,23,33,34,44,53,54,55,37,37,37,17,17,17,30,45,55,29,31,31,31,32,52,18,19,23,24,38,31,34,46,19,20,22,23,29,43,43,NA,31,41,NA,20,25,27,29,35,NA,36,45,46,47,50,46,47,64,67,NA,NA,NA,NA,NA,NA,NA,4,5,5,5,6,6,7,7,24,25,29,29,30,32,47,51,35,51,NA,14,14,14,14,14,30,36,47,48,58,39
060770031102,11,42,42,15,26,33,58,63,29,61,NA,18,39,40,41,43,29,32,35,21,25,NA,37,59,61,63,NA,7,8,8,26,27,16,19,20,29,NA,12,15,24,10,28,44,48,66,24,24,24,18,18,18,32,38,57,43,45,NA,23,53,NA,4,4,6,10,NA,45,57,NA,38,41,44,44,60,21,58,58,18,19,35,22,25,47,20,21,26,17,NA,NA,NA,NA,35,53,57,79,NA,20,23,NA,8,27,30,19,20,21,21,22,22,22,23,35,36,15,15,41,NA,NA,NA,21,23,40,25,25,25,25,28,20,50,58,60,NA,41
060770031103,15,40,40,26,41,52,53,60,42,44,59,9,16,21,22,24,32,39,39,17,21,NA,56,58,59,60,NA,15,15,16,29,30,24,30,30,NA,NA,2,15,27,13,32,39,44,64,37,37,37,22,22,22,36,45,54,38,40,40,24,NA,NA,10,13,15,15,NA,40,43,55,29,31,32,37,38,35,55,55,22,26,65,26,32,37,24,25,30,45,NA,NA,NA,NA,55,77,NA,NA,NA,NA,NA,NA,30,33,NA,12,12,13,14,15,15,16,16,33,34,20,20,38,29,61,NA,24,27,43,23,23,23,23,25,24,52,56,64,NA,NA
060770031111,23,37,38,38,43,55,64,75,27,53,73,22,29,40,40,41,18,30,51,38,39,41,31,41,52,71,75,9,11,12,13,13,19,21,30,33,33,18,35,36,13,52,56,66,78,36,36,36,16,16,16,36,44,69,72,73,75,28,65,NA,8,8,9,14,63,65,NA,NA,22,50,53,56,60,27,69,69,16,19,38,23,29,NA,12,37,NA,15,NA,NA,NA,NA,66,69,90,NA,NA,24,43,NA,9,39,42,26,27,29,30,31,32,43,NA,NA,NA,17,20,NA,24,71,NA,19,22,52,NA,NA,NA,NA,NA,50,54,57,69,79,NA
060770031112,19,45,NA,21,21,26,32,57,21,38,67,26,32,40,40,41,28,39,45,27,33,38,12,22,41,66,68,15,16,17,17,34,25,27,34,34,NA,19,27,NA,22,24,72,NA,NA,32,32,32,20,20,20,62,NA,NA,51,NA,NA,22,NA,NA,12,12,14,18,34,54,63,NA,18,43,46,49,50,11,36,63,5,32,38,25,28,NA,34,34,NA,11,33,34,36,45,46,51,64,84,NA,9,11,35,12,35,37,26,26,26,27,27,27,28,31,41,42,16,28,28,9,NA,NA,7,10,45,30,30,31,31,33,7,28,46,54,64,NA
060770031121,14,15,16,14,21,40,55,57,13,38,93,24,31,33,33,33,31,41,53,30,40,42,20,22,53,92,94,13,14,14,38,39,26,33,35,55,60,16,27,52,14,22,60,76,78,52,52,52,15,16,55,68,NA,NA,23,24,67,22,55,89,8,9,13,13,63,27,69,NA,54,57,58,63,NA,49,69,69,43,55,67,NA,NA,NA,11,NA,NA,NA,NA,NA,NA,NA,90,NA,NA,NA,NA,NA,NA,NA,NA,NA,NA,NA,NA,NA,NA,NA,NA,NA,NA,NA,NA,16,NA,NA,20,22,72,19,26,78,34,34,34,34,36,13,19,79,80,80,NA
060770031122,20,21,22,18,25,59,61,96,34,34,99,29,34,34,34,36,46,54,58,36,45,48,11,25,48,98,100,16,21,22,65,67,34,37,52,52,62,21,32,49,19,27,66,72,83,49,49,49,20,22,51,74,NA,NA,11,20,20,13,18,94,21,21,25,26,51,54,NA,NA,50,54,54,68,NA,74,74,NA,39,40,50,NA,NA,NA,26,35,46,12,20,NA,NA,NA,11,43,74,NA,NA,NA,NA,NA,16,NA,NA,NA,NA,NA,NA,NA,NA,NA,NA,NA,NA,29,61,NA,25,27,83,24,27,83,39,39,39,39,41,9,24,29,84,85,NA
060770031131,23,33,34,13,18,22,25,25,22,22,38,30,33,40,40,41,24,43,79,28,38,41,7,22,68,NA,NA,17,17,18,20,35,10,35,35,39,42,30,30,NA,13,15,21,22,NA,NA,NA,NA,19,19,35,30,45,66,19,19,55,43,68,68,21,21,22,25,34,NA,NA,NA,34,50,52,57,77,19,42,NA,54,NA,NA,8,14,NA,28,30,34,11,17,19,24,NA,42,43,52,64,NA,11,13,39,26,35,38,28,29,29,29,30,30,31,31,44,45,26,34,34,17,17,64,12,14,36,34,34,34,34,36,34,45,52,53,67,39
060770031132,22,34,NA,14,29,30,NA,NA,15,19,19,27,30,35,36,37,40,84,NA,26,27,35,5,17,39,87,NA,14,14,15,19,35,14,35,40,43,45,23,34,NA,13,18,22,25,NA,37,37,37,68,70,NA,25,76,NA,3,45,47,48,69,NA,18,19,20,23,23,NA,NA,NA,39,39,43,NA,NA,25,44,77,45,51,NA,18,25,NA,25,34,40,12,16,40,52,NA,22,86,NA,NA,NA,11,16,44,23,40,40,24,25,25,25,27,28,29,30,30,41,23,63,69,22,22,56,12,12,54,41,41,42,42,44,9,10,50,52,54,NA
060770031133,20,21,22,21,45,50,51,62,7,16,17,30,38,42,42,42,16,23,51,36,45,45,5,6,49,51,80,13,18,21,22,65,30,50,66,67,67,21,47,67,7,19,66,66,83,47,47,69,20,20,21,74,NA,NA,27,66,NA,94,94,NA,19,19,20,20,49,NA,NA,NA,49,50,52,69,NA,30,44,75,48,NA,NA,55,NA,NA,31,33,45,41,47,50,NA,NA,NA,NA,NA,NA,NA,NA,NA,NA,22,NA,NA,36,37,38,38,38,39,50,51,53,54,17,21,61,24,25,79,19,22,26,39,39,40,42,42,7,21,78,84,85,NA
060770031134,19,20,21,15,18,18,61,NA,3,16,24,29,34,37,41,41,15,47,54,35,45,46,1,1,13,18,101,14,17,22,23,65,35,49,49,49,63,22,46,67,3,20,26,66,84,46,46,70,66,69,71,74,NA,NA,74,NA,NA,35,46,95,18,18,19,19,48,NA,NA,NA,48,49,51,52,69,24,43,75,45,49,56,NA,NA,NA,24,44,NA,0,5,25,NA,NA,96,97,NA,NA,NA,13,NA,NA,21,NA,NA,36,37,37,38,39,40,51,51,53,54,18,22,62,24,26,80,14,16,21,40,40,40,42,42,8,79,84,86,NA,NA
060770031141,40,40,41,28,56,70,80,82,17,28,NA,NA,NA,NA,NA,NA,49,54,105,93,93,NA,26,59,NA,NA,NA,58,89,NA,NA,NA,48,NA,NA,NA,NA,NA,NA,NA,NA,NA,NA,NA,NA,NA,NA,NA,NA,NA,NA,NA,NA,NA,35,NA,NA,NA,NA,NA,NA,NA,NA,NA,NA,NA,NA,NA,NA,NA,NA,NA,NA,NA,NA,NA,NA,NA,NA,NA,NA,NA,NA,NA,NA,NA,NA,NA,NA,NA,81,NA,NA,NA,NA,57,NA,NA,NA,NA,NA,71,72,72,72,73,73,76,82,84,85,56,73,102,33,59,128,41,51,54,71,74,74,76,78,54,93,103,108,131,67
060770031142,33,34,35,22,49,64,74,76,12,14,112,47,52,52,56,56,42,83,NA,63,82,82,16,97,99,NA,NA,33,37,41,42,79,32,37,46,65,79,62,83,NA,37,63,83,103,NA,62,62,NA,45,65,81,62,94,NA,14,14,67,28,33,114,32,33,34,36,64,67,NA,NA,64,67,67,89,NA,95,95,NA,NA,NA,NA,NA,NA,NA,NA,NA,NA,112,NA,NA,NA,NA,115,116,NA,NA,NA,108,NA,NA,33,NA,NA,56,56,57,57,58,58,59,72,NA,NA,37,41,81,58,58,90,41,44,72,54,54,54,56,56,43,74,76,82,104,75
060770031143,45,50,112,28,NA,NA,NA,NA,26,26,27,NA,NA,NA,NA,NA,NA,NA,NA,NA,NA,NA,30,32,37,NA,NA,NA,NA,NA,NA,NA,NA,NA,NA,NA,NA,NA,NA,NA,35,NA,NA,NA,NA,NA,NA,NA,NA,NA,NA,NA,NA,NA,50,NA,NA,NA,NA,NA,NA,NA,NA,NA,NA,NA,NA,NA,NA,NA,NA,NA,NA,NA,NA,NA,NA,NA,NA,57,59,62,57,72,72,36,42,50,51,75,38,47,52,81,91,52,57,89,72,72,74,53,55,55,56,57,66,66,66,69,70,53,77,97,44,47,76,54,71,72,58,58,58,59,59,34,50,87,106,106,95
060770031144,58,103,106,48,NA,NA,NA,NA,21,23,31,NA,NA,NA,NA,NA,56,NA,NA,NA,NA,NA,50,NA,NA,NA,NA,NA,NA,NA,NA,NA,NA,NA,NA,NA,NA,NA,NA,NA,31,60,NA,NA,NA,NA,NA,NA,NA,NA,NA,NA,NA,NA,NA,NA,NA,44,56,NA,NA,NA,NA,NA,NA,NA,NA,NA,NA,NA,NA,NA,NA,NA,NA,NA,NA,NA,NA,NA,NA,NA,63,68,68,38,45,71,80,86,48,57,63,105,110,48,53,85,54,67,67,51,51,52,52,52,61,62,62,65,66,51,56,92,40,40,75,37,85,100,54,54,55,56,60,30,45,46,66,101,91
060770032031,15,17,26,42,44,48,62,NA,46,68,71,19,22,22,25,25,19,34,57,4,23,30,39,46,46,48,NA,24,24,25,26,29,19,29,30,38,40,25,29,32,42,49,50,51,52,30,30,30,24,25,25,38,42,63,27,29,29,39,39,NA,28,NA,NA,NA,NA,27,30,43,18,21,21,28,NA,43,43,NA,41,NA,NA,23,28,35,18,NA,NA,25,26,NA,NA,NA,43,43,64,NA,NA,NA,NA,NA,23,26,28,16,16,17,17,17,18,18,19,25,26,33,43,43,24,48,55,40,49,84,10,11,11,12,12,28,38,42,44,79,47
060770032032,20,32,32,45,50,52,64,NA,51,71,73,20,28,30,30,31,22,36,72,22,28,32,32,43,48,51,52,29,30,34,35,37,12,34,42,44,53,35,45,NA,54,55,56,57,69,35,35,35,NA,NA,NA,46,54,NA,32,34,34,51,52,NA,12,29,NA,NA,NA,32,35,47,6,24,26,33,NA,47,47,NA,43,NA,NA,28,42,NA,30,NA,NA,30,NA,NA,NA,NA,43,52,73,NA,NA,42,46,NA,28,31,41,13,24,24,25,25,26,26,26,32,33,27,33,NA,36,57,NA,40,45,61,NA,NA,NA,NA,NA,33,42,48,50,87,52
060770032051,21,26,26,43,47,51,61,NA,46,62,64,13,13,16,18,25,23,54,56,16,21,27,36,38,45,46,47,23,23,24,26,28,17,28,28,29,40,28,29,32,41,48,49,50,51,29,29,29,24,24,24,37,41,62,26,28,29,38,39,56,27,29,29,32,32,26,29,42,17,20,20,25,NA,42,42,50,35,44,45,22,28,34,18,NA,NA,24,25,52,53,54,36,37,38,42,46,29,33,NA,22,25,39,15,16,16,18,18,18,18,18,19,20,25,36,36,27,47,60,40,57,83,8,9,10,13,17,27,37,41,43,78,46
060770032052,28,30,35,51,55,56,75,NA,54,82,84,19,19,22,30,44,34,59,75,26,32,38,46,53,53,54,55,33,41,41,44,NA,16,38,47,56,58,38,48,NA,57,58,59,61,72,38,38,38,44,44,44,49,58,NA,35,37,37,NA,NA,NA,37,NA,NA,NA,NA,35,38,50,27,29,30,NA,NA,50,50,NA,40,NA,NA,32,39,NA,16,48,50,33,34,79,NA,NA,42,52,55,64,NA,49,54,NA,31,34,49,27,27,28,28,28,29,30,30,35,36,24,NA,NA,32,47,72,49,54,64,19,NA,NA,NA,NA,36,46,53,90,NA,56
060770032053,18,20,23,28,40,45,59,NA,43,59,62,13,13,16,16,22,20,51,54,17,19,20,34,36,42,43,43,21,21,22,22,26,19,25,26,26,37,25,26,29,39,46,47,48,49,26,26,26,21,21,23,35,39,60,24,26,26,36,36,54,20,25,26,26,29,24,27,39,15,18,18,24,25,40,40,48,38,41,41,20,25,32,20,31,34,22,23,50,50,51,34,39,40,54,NA,26,31,NA,20,22,37,12,14,14,15,15,15,16,16,17,18,24,33,NA,21,25,45,37,52,81,6,9,9,11,14,25,35,39,40,58,44
060770032081,47,53,68,48,62,64,90,93,51,104,106,42,42,43,50,52,55,96,NA,28,36,36,49,50,51,68,70,45,55,55,57,60,48,55,65,71,78,50,59,60,41,50,50,52,60,49,49,49,62,62,64,20,76,NA,56,56,58,113,NA,NA,51,56,NA,NA,NA,21,55,57,36,48,50,50,NA,21,21,NA,14,NA,NA,NA,NA,NA,NA,NA,NA,53,55,NA,NA,NA,21,31,60,65,857,NA,NA,NA,49,52,NA,27,28,46,47,48,48,49,49,50,50,38,93,93,47,51,51,99,108,NA,36,37,37,37,37,55,80,97,NA,NA,103
060770032082,48,50,50,36,57,59,85,88,38,99,101,30,30,31,32,46,40,50,NA,31,33,46,38,38,38,63,92,39,40,40,52,53,43,50,60,66,73,45,54,55,41,42,43,68,78,44,44,45,49,50,76,34,112,NA,35,49,53,98,104,NA,46,51,59,NA,NA,35,50,52,22,44,45,46,NA,35,35,NA,65,NA,NA,58,NA,NA,NA,NA,NA,48,50,51,NA,NA,37,55,57,59,NA,81,85,NA,45,47,88,26,27,34,36,42,44,45,45,45,51,32,57,88,40,42,46,92,94,106,31,32,32,32,32,50,77,92,NA,NA,98
060770032083,35,41,56,51,53,54,58,82,57,92,95,15,16,17,39,41,43,84,NA,16,25,41,54,57,57,58,59,33,43,44,46,48,37,43,54,60,67,38,48,48,28,29,30,62,72,38,38,38,42,42,44,21,55,NA,34,36,36,86,87,92,40,45,NA,NA,NA,22,43,46,12,36,39,39,NA,22,22,NA,30,NA,NA,52,NA,NA,41,NA,NA,42,43,NA,NA,NA,22,32,48,54,NA,NA,NA,NA,38,41,NA,33,34,NA,NA,NA,NA,NA,NA,NA,NA,11,NA,NA,27,35,39,56,93,98,NA,NA,NA,NA,NA,43,70,86,NA,NA,92
060770032084,30,36,58,25,46,48,56,76,59,87,90,8,9,10,46,49,38,79,NA,20,25,33,23,24,25,52,54,28,38,39,40,43,32,38,49,55,62,33,43,43,27,28,29,56,66,33,33,33,37,37,39,20,50,NA,29,31,31,81,82,87,28,34,44,44,51,20,38,41,8,55,56,57,57,21,21,NA,19,NA,NA,44,NA,NA,39,NA,NA,37,38,NA,NA,NA,20,30,43,49,NA,NA,NA,NA,33,36,56,23,24,NA,NA,NA,NA,NA,NA,NA,NA,9,NA,NA,26,30,34,58,87,95,20,23,26,26,29,38,66,81,NA,NA,87
060770032091,37,39,39,25,46,48,74,77,27,88,90,18,19,19,20,35,29,39,NA,20,22,35,27,27,27,52,54,27,28,29,41,42,32,39,49,55,62,34,43,44,30,31,32,57,67,33,33,33,38,38,65,23,51,NA,29,31,32,50,81,88,29,34,39,51,52,24,39,41,11,56,57,58,NA,24,24,NA,22,NA,NA,44,NA,NA,NA,NA,NA,38,39,40,NA,NA,24,26,46,49,NA,NA,NA,NA,34,36,NA,15,16,NA,NA,NA,NA,NA,NA,NA,NA,22,53,NA,29,31,35,81,83,90,20,20,20,21,21,39,66,81,NA,NA,87
060770032092,34,36,37,25,44,46,72,75,28,85,88,16,16,17,18,48,36,77,NA,18,20,45,27,27,28,50,52,25,26,26,37,39,30,36,47,53,60,31,41,41,31,32,33,55,65,31,31,31,35,35,63,23,48,NA,27,29,29,48,79,85,26,32,37,49,49,24,27,30,12,52,53,54,56,24,24,NA,22,NA,NA,40,NA,NA,58,NA,NA,35,36,38,NA,NA,24,26,44,46,NA,NA,NA,NA,31,34,NA,33,34,41,42,42,43,43,NA,NA,NA,20,55,74,29,29,32,78,81,92,18,18,18,18,29,36,64,79,NA,NA,85
060770032093,21,44,44,32,39,60,70,NA,35,71,73,12,12,12,15,27,31,62,65,28,30,31,34,34,34,45,47,32,32,33,33,37,30,37,37,37,48,36,37,40,38,38,40,50,62,32,32,32,32,32,34,30,46,71,30,30,30,43,59,60,27,33,38,38,44,31,35,38,17,26,28,29,35,31,31,59,29,NA,NA,33,36,43,33,45,47,33,34,36,62,62,45,50,51,52,NA,38,42,NA,31,33,45,9,25,25,26,26,26,27,27,27,28,22,45,55,29,34,36,48,63,65,19,22,22,23,24,37,46,50,70,NA,55
060770032101,54,57,72,40,67,93,100,NA,39,92,NA,28,28,29,29,57,60,83,NA,47,50,57,36,38,40,78,NA,51,52,NA,NA,NA,30,73,NA,NA,NA,57,67,NA,37,42,42,44,92,57,57,57,NA,NA,NA,34,76,NA,54,56,56,NA,NA,NA,28,NA,NA,NA,NA,35,54,57,30,30,45,48,58,35,35,65,33,74,80,50,67,74,28,57,76,52,91,NA,NA,NA,35,45,56,124,NA,NA,NA,NA,50,53,NA,NA,NA,NA,NA,NA,NA,NA,NA,NA,NA,16,NA,NA,40,51,58,58,95,NA,42,42,43,43,45,55,61,71,109,NA,71
060770032102,33,35,45,29,60,60,80,NA,28,83,NA,8,8,9,40,54,51,75,85,25,28,33,27,28,29,65,67,43,51,52,54,NA,24,47,58,NA,NA,48,53,NA,31,32,33,66,76,48,48,48,47,47,47,23,60,NA,46,47,47,NA,NA,NA,47,NA,NA,NA,NA,24,45,48,17,37,39,40,NA,24,24,NA,22,NA,NA,42,49,56,23,25,67,44,44,89,NA,NA,24,26,34,56,62,59,64,NA,42,44,55,25,26,NA,NA,NA,NA,NA,NA,NA,NA,13,NA,NA,29,43,83,50,87,97,NA,NA,NA,NA,NA,46,48,63,100,NA,62
060770032131,68,68,74,85,99,111,114,NA,125,128,NA,40,41,41,72,74,76,117,NA,49,58,58,59,87,89,91,NA,44,44,47,67,68,33,50,89,NA,NA,49,53,77,49,66,93,93,94,76,77,77,45,45,46,58,85,NA,71,73,73,101,103,NA,33,46,50,57,69,71,74,86,39,47,64,67,67,86,86,NA,43,56,62,41,49,55,34,58,77,71,NA,NA,NA,NA,49,86,88,107,NA,50,54,99,57,67,69,36,37,37,38,38,39,39,39,40,42,19,57,79,62,70,91,60,97,NA,26,28,56,59,59,49,55,64,66,78,61
060770032132,47,53,68,50,54,64,90,93,53,104,106,23,23,24,50,52,55,96,NA,28,36,51,50,53,54,68,70,45,55,55,58,60,37,65,71,78,101,50,59,60,41,54,55,56,60,49,49,49,37,37,37,28,51,NA,NA,NA,NA,NA,NA,NA,NA,NA,NA,NA,NA,29,NA,NA,23,NA,NA,NA,NA,29,29,NA,26,NA,NA,NA,NA,NA,38,NA,NA,NA,NA,NA,NA,NA,32,50,NA,NA,NA,NA,NA,NA,NA,NA,NA,NA,NA,NA,NA,NA,NA,NA,NA,NA,NA,13,NA,NA,53,NA,NA,NA,NA,NA,NA,NA,NA,NA,NA,55,71,97,NA,NA,103
060770032133,35,37,59,52,57,62,91,NA,55,NA,NA,18,18,19,48,60,52,NA,NA,26,44,49,53,55,57,66,68,42,NA,NA,NA,NA,35,63,NA,NA,NA,47,57,NA,32,33,34,71,81,47,47,47,NA,NA,NA,25,NA,NA,NA,NA,NA,NA,NA,NA,NA,NA,NA,NA,NA,25,NA,NA,21,NA,NA,NA,NA,26,26,NA,28,NA,NA,NA,NA,NA,36,58,NA,NA,NA,NA,NA,NA,34,47,NA,NA,NA,NA,NA,NA,NA,NA,NA,NA,NA,NA,NA,NA,NA,NA,NA,NA,NA,7,NA,NA,55,NA,NA,NA,NA,NA,NA,NA,NA,NA,NA,45,59,67,NA,NA,55
060770032134,54,57,71,40,67,93,100,NA,38,92,NA,27,27,28,29,57,60,83,NA,41,50,57,38,40,59,78,NA,51,52,NA,NA,NA,30,73,NA,NA,NA,57,67,NA,41,42,43,48,NA,57,57,57,NA,NA,NA,34,76,NA,54,56,56,NA,NA,NA,28,NA,NA,NA,NA,35,54,57,29,46,48,48,58,35,35,NA,35,74,80,50,67,74,28,57,76,52,53,NA,NA,NA,35,45,56,124,NA,NA,NA,NA,NA,NA,NA,NA,NA,NA,NA,NA,NA,NA,NA,NA,NA,NA,NA,NA,40,63,91,59,95,NA,42,42,43,43,45,55,61,76,109,NA,71
060770032141,55,61,76,53,58,72,98,101,57,112,114,34,34,35,58,60,63,104,NA,36,44,59,54,57,58,78,NA,53,63,63,66,68,38,73,86,86,109,49,53,77,42,50,58,59,67,77,77,77,45,45,47,32,59,87,72,74,74,101,103,NA,38,46,50,50,57,33,72,75,34,47,65,67,68,33,33,101,30,56,62,42,49,56,39,58,NA,71,72,NA,NA,NA,33,35,55,NA,NA,50,55,100,57,67,70,36,37,38,39,39,39,40,40,41,42,57,57,85,57,64,NA,60,97,NA,44,45,45,45,45,63,78,105,NA,NA,62
060770032142,50,56,71,49,54,68,93,97,52,107,110,30,30,31,54,56,58,99,NA,31,40,54,50,52,54,72,74,48,58,59,61,63,59,69,75,82,105,53,63,63,50,54,55,56,67,77,77,77,45,45,45,28,59,NA,NA,NA,NA,NA,NA,NA,NA,NA,NA,NA,NA,29,NA,NA,NA,NA,NA,NA,NA,29,29,NA,25,NA,NA,NA,NA,NA,44,NA,NA,NA,NA,NA,NA,NA,29,31,50,69,NA,NA,NA,NA,NA,NA,NA,30,NA,NA,NA,NA,NA,NA,NA,NA,NA,71,NA,NA,52,NA,NA,60,97,NA,40,40,40,40,41,49,58,79,101,NA,107
060770032151,NA,NA,NA,NA,NA,NA,NA,NA,NA,NA,NA,NA,NA,NA,NA,NA,NA,NA,NA,NA,NA,NA,NA,NA,NA,NA,NA,NA,NA,NA,NA,NA,NA,NA,NA,NA,NA,NA,NA,NA,NA,NA,NA,NA,NA,NA,NA,NA,NA,NA,NA,NA,NA,NA,NA,NA,NA,NA,NA,NA,NA,NA,NA,NA,NA,NA,NA,NA,NA,NA,NA,NA,NA,NA,NA,NA,NA,NA,NA,NA,NA,NA,NA,NA,NA,NA,NA,NA,NA,NA,NA,NA,NA,NA,NA,NA,NA,NA,NA,NA,NA,NA,NA,NA,NA,NA,NA,NA,NA,NA,NA,NA,NA,NA,NA,NA,NA,NA,NA,NA,NA,NA,NA,NA,NA,NA,NA,NA,NA,NA,NA
060770032152,34,36,39,52,57,76,79,NA,55,74,NA,31,39,39,40,45,35,36,66,31,33,36,53,54,57,66,NA,43,43,45,45,49,39,41,47,49,60,39,49,49,58,59,60,63,73,39,39,39,45,45,47,51,59,NA,37,37,39,NA,NA,NA,33,NA,NA,NA,NA,37,51,NA,28,31,41,41,NA,52,52,NA,44,53,54,33,41,47,35,46,50,35,36,74,80,NA,47,77,NA,NA,NA,50,55,NA,33,35,58,27,28,35,36,36,37,37,37,38,38,46,NA,NA,41,51,60,49,51,65,25,25,25,25,27,38,44,52,54,92,53
060770032153,35,46,48,56,60,70,79,86,59,78,NA,35,43,43,44,49,40,70,80,35,36,40,57,60,60,62,70,38,46,47,49,51,43,45,51,52,63,35,43,53,34,38,62,63,64,43,43,43,49,49,51,55,63,NA,41,42,42,81,NA,NA,35,36,36,37,37,40,55,NA,25,32,35,35,38,53,54,54,53,57,57,37,44,51,46,54,58,39,39,78,NA,NA,51,81,NA,NA,NA,54,59,NA,36,39,62,21,23,24,24,26,26,26,26,31,31,43,47,59,44,56,64,52,53,69,29,29,29,29,31,41,48,56,58,95,57
060770032161,25,35,35,51,55,56,70,NA,54,77,79,26,26,27,27,33,35,65,75,32,35,38,35,47,52,54,56,32,34,41,42,43,17,38,46,48,56,38,48,NA,57,58,59,62,72,38,38,38,NA,NA,NA,50,58,NA,36,38,38,NA,NA,NA,7,32,NA,NA,NA,36,38,50,11,27,30,36,NA,51,51,NA,47,NA,NA,32,40,NA,34,NA,NA,34,34,NA,NA,NA,46,53,55,55,76,49,54,NA,32,34,57,16,34,34,35,35,35,36,36,37,37,14,46,NA,40,59,NA,44,65,NA,16,NA,NA,NA,NA,37,44,52,53,90,53
060770032162,37,40,41,54,61,80,87,NA,60,79,NA,29,30,30,36,50,40,70,NA,34,35,37,41,57,60,61,62,38,39,46,47,49,17,43,51,53,62,31,44,54,23,24,63,64,65,44,44,44,50,50,51,55,63,NA,41,43,43,77,NA,NA,31,31,32,33,38,41,44,56,21,32,34,35,35,54,54,55,44,54,59,37,45,52,37,47,55,39,78,85,NA,NA,50,60,82,NA,NA,55,59,NA,37,40,62,NA,NA,NA,NA,NA,NA,NA,NA,NA,NA,59,NA,NA,45,64,65,49,70,NA,29,29,30,30,32,42,48,57,58,96,58
060770032171,29,30,34,55,55,75,NA,NA,53,81,84,29,33,37,37,43,34,64,NA,34,34,37,34,44,46,51,55,33,40,41,42,45,10,45,47,54,58,25,37,47,56,57,58,60,72,37,37,37,43,43,45,49,57,NA,35,37,37,54,NA,NA,24,25,26,27,31,37,49,NA,26,28,29,29,29,48,50,50,37,44,49,31,39,53,31,40,53,33,72,78,NA,NA,54,54,54,75,NA,48,53,NA,31,33,56,15,25,33,33,34,34,35,36,36,36,53,NA,NA,39,58,NA,43,63,NA,23,23,23,23,25,36,42,51,52,89,51
060770032172,26,27,29,51,52,72,NA,NA,54,78,81,28,30,31,31,35,35,58,75,25,35,38,44,46,51,54,55,33,41,41,43,NA,37,40,45,47,58,38,48,NA,57,57,58,60,72,38,38,38,NA,NA,NA,49,57,NA,35,37,37,45,NA,NA,32,NA,NA,NA,NA,35,50,NA,11,26,29,40,NA,50,50,NA,NA,NA,NA,31,39,NA,NA,NA,NA,33,34,56,58,72,54,54,76,NA,NA,49,53,NA,31,34,56,25,34,34,35,35,35,35,36,36,37,35,43,NA,39,60,NA,34,63,NA,NA,NA,NA,NA,NA,36,42,51,52,90,52
060770033051,18,18,29,31,43,57,71,NA,43,43,69,19,20,NA,NA,NA,36,57,NA,23,28,28,43,45,69,69,NA,18,18,19,19,20,18,18,44,46,NA,9,16,26,27,30,74,NA,NA,16,16,16,29,29,32,20,36,65,44,49,49,40,50,54,24,28,31,33,56,44,85,NA,21,26,30,35,38,24,29,NA,NA,NA,NA,26,27,30,18,26,59,NA,NA,NA,NA,NA,61,NA,NA,NA,NA,19,21,24,19,28,37,26,27,32,32,NA,NA,NA,NA,NA,NA,5,11,NA,38,NA,NA,24,32,NA,27,27,35,44,44,22,43,57,NA,NA,39
060770033052,21,21,37,37,39,64,73,NA,37,37,72,27,30,36,36,39,41,41,48,15,19,19,28,37,39,40,45,19,19,20,21,25,25,25,33,35,37,15,22,27,18,21,28,34,76,22,22,22,20,20,22,21,54,67,29,38,38,36,39,65,19,23,24,32,35,40,64,NA,20,31,36,39,67,16,22,65,29,29,63,29,29,34,17,25,52,21,35,40,NA,NA,36,40,51,NA,NA,16,23,25,23,25,28,26,27,28,29,32,33,42,NA,NA,NA,9,12,NA,47,57,NA,16,30,37,32,32,32,33,35,18,26,49,57,66,47
060770033053,5,6,38,25,25,39,54,54,26,26,57,18,21,36,36,39,19,30,37,18,25,28,23,26,28,55,57,2,4,5,12,26,21,24,26,27,39,15,20,23,5,19,24,32,62,23,23,23,10,10,10,25,31,53,24,27,30,23,28,52,13,13,20,20,40,27,41,53,8,27,30,30,36,21,27,53,23,26,63,18,30,43,18,27,42,21,22,25,30,34,43,49,51,53,55,19,22,26,20,26,29,14,16,16,16,16,17,17,18,18,32,10,31,37,19,27,52,15,17,27,21,21,21,21,23,13,27,51,54,57,37
060770033061,27,27,27,39,42,49,56,66,45,60,63,22,27,42,42,45,25,32,65,7,10,10,44,45,45,52,52,18,19,20,24,25,29,32,54,55,57,18,28,35,21,48,49,50,68,27,27,27,32,32,34,41,46,71,30,41,54,43,49,54,19,25,33,43,43,27,30,41,22,27,32,35,42,42,42,49,NA,NA,NA,8,27,36,25,45,50,28,51,52,52,55,38,39,42,NA,NA,19,21,36,23,26,37,16,16,17,19,20,21,22,22,23,24,17,22,NA,24,28,47,NA,NA,NA,25,25,25,26,NA,26,28,36,67,NA,NA
060770033062,20,20,20,32,37,41,50,59,53,58,61,18,21,NA,NA,NA,33,40,63,14,21,21,37,43,53,53,NA,17,17,18,22,22,34,37,40,40,42,11,19,28,25,30,58,NA,NA,19,19,19,30,31,32,39,49,69,34,49,54,41,47,53,21,26,35,35,48,35,38,49,25,28,29,35,40,29,50,50,NA,NA,NA,20,25,34,22,24,42,34,49,50,50,53,19,35,71,NA,NA,17,19,27,22,25,35,17,18,21,22,22,25,27,27,NA,NA,8,15,NA,32,66,NA,26,61,NA,NA,NA,NA,NA,NA,25,36,42,66,NA,NA
060770033071,19,22,24,31,37,52,62,NA,40,60,62,14,19,30,30,33,22,36,57,9,9,17,37,39,39,39,40,18,19,19,20,26,22,23,24,30,40,23,24,29,42,43,44,45,52,24,24,24,25,25,26,35,38,63,24,24,47,35,40,40,17,23,30,30,32,22,25,36,15,16,21,22,26,36,36,48,34,NA,NA,16,28,35,20,26,30,20,20,50,51,52,32,37,38,57,NA,19,21,36,18,20,37,10,10,11,11,12,13,13,14,14,15,26,29,NA,19,23,41,37,40,58,9,10,14,14,15,23,26,37,59,NA,47
060770033072,17,19,30,26,45,47,57,57,48,58,61,14,32,32,32,35,28,37,52,5,11,17,33,35,47,48,48,19,20,24,28,28,25,29,32,32,36,14,24,26,38,48,51,52,53,28,28,28,20,20,22,34,44,58,NA,NA,NA,31,35,52,21,25,25,26,31,30,33,44,22,23,24,25,30,45,45,47,43,NA,NA,20,24,31,28,29,33,28,49,49,50,53,44,45,46,66,NA,20,22,37,26,29,36,6,12,12,12,12,13,18,19,26,27,20,32,NA,27,31,50,29,36,54,16,16,17,17,18,31,33,54,55,NA,43
060770033073,16,18,33,26,49,53,53,56,46,49,51,4,9,NA,NA,NA,34,48,NA,13,25,NA,32,35,51,51,NA,19,19,19,20,23,24,32,35,36,NA,8,17,20,34,39,56,NA,NA,20,20,20,19,19,21,33,47,54,NA,NA,NA,NA,NA,NA,21,21,24,29,36,33,36,48,14,27,27,28,34,37,48,48,46,NA,NA,22,23,30,30,32,NA,32,33,NA,NA,NA,37,48,50,69,NA,20,22,37,23,26,26,9,9,12,13,13,14,14,15,22,23,14,34,NA,53,55,NA,33,35,37,18,18,18,19,23,33,34,56,56,NA,NA
060770033081,16,32,NA,21,28,37,60,NA,34,NA,NA,26,29,38,38,41,19,35,75,34,34,35,18,25,25,33,NA,13,14,14,29,30,30,32,34,36,NA,19,25,28,10,NA,NA,NA,NA,NA,NA,NA,12,12,46,41,59,NA,NA,NA,NA,17,NA,NA,20,20,20,23,46,NA,NA,NA,22,40,43,46,62,35,36,NA,20,30,50,14,17,NA,19,30,NA,33,47,NA,NA,NA,31,37,55,NA,NA,12,14,21,25,31,33,21,22,22,22,22,23,24,24,37,38,23,43,78,58,61,NA,14,NA,NA,27,27,27,27,30,18,34,41,60,NA,40
060770033101,19,21,21,28,35,49,59,NA,38,63,65,16,23,23,23,26,19,39,54,9,17,23,34,36,37,38,38,18,19,19,21,22,19,23,24,27,37,24,25,32,39,41,42,43,49,24,24,24,21,22,28,34,35,60,21,23,24,32,37,57,19,23,25,29,29,21,24,34,15,15,16,20,24,35,35,51,32,NA,NA,16,25,32,19,29,31,19,20,22,54,54,34,36,39,56,NA,22,24,39,17,20,38,9,9,11,13,15,16,16,17,17,22,34,34,NA,19,22,40,34,37,52,7,11,12,12,12,22,29,36,58,NA,44
060770033102,28,40,42,37,37,46,68,NA,40,60,63,26,36,36,36,38,20,27,63,4,4,7,39,40,40,44,46,19,19,20,20,26,27,43,48,51,NA,25,32,35,43,44,45,49,59,24,24,24,29,31,31,36,43,69,25,36,53,42,49,55,12,18,28,39,42,22,25,36,12,22,33,35,41,37,37,49,38,NA,NA,7,27,35,20,21,27,21,23,51,52,52,33,37,53,NA,NA,19,22,37,18,21,37,6,6,7,21,24,25,26,26,27,28,28,NA,NA,19,23,42,89,NA,NA,14,20,20,20,20,23,27,39,67,NA,54
060770033111,34,50,50,30,58,64,69,71,33,75,78,26,26,26,27,41,28,36,NA,26,26,29,33,33,52,54,64,32,38,38,40,46,38,62,66,67,68,26,36,43,36,37,38,56,66,36,36,36,37,39,64,29,50,NA,29,31,67,50,64,70,28,33,37,49,51,30,55,56,23,39,41,43,58,30,30,64,56,NA,NA,29,42,45,41,53,54,38,40,NA,NA,NA,43,48,101,NA,NA,34,36,NA,NA,NA,NA,20,21,21,35,40,40,41,43,43,43,NA,NA,NA,31,34,35,94,NA,NA,26,29,29,30,30,38,42,67,NA,NA,62
060770033112,28,46,47,28,37,58,68,NA,31,69,72,20,20,21,23,26,28,31,63,24,24,28,30,31,31,43,45,30,31,31,33,33,35,36,36,47,57,35,36,39,34,35,36,48,60,35,35,35,31,32,60,27,44,69,24,26,27,46,58,63,23,28,32,44,46,24,26,27,13,27,30,33,41,27,28,57,25,NA,NA,27,35,40,31,44,54,32,34,60,60,61,44,48,60,NA,NA,36,40,NA,29,32,43,5,7,19,19,24,25,26,26,27,28,32,NA,NA,26,30,32,43,61,NA,20,20,21,21,22,33,44,48,67,NA,53
060770033121,21,22,NA,34,34,41,73,NA,38,38,40,25,29,36,36,37,34,49,70,18,22,22,24,31,38,46,49,21,21,22,NA,NA,32,32,33,38,41,21,28,29,18,19,24,25,NA,NA,NA,NA,19,19,19,22,55,72,30,38,38,31,32,32,22,23,24,39,42,40,65,NA,31,36,52,68,NA,22,41,44,16,18,63,NA,NA,NA,5,32,53,16,18,36,NA,NA,20,32,43,NA,NA,24,27,32,24,32,35,26,28,29,29,29,33,33,43,NA,NA,NA,NA,NA,53,64,71,27,30,32,33,33,33,33,35,8,26,53,66,NA,NA
060770033122,10,11,NA,35,40,67,NA,NA,44,44,NA,26,28,39,39,42,26,37,50,20,24,33,22,39,41,42,42,14,15,NA,NA,NA,16,33,33,40,43,22,28,31,15,22,23,NA,NA,NA,NA,NA,16,16,53,20,56,69,NA,NA,NA,36,NA,NA,23,23,26,42,43,42,NA,NA,33,38,53,69,NA,27,42,43,12,15,22,20,23,NA,37,NA,NA,8,19,NA,NA,NA,33,51,64,NA,NA,11,18,21,25,34,37,30,31,31,31,31,NA,NA,NA,NA,NA,NA,NA,NA,66,72,NA,16,24,25,34,34,35,35,37,29,51,68,NA,NA,NA
060770033123,17,17,29,29,33,42,71,NA,33,33,NA,28,30,32,32,34,29,44,83,13,17,29,22,27,40,42,69,13,13,26,27,NA,27,27,29,31,37,17,23,24,12,19,22,23,68,27,27,27,13,13,13,20,50,65,NA,NA,NA,27,NA,NA,17,17,20,39,42,36,60,NA,21,32,47,63,NA,17,22,61,16,17,18,25,NA,NA,17,26,30,17,18,NA,NA,NA,13,39,71,NA,NA,10,12,17,19,27,30,23,24,25,25,25,26,26,NA,NA,NA,11,19,NA,NA,NA,NA,22,NA,NA,28,28,28,29,31,4,27,47,62,NA,NA
060770033131,17,32,NA,41,45,72,NA,NA,41,41,44,33,39,40,40,43,29,45,52,21,25,36,39,41,43,49,49,24,24,25,NA,NA,35,35,37,41,45,20,30,NA,15,21,23,24,NA,NA,NA,NA,23,23,24,58,70,NA,38,44,44,35,41,43,27,28,35,39,55,44,NA,NA,27,31,44,53,86,18,37,49,13,24,NA,25,28,NA,10,35,57,13,14,39,NA,NA,22,36,55,NA,NA,27,29,35,27,36,NA,NA,NA,NA,NA,NA,NA,NA,NA,NA,NA,NA,NA,NA,45,58,66,33,NA,NA,35,35,36,36,39,10,22,57,58,92,NA
060770033132,15,55,NA,17,43,70,NA,NA,50,68,70,30,49,49,50,53,41,42,92,28,32,45,13,26,42,50,58,30,31,31,NA,NA,49,50,62,NA,NA,26,43,NA,21,22,50,NA,NA,NA,NA,NA,26,26,59,16,68,NA,22,48,62,56,58,81,17,25,31,39,43,62,NA,NA,46,49,51,51,84,23,47,57,18,20,22,23,26,NA,31,45,58,44,56,59,62,NA,39,83,NA,NA,NA,19,32,NA,NA,NA,NA,NA,NA,NA,NA,NA,NA,NA,NA,NA,NA,26,NA,NA,43,65,NA,18,NA,NA,NA,NA,NA,NA,NA,25,48,99,NA,NA,NA
060770034031,43,52,63,74,77,78,83,114,76,77,91,51,52,52,53,71,57,74,80,43,48,68,67,74,76,76,85,48,54,54,54,54,80,84,87,89,90,41,47,64,51,51,79,80,81,41,41,41,51,51,51,83,86,87,52,84,88,85,90,NA,47,49,50,52,62,70,73,84,41,43,55,59,73,100,NA,NA,52,54,70,46,48,49,53,60,NA,73,NA,NA,NA,NA,50,76,79,NA,NA,42,46,48,29,32,50,46,49,50,50,51,53,NA,NA,NA,NA,31,40,54,64,67,NA,52,101,NA,56,56,58,58,58,72,NA,NA,NA,NA,NA
060770034032,17,30,31,59,64,69,71,75,73,74,76,43,56,57,58,61,39,53,NA,40,46,59,52,64,68,70,70,30,34,34,34,34,52,64,66,67,68,27,29,43,30,31,73,74,75,29,29,29,31,31,31,66,66,77,31,31,68,65,70,NA,17,20,54,54,60,28,31,63,16,16,57,68,NA,64,NA,NA,46,NA,NA,23,43,46,43,61,63,52,54,NA,NA,NA,40,59,NA,NA,NA,36,38,48,30,32,40,37,41,NA,NA,NA,NA,NA,NA,NA,NA,13,30,44,NA,NA,NA,43,92,NA,39,39,39,39,NA,43,46,56,NA,NA,61
060770034033,16,25,26,38,54,59,63,65,62,62,76,36,40,53,54,54,24,40,96,38,42,43,49,57,59,59,76,21,25,31,31,31,26,44,61,64,65,23,27,40,22,37,65,66,67,27,27,27,28,28,28,45,57,71,34,57,65,62,67,NA,14,17,45,51,51,25,28,58,13,13,42,65,NA,61,NA,NA,44,NA,NA,21,40,43,43,44,63,32,116,116,NA,NA,38,42,46,NA,NA,31,32,33,24,27,35,32,38,38,38,40,40,41,42,NA,NA,11,25,39,NA,NA,NA,38,40,87,34,34,34,34,NA,38,43,53,110,NA,48
060770034041,30,55,62,37,64,69,93,99,67,68,94,50,50,50,52,53,57,80,90,40,40,40,29,62,65,65,72,30,58,58,58,61,30,49,56,68,NA,41,47,53,32,32,52,71,72,41,41,41,51,51,52,63,71,86,33,33,88,90,93,NA,32,39,48,49,50,31,34,74,36,37,44,62,63,50,74,74,46,54,98,40,46,60,49,50,51,30,53,121,NA,NA,35,71,76,84,NA,45,46,47,33,49,49,35,35,42,43,44,44,45,45,46,48,35,39,53,39,41,79,47,52,54,37,37,38,38,42,32,37,66,115,NA,75
060770034042,34,52,59,61,66,70,90,96,64,64,88,47,47,47,49,50,54,77,87,37,37,37,29,59,62,62,69,27,54,56,56,60,27,32,46,47,59,38,42,50,29,48,67,68,69,38,38,38,46,46,46,60,68,81,28,30,30,85,88,NA,28,35,47,69,69,28,30,71,34,39,45,59,60,46,71,71,43,48,93,37,41,57,45,46,48,26,95,118,NA,NA,18,36,73,125,NA,40,41,42,30,44,46,32,32,39,40,41,41,42,42,42,45,31,34,48,36,38,76,42,46,49,34,34,34,35,35,33,33,63,112,NA,72
060770034043,19,28,30,42,58,68,114,118,77,77,83,49,49,51,71,71,41,69,72,32,39,39,35,74,76,77,77,23,27,43,44,45,42,52,54,69,77,36,37,53,28,46,80,81,82,30,30,30,41,41,41,73,75,76,40,41,78,80,82,NA,26,30,63,63,70,37,40,73,24,26,66,78,100,51,NA,NA,43,57,87,35,35,39,46,49,NA,42,NA,NA,NA,NA,24,42,NA,NA,NA,34,35,36,26,39,49,35,38,39,39,39,40,NA,NA,NA,NA,22,29,34,40,43,NA,37,41,90,37,37,37,38,NA,38,39,42,NA,NA,51
060770034044,17,23,25,37,53,57,61,63,60,60,84,42,42,44,44,45,49,72,82,32,34,36,55,57,57,73,NA,18,22,49,52,52,24,37,42,49,62,31,32,45,23,41,63,64,65,32,32,32,36,36,36,43,55,NA,32,32,73,75,77,NA,21,25,43,58,59,30,32,56,19,21,40,52,73,53,NA,NA,61,67,NA,30,30,34,41,48,73,30,85,114,NA,NA,40,49,NA,NA,NA,30,30,32,21,34,42,27,27,30,36,36,36,38,38,38,39,24,24,29,45,47,NA,31,85,NA,30,30,30,30,NA,30,37,55,108,NA,46
060770034051,12,28,29,41,52,56,57,68,55,55,77,38,38,39,39,39,30,50,77,27,27,31,50,52,52,68,NA,13,17,44,44,47,20,37,50,57,61,25,27,49,16,34,54,60,NA,27,27,27,29,29,30,38,50,NA,66,NA,NA,68,71,NA,16,22,38,52,52,22,25,51,19,20,35,41,49,37,51,51,38,60,NA,21,39,44,36,44,63,23,89,109,NA,NA,28,33,72,NA,NA,34,35,36,16,36,38,22,31,31,31,32,33,33,33,34,35,28,29,34,23,103,NA,36,90,NA,25,25,25,25,NA,28,41,51,103,NA,51
060770034052,17,35,44,15,47,52,55,NA,51,51,81,33,33,33,35,36,32,63,73,23,23,23,32,46,48,48,64,18,40,40,42,46,13,18,33,46,57,24,30,45,15,15,20,42,56,24,24,24,38,38,38,30,46,NA,14,16,16,47,66,73,19,23,34,49,57,14,17,47,17,31,36,45,45,38,47,47,30,65,NA,24,43,49,32,34,34,13,37,105,NA,NA,24,27,59,78,NA,44,46,47,14,32,53,18,18,22,22,22,24,24,26,33,35,28,36,36,11,16,99,41,46,NA,21,21,21,21,21,20,38,53,98,NA,58
060770034053,9,24,26,37,51,51,54,64,50,50,75,32,32,34,34,38,28,49,73,23,23,26,36,47,47,58,61,8,10,39,39,42,14,32,45,53,56,21,38,44,8,19,24,42,55,21,21,21,30,30,30,33,46,NA,65,NA,NA,46,67,69,8,15,33,45,46,15,19,46,14,16,31,36,44,31,47,47,34,59,NA,20,37,44,31,43,62,98,104,NA,NA,NA,21,28,31,NA,NA,30,32,47,9,32,34,17,21,22,22,23,23,24,25,35,35,25,26,30,15,20,98,32,37,40,21,25,25,25,25,24,54,98,NA,NA,47
060770034061,15,24,30,52,53,57,58,63,55,70,72,31,36,51,51,54,21,37,94,13,17,25,41,50,53,53,69,14,20,45,45,47,38,58,58,61,NA,19,21,49,31,31,58,59,60,19,19,19,25,25,25,37,51,NA,25,26,63,59,64,NA,15,22,38,48,48,23,26,52,15,31,36,37,42,58,58,58,39,NA,NA,17,36,40,9,36,54,22,24,61,61,62,33,38,38,NA,NA,29,31,NA,19,22,41,25,26,27,31,32,32,33,33,36,40,12,25,45,20,24,63,35,69,NA,22,25,25,26,26,24,36,41,103,NA,57
060770034062,8,23,25,37,46,50,53,63,48,49,67,28,32,37,38,38,14,30,71,22,25,29,34,44,46,46,57,12,38,38,38,40,31,51,55,NA,NA,16,18,43,9,43,52,52,53,16,16,16,22,22,22,31,44,NA,19,44,59,45,56,61,11,17,31,45,45,17,19,45,8,9,29,35,43,45,45,55,32,NA,NA,14,33,43,30,37,56,17,55,58,58,58,27,33,59,NA,NA,44,45,47,11,14,34,16,16,20,20,20,22,23,29,33,34,12,24,38,14,17,NA,32,NA,NA,19,23,23,24,24,33,37,39,96,NA,NA
060770034071,10,11,14,28,44,46,53,54,51,63,66,17,18,52,53,54,33,39,87,10,18,32,35,46,48,49,49,10,15,40,41,41,34,51,54,NA,NA,3,24,41,10,11,18,23,56,3,3,3,25,25,25,28,47,NA,19,20,57,48,52,58,7,8,34,44,45,17,20,48,6,8,32,38,46,11,48,48,33,NA,NA,10,30,33,15,33,33,52,54,55,55,58,28,35,49,61,NA,22,22,24,10,11,25,19,19,19,23,23,23,26,32,36,37,23,28,29,18,21,100,11,23,65,21,21,22,22,NA,10,32,36,99,NA,36
060770034072,18,26,32,35,44,60,64,NA,43,43,60,30,34,40,40,40,45,52,85,24,38,40,21,42,44,47,55,26,27,28,NA,NA,24,24,NA,NA,NA,14,22,39,4,15,20,30,NA,14,14,14,27,27,27,8,57,67,27,NA,NA,15,41,NA,13,20,34,35,48,56,NA,NA,32,54,57,59,79,9,50,51,26,27,NA,26,34,NA,11,32,56,53,55,58,NA,NA,25,NA,NA,NA,NA,33,35,54,27,28,44,NA,NA,NA,NA,NA,NA,NA,NA,NA,NA,21,30,41,NA,NA,NA,80,NA,NA,NA,NA,NA,NA,NA,4,13,47,95,NA,NA
060770034091,23,27,32,25,39,61,65,NA,47,49,64,38,38,38,39,45,20,41,89,40,43,44,29,39,75,77,77,23,24,24,26,28,17,45,NA,NA,NA,27,36,53,16,18,21,21,21,24,24,24,20,20,20,20,59,79,33,NA,NA,20,NA,NA,22,25,39,40,46,26,60,70,33,40,44,55,61,8,42,55,26,31,33,29,34,NA,26,44,47,11,47,59,NA,NA,23,33,37,41,91,33,NA,NA,27,45,NA,31,31,31,39,40,40,40,41,41,42,56,NA,NA,NA,NA,NA,76,NA,NA,33,33,34,34,34,5,32,NA,NA,NA,NA
060770034092,22,56,NA,12,35,41,49,70,46,66,68,36,37,38,38,46,53,59,90,42,44,45,10,31,36,NA,NA,16,19,19,22,22,16,18,49,50,NA,20,29,39,16,18,20,22,NA,20,20,20,19,19,59,17,17,71,31,NA,NA,51,88,NA,33,38,38,38,39,NA,NA,NA,33,41,58,63,NA,11,54,57,18,29,NA,30,33,NA,38,56,65,62,63,65,NA,NA,23,27,40,NA,NA,48,50,NA,NA,NA,NA,NA,NA,NA,NA,NA,NA,NA,NA,NA,NA,44,NA,NA,NA,NA,NA,NA,NA,NA,NA,NA,NA,NA,NA,12,48,NA,NA,NA,NA
060770034093,19,28,33,31,36,60,64,NA,39,39,56,33,34,35,36,36,32,48,81,32,34,36,21,38,43,45,51,13,13,13,NA,NA,27,27,NA,NA,NA,14,31,48,7,10,15,16,17,14,14,14,15,15,15,9,62,68,28,NA,NA,23,NA,NA,14,20,34,35,44,52,NA,NA,31,35,53,55,75,3,47,51,26,27,NA,26,30,NA,11,35,56,1,12,51,NA,NA,21,NA,NA,NA,NA,8,NA,NA,30,NA,NA,NA,NA,NA,NA,NA,NA,NA,NA,NA,NA,26,39,NA,16,NA,NA,NA,NA,NA,NA,NA,NA,NA,NA,7,7,43,NA,NA,NA
060770034101,18,20,21,48,59,59,64,NA,59,61,62,21,22,27,28,57,34,73,83,34,36,41,61,62,62,65,72,17,20,39,39,40,17,17,66,67,68,18,23,39,15,26,67,NA,NA,14,14,14,25,25,25,27,57,71,37,69,NA,44,63,70,12,19,44,45,47,31,34,60,21,23,41,52,69,28,64,64,NA,NA,NA,23,42,45,38,41,65,26,NA,NA,NA,NA,33,38,85,NA,NA,25,25,27,16,16,48,28,28,36,37,37,37,38,39,41,42,25,27,30,30,36,NA,27,32,74,30,30,31,31,NA,34,38,NA,NA,NA,NA
060770034102,16,26,28,53,54,59,66,NA,57,57,58,37,37,39,41,42,39,50,80,30,30,33,54,55,65,69,71,14,15,47,47,49,27,60,62,NA,NA,18,31,47,23,34,62,NA,NA,18,18,18,33,33,33,20,35,53,45,67,67,52,61,68,9,13,40,52,53,25,54,67,20,21,38,43,52,22,32,62,41,NA,NA,21,39,44,38,41,44,21,21,23,25,NA,16,33,68,83,NA,33,33,35,14,37,39,25,33,34,34,34,35,35,35,36,38,27,30,32,19,24,105,36,40,NA,27,27,27,28,NA,23,29,32,105,NA,49
060770034103,30,30,32,28,49,54,NA,NA,52,59,61,35,35,35,37,37,33,64,75,25,25,25,48,49,64,65,66,18,19,42,42,44,16,29,34,NA,NA,22,36,46,16,20,28,45,57,22,22,22,34,35,35,25,32,48,47,NA,NA,48,NA,NA,13,17,35,44,54,17,48,68,19,33,38,46,47,11,36,49,27,39,40,25,43,48,33,35,NA,13,14,15,35,NA,7,25,33,58,80,34,47,NA,17,34,55,20,20,23,29,29,30,30,32,34,37,31,35,45,12,17,100,NA,NA,NA,22,22,22,22,22,21,28,55,100,NA,60
060770035003,18,30,NA,34,36,48,53,55,46,53,73,40,40,41,41,43,34,46,80,30,33,38,12,20,21,69,71,21,22,47,47,49,21,33,33,NA,NA,31,37,43,4,17,21,21,NA,31,31,31,22,23,27,22,22,NA,39,NA,NA,39,NA,NA,20,25,32,40,47,10,54,66,24,24,40,43,52,19,34,64,25,44,62,30,50,85,20,22,68,12,20,40,105,112,17,29,68,85,NA,54,NA,NA,21,24,39,25,25,25,33,34,35,35,38,43,44,48,50,NA,13,105,NA,NA,NA,NA,27,27,28,32,32,14,21,41,105,NA,65
060770036012,85,97,103,84,85,NA,NA,NA,90,101,NA,87,87,88,105,105,81,88,105,98,104,105,75,904,NA,NA,NA,NA,NA,NA,NA,NA,86,89,92,101,192,NA,NA,NA,107,NA,NA,NA,NA,109,NA,NA,75,112,113,95,900,NA,78,82,87,87,90,NA,87,94,95,NA,NA,8,NA,NA,96,99,99,109,NA,105,105,117,90,103,NA,57,105,121,89,95,101,33,90,96,98,NA,85,100,101,NA,NA,36,43,78,NA,NA,NA,89,91,91,91,92,92,99,100,100,100,87,89,103,91,93,99,92,95,95,106,107,107,111,111,76,101,123,NA,NA,76
060770037003,NA,NA,NA,NA,NA,NA,NA,NA,NA,NA,NA,NA,NA,NA,NA,NA,NA,NA,NA,NA,NA,NA,NA,NA,NA,NA,NA,60,NA,NA,NA,NA,58,NA,NA,NA,NA,NA,NA,NA,60,NA,NA,NA,NA,NA,NA,NA,NA,NA,NA,NA,NA,NA,NA,NA,NA,NA,NA,NA,NA,NA,NA,NA,NA,NA,NA,NA,NA,NA,NA,NA,NA,NA,NA,NA,NA,NA,NA,NA,NA,NA,NA,NA,NA,NA,NA,NA,NA,NA,NA,NA,NA,NA,NA,NA,NA,NA,NA,NA,NA,NA,NA,NA,NA,NA,NA,NA,NA,NA,NA,NA,NA,NA,NA,NA,NA,NA,NA,NA,NA,NA,NA,NA,NA,58,NA,NA,NA,NA,NA
060770038011,19,21,48,29,30,45,49,64,32,46,50,31,35,35,48,NA,51,NA,NA,NA,NA,NA,28,38,48,51,NA,48,65,NA,NA,NA,40,48,NA,NA,NA,30,32,38,36,47,66,67,98,49,49,71,36,37,40,31,40,41,29,32,36,28,28,NA,30,35,38,43,44,30,34,59,24,27,35,51,99,44,46,60,29,39,95,48,48,66,72,75,75,33,41,59,61,61,42,42,42,54,62,50,73,75,36,36,99,31,31,31,31,31,32,40,44,72,100,42,73,101,42,50,74,48,49,54,30,30,30,31,56,NA,NA,NA,NA,NA,NA
060770038012,22,22,23,25,26,29,48,48,40,49,60,23,28,28,41,44,44,44,49,68,68,68,23,32,41,47,48,30,46,67,101,102,22,24,33,41,101,22,25,31,29,39,71,77,NA,42,42,53,29,29,33,24,32,34,23,25,41,23,23,33,25,30,34,44,44,31,52,60,23,26,41,52,101,42,43,54,37,42,67,34,34,47,37,41,54,18,19,33,51,52,30,32,34,34,47,42,42,66,28,34,41,23,23,23,24,24,24,33,36,80,81,37,66,67,35,43,53,43,44,49,27,27,27,28,53,32,43,45,54,79,33
060770038013,20,21,49,30,31,46,49,64,28,46,58,32,37,37,50,NA,52,NA,NA,NA,NA,NA,39,50,51,NA,NA,39,49,69,NA,NA,42,49,NA,NA,NA,31,34,40,38,48,73,79,NA,51,51,73,38,38,42,33,41,42,31,33,38,30,30,NA,31,36,40,44,44,37,44,60,26,28,36,52,100,46,54,60,28,66,96,47,49,50,53,56,56,24,42,61,63,63,43,43,44,56,63,44,51,74,37,50,80,32,32,32,33,33,33,34,42,45,81,37,75,76,44,52,55,50,50,56,32,32,32,32,57,41,56,81,88,89,42
060770038021,14,14,16,18,18,21,40,53,22,28,52,16,17,20,33,36,36,41,44,39,43,55,28,33,36,39,45,22,33,38,44,95,14,15,33,36,93,17,17,23,21,32,70,110,NA,24,33,34,21,22,32,16,25,32,18,19,25,16,16,33,20,23,26,36,36,23,25,52,15,15,16,19,45,35,42,46,21,27,92,26,37,38,15,22,34,8,11,22,43,43,22,26,27,27,47,35,35,45,20,33,71,16,16,16,16,16,17,28,28,38,73,24,29,59,21,27,35,35,36,41,19,20,30,38,39,25,33,36,38,72,25
060770038022,19,20,21,23,23,26,45,65,33,35,57,28,31,35,42,43,41,46,59,41,41,65,21,38,45,46,65,38,43,49,60,100,20,38,67,71,98,20,22,29,26,37,64,70,NA,29,30,39,26,30,37,21,30,31,23,24,30,21,21,38,25,28,31,41,41,29,30,58,20,21,21,24,50,40,45,51,26,28,96,31,43,44,27,46,46,14,15,49,51,53,28,31,32,41,44,35,40,63,26,26,71,21,21,21,21,21,22,28,43,72,73,29,53,64,26,32,40,41,41,46,24,25,26,27,38,30,38,41,43,72,31
060770038023,15,33,43,17,17,21,40,59,22,42,52,22,23,33,36,37,36,40,44,60,NA,NA,25,26,62,NA,NA,30,57,NA,NA,NA,37,64,NA,NA,NA,21,21,27,25,35,67,749,NA,28,28,38,25,29,36,20,28,30,18,21,28,17,17,34,18,21,23,27,38,23,25,54,15,15,17,18,44,35,41,45,21,26,60,28,41,74,19,27,42,17,18,48,48,50,26,30,32,43,50,32,38,49,24,25,68,19,19,20,20,20,20,42,48,48,70,23,27,30,25,28,31,37,37,43,20,30,31,38,38,24,33,35,37,69,25
060770038031,20,23,26,20,22,29,33,42,25,55,65,20,22,24,26,38,30,35,60,19,42,64,22,22,23,25,56,31,35,39,92,93,25,28,32,36,93,20,21,25,25,37,78,101,101,19,20,42,22,23,78,17,20,30,14,23,32,22,29,38,18,19,21,22,30,29,38,47,13,20,21,23,24,22,23,38,23,28,49,53,86,NA,24,31,52,16,19,32,32,34,19,24,30,30,31,23,34,36,28,29,79,14,14,20,21,22,22,23,24,24,39,23,41,44,19,23,78,23,25,26,25,27,27,27,28,18,25,27,41,80,20
060770038033,NA,NA,NA,NA,NA,NA,NA,NA,NA,NA,NA,NA,NA,NA,NA,NA,NA,NA,NA,NA,NA,NA,NA,NA,NA,NA,NA,NA,NA,NA,NA,NA,NA,NA,NA,NA,NA,NA,NA,NA,NA,NA,NA,NA,NA,NA,NA,NA,NA,NA,NA,NA,NA,NA,NA,NA,NA,NA,NA,NA,NA,NA,NA,NA,NA,59,NA,NA,59,NA,NA,NA,NA,NA,NA,NA,NA,NA,NA,NA,NA,NA,NA,NA,NA,NA,NA,NA,NA,NA,NA,NA,NA,NA,NA,NA,NA,NA,NA,NA,NA,NA,NA,NA,NA,NA,NA,NA,NA,NA,NA,NA,NA,NA,NA,NA,NA,NA,NA,NA,NA,NA,NA,NA,NA,NA,NA,NA,NA,NA,NA
060770040021,49,49,55,18,66,80,92,95,17,106,109,37,38,38,53,55,57,98,NA,30,50,53,14,18,18,73,101,46,47,57,58,60,68,74,80,81,104,52,62,62,19,19,20,51,88,62,62,62,83,83,85,18,97,119,54,56,56,111,114,NA,53,84,88,94,95,18,57,60,49,52,52,87,93,19,19,946,23,94,98,NA,NA,NA,NA,NA,NA,NA,NA,NA,NA,NA,17,28,49,NA,NA,NA,NA,NA,NA,NA,NA,NA,NA,NA,NA,NA,NA,NA,NA,NA,NA,NA,NA,NA,19,NA,NA,NA,NA,NA,NA,NA,NA,NA,NA,81,NA,NA,NA,NA,NA
