spatial_id,walking.atm.1,walking.atm.2,walking.atm.3,walking.bakery.1,walking.bakery.2,walking.bakery.3,walking.bakery.4,walking.bakery.5,walking.bank.1,walking.bank.2,walking.bank.3,walking.beauty_salon.1,walking.beauty_salon.2,walking.beauty_salon.3,walking.beauty_salon.4,walking.beauty_salon.5,walking.book_store.1,walking.book_store.2,walking.book_store.3,walking.bus_station.1,walking.bus_station.2,walking.bus_station.3,walking.cafe.1,walking.cafe.2,walking.cafe.3,walking.cafe.4,walking.cafe.5,walking.clothing_store.1,walking.clothing_store.2,walking.clothing_store.3,walking.clothing_store.4,walking.clothing_store.5,walking.convenience_store.1,walking.convenience_store.2,walking.convenience_store.3,walking.convenience_store.4,walking.convenience_store.5,walking.dentist.1,walking.dentist.2,walking.dentist.3,walking.department_store.1,walking.department_store.2,walking.department_store.3,walking.department_store.4,walking.department_store.5,walking.doctor.1,walking.doctor.2,walking.doctor.3,walking.electronics_store.1,walking.electronics_store.2,walking.electronics_store.3,walking.florist.1,walking.florist.2,walking.florist.3,walking.furniture_store.1,walking.furniture_store.2,walking.furniture_store.3,walking.gym.1,walking.gym.2,walking.gym.3,walking.hair_care.1,walking.hair_care.2,walking.hair_care.3,walking.hair_care.4,walking.hair_care.5,walking.hardware_store.1,walking.hardware_store.2,walking.hardware_store.3,walking.home_goods_store.1,walking.home_goods_store.2,walking.home_goods_store.3,walking.home_goods_store.4,walking.home_goods_store.5,walking.hospital.1,walking.hospital.2,walking.hospital.3,walking.laundry.1,walking.laundry.2,walking.laundry.3,walking.library.1,walking.library.2,walking.library.3,walking.liquor_store.1,walking.liquor_store.2,walking.liquor_store.3,walking.meal_takeaway.1,walking.meal_takeaway.2,walking.meal_takeaway.3,walking.meal_takeaway.4,walking.meal_takeaway.5,walking.park.1,walking.park.2,walking.park.3,walking.park.4,walking.park.5,walking.pet_store.1,walking.pet_store.2,walking.pet_store.3,walking.pharmacy.1,walking.pharmacy.2,walking.pharmacy.3,walking.restaurant.1,walking.restaurant.2,walking.restaurant.3,walking.restaurant.4,walking.restaurant.5,walking.restaurant.6,walking.restaurant.7,walking.restaurant.8,walking.restaurant.9,walking.restaurant.10,walking.school.1,walking.school.2,walking.school.3,walking.shoe_store.1,walking.shoe_store.2,walking.shoe_store.3,walking.shopping_mall.1,walking.shopping_mall.2,walking.shopping_mall.3,walking.store.1,walking.store.2,walking.store.3,walking.store.4,walking.store.5,walking.supermarket.1,walking.supermarket.2,walking.supermarket.3,walking.supermarket.4,walking.supermarket.5,walking.train_station.1
060770001001,10,11,14,10,16,36,64,78,11,14,21,4,5,24,40,59,27,66,70,20,20,42,10,12,43,77,126,25,27,32,36,87,14,18,39,42,65,28,29,29,3,12,67,109,116,1,1,10,21,80,82,24,26,47,12,12,14,18,27,38,31,35,35,62,83,7,28,57,5,9,14,16,23,22,24,130,11,47,82,15,31,56,15,18,29,12,16,17,25,34,13,20,24,46,52,10,27,45,27,27,29,14,24,27,29,36,37,43,43,46,48,12,13,37,11,17,29,11,12,20,25,25,25,28,28,16,36,44,46,48,4
060770001002,3,26,60,9,23,33,36,92,2,13,63,6,15,24,26,52,19,59,76,28,33,51,6,26,35,70,135,9,14,21,93,105,11,33,35,45,74,11,18,18,9,20,108,114,122,9,9,9,24,27,100,18,30,33,4,42,88,11,21,29,11,18,33,42,69,14,17,70,13,13,21,36,37,27,29,123,10,32,34,6,7,55,21,39,94,23,28,29,41,75,4,43,56,90,102,17,34,49,21,21,26,9,26,26,27,29,31,38,39,48,61,4,6,20,7,9,92,5,6,12,29,29,30,37,65,25,28,32,40,53,12
060770001003,23,23,29,15,17,26,65,66,23,23,25,16,18,18,18,43,39,52,57,10,31,44,14,14,31,31,50,26,33,35,36,73,14,14,31,45,52,12,19,19,11,18,55,119,126,12,12,12,10,25,35,11,19,32,8,21,26,23,27,38,11,11,16,25,27,3,26,45,6,10,14,23,26,12,51,106,4,28,55,14,54,62,19,31,38,15,18,26,26,28,10,24,28,29,41,18,37,55,8,19,51,17,17,18,19,22,24,26,33,33,37,15,16,17,11,26,26,14,19,28,15,15,17,19,45,17,33,36,43,48,11
060770001004,6,31,32,7,11,32,62,80,11,18,59,16,27,27,31,31,31,44,51,16,20,54,6,8,13,14,47,9,15,33,60,73,19,19,25,48,53,14,39,39,13,25,64,124,131,16,16,16,7,9,30,11,11,19,11,26,41,8,21,45,7,9,11,12,19,10,33,51,10,15,17,26,35,15,59,113,6,47,59,19,36,55,7,25,39,5,15,17,21,32,8,22,28,33,37,25,43,61,11,12,60,16,16,19,19,20,21,29,32,45,57,9,9,9,13,32,33,6,10,20,17,18,25,50,53,39,41,44,50,52,5
060770003001,35,36,38,21,25,36,50,111,18,85,100,24,26,38,55,91,1,70,88,49,49,84,24,26,68,80,152,36,39,56,56,88,18,35,38,51,87,18,22,22,26,36,59,68,79,25,25,25,17,38,43,27,29,36,0,13,16,12,27,67,3,29,45,55,87,31,82,87,29,30,40,54,55,10,42,119,24,85,156,26,39,47,33,55,66,26,35,45,84,119,8,30,68,107,119,48,63,100,24,24,35,26,28,35,37,39,41,45,55,61,78,17,20,21,23,55,109,23,24,38,47,48,55,79,82,35,41,42,44,85,34
060770003002,11,15,33,12,16,32,42,99,20,37,69,9,29,33,41,65,25,39,46,29,33,69,13,28,34,72,106,13,16,41,45,46,8,12,22,23,36,5,38,39,17,29,98,110,134,20,20,20,12,14,51,28,47,60,17,41,57,6,11,31,13,14,18,21,54,15,46,76,29,31,37,43,44,27,36,113,15,50,97,15,15,62,27,55,95,10,29,31,36,54,23,29,54,72,84,29,55,64,17,28,39,12,20,21,22,25,32,43,45,45,62,8,9,13,10,44,93,5,5,39,31,33,39,41,67,32,35,45,47,58,18
060770004011,21,77,84,18,37,38,71,74,49,56,64,13,27,38,42,43,14,79,97,53,57,60,48,74,101,130,160,32,43,66,67,89,11,24,24,49,83,12,16,16,34,44,60,71,73,33,33,33,10,79,139,24,66,72,17,19,92,21,59,66,9,32,39,44,93,46,68,77,36,37,38,38,56,32,109,142,24,119,164,29,35,126,9,41,99,10,22,39,75,96,28,46,52,63,103,23,53,88,10,11,11,35,36,43,43,47,49,50,63,69,85,33,38,88,44,54,101,32,42,65,54,55,62,64,90,40,72,73,79,84,36
060770004012,35,49,55,16,43,75,76,101,11,72,80,5,32,37,37,38,9,73,84,47,52,86,17,23,55,70,80,15,20,38,41,84,40,82,87,90,93,15,17,17,28,39,52,66,76,27,27,27,50,111,126,25,30,61,7,42,124,11,35,72,22,42,44,87,90,51,56,90,33,36,40,50,56,14,115,126,17,18,23,34,42,120,19,49,68,19,21,36,55,122,11,21,46,52,122,48,60,93,17,17,30,29,31,37,41,43,44,47,57,63,64,20,24,32,39,91,95,26,37,59,49,50,56,57,84,11,29,38,74,106,31
060770004013,32,93,94,39,43,79,112,114,49,61,71,46,50,50,50,79,14,86,93,61,65,100,17,46,76,90,95,21,51,68,72,97,17,20,27,28,92,19,19,24,41,51,52,53,63,40,40,40,50,132,157,29,59,78,18,20,76,20,65,82,16,22,23,46,50,51,53,88,46,49,63,69,108,94,105,140,25,27,150,31,40,133,81,89,107,23,40,50,102,135,34,49,51,117,123,61,95,103,18,32,38,42,44,50,50,54,56,60,70,76,77,37,91,96,52,54,108,39,50,94,62,70,70,72,97,12,46,78,78,89,44
060770004014,54,79,100,23,48,67,81,109,44,62,63,34,45,46,73,75,9,80,92,59,59,94,19,60,76,90,161,26,42,42,89,91,12,25,54,95,98,18,21,22,35,46,58,59,69,35,35,35,50,96,134,18,34,66,6,63,97,9,27,27,19,49,94,97,97,44,63,70,38,39,40,40,63,7,110,134,24,120,128,36,46,127,24,66,120,26,27,94,96,129,19,19,49,64,129,55,99,108,24,24,34,34,35,44,48,50,54,62,71,71,87,31,31,39,46,66,102,33,44,66,56,57,64,89,91,34,45,69,81,95,44
060770004021,23,59,68,16,23,46,62,66,12,15,88,11,27,45,46,81,23,31,110,38,61,75,26,61,70,115,122,16,37,95,98,121,23,54,72,94,95,16,16,16,18,28,60,98,105,17,17,21,18,19,32,42,86,88,32,94,115,22,27,48,13,19,26,32,77,52,57,64,20,23,33,47,53,10,123,127,13,35,54,16,19,50,59,95,103,14,23,27,28,122,2,32,61,99,125,25,37,44,16,16,16,28,41,43,45,47,48,53,56,70,79,17,22,24,18,25,102,22,26,29,39,39,39,47,48,22,35,80,98,121,21
060770004022,16,22,23,18,24,26,43,97,6,14,69,5,17,18,19,23,22,69,71,34,40,57,25,67,80,83,141,17,21,27,102,114,6,26,41,64,85,14,14,14,15,25,62,105,112,13,14,14,26,97,120,23,38,93,20,28,30,15,24,53,10,17,30,31,40,34,73,82,15,19,20,28,43,28,119,121,9,25,52,7,7,48,7,48,58,12,22,31,41,85,6,7,33,40,96,22,34,42,14,14,14,17,20,33,36,39,40,41,45,48,66,11,14,21,14,15,98,13,14,22,35,35,43,43,71,21,24,27,76,85,18
060770004023,11,40,64,11,33,49,64,69,7,10,79,10,14,25,29,30,14,66,77,40,45,79,10,17,19,101,147,8,14,28,31,114,32,66,75,83,84,10,14,14,21,31,51,78,116,18,20,20,5,104,114,27,31,94,13,35,117,15,18,64,9,30,36,37,80,40,49,83,21,24,26,26,49,23,114,119,19,20,58,11,33,41,4,11,54,11,37,38,82,115,12,15,24,37,115,28,34,53,10,10,10,22,24,30,33,36,37,37,50,57,73,17,17,60,21,32,104,19,19,29,41,42,43,49,77,25,31,33,67,102,24
060770004024,71,76,84,26,36,51,54,67,68,82,92,23,30,32,36,37,8,21,96,47,70,86,12,13,48,73,124,4,6,35,75,75,4,5,28,34,83,8,8,8,28,38,46,72,111,24,27,27,4,27,28,34,66,71,23,24,124,11,43,59,5,9,25,32,87,38,77,87,28,31,32,50,56,24,108,126,7,8,62,28,35,120,4,17,91,5,12,35,54,122,4,22,28,33,43,47,48,87,4,4,17,29,37,40,41,43,44,54,57,63,79,23,23,34,38,74,95,26,36,59,48,49,56,56,84,20,33,72,73,97,30
060770005001,7,76,86,6,28,31,61,83,23,49,59,6,9,12,33,35,31,39,119,40,46,61,28,55,61,69,74,25,27,33,109,122,5,59,64,76,104,24,24,24,15,23,79,89,96,18,20,20,25,40,41,34,50,95,9,22,37,31,36,52,21,21,27,32,63,10,53,65,19,19,21,23,24,18,110,136,8,29,44,24,27,59,25,28,44,11,12,23,31,124,20,25,25,45,134,12,19,27,25,25,25,29,32,49,50,54,55,55,62,65,66,10,27,32,15,23,89,13,30,38,34,35,45,45,45,6,32,43,44,60,19
060770005002,5,7,65,7,13,25,37,56,9,19,27,7,9,13,29,68,33,66,74,29,35,50,7,11,86,120,121,13,37,37,42,93,6,27,31,50,65,34,34,34,4,12,61,101,108,7,9,9,35,85,99,30,32,53,17,17,37,6,16,43,18,25,31,31,91,5,27,63,8,8,10,13,22,30,57,138,16,23,41,21,56,60,19,23,55,8,9,47,90,91,15,17,30,35,51,1,19,37,31,35,35,21,26,38,43,44,44,46,51,54,55,14,21,45,8,12,61,11,19,20,23,24,34,34,34,14,39,40,42,54,8
060770006001,12,24,24,16,28,52,54,65,16,19,45,6,16,22,36,52,40,53,68,21,30,42,15,15,28,45,51,15,33,46,49,49,37,42,43,47,85,18,30,30,8,13,54,108,115,14,14,17,14,17,19,20,37,69,6,12,12,9,18,28,16,30,31,31,36,22,35,79,3,6,7,8,14,14,23,48,9,15,27,12,17,38,16,20,30,15,26,39,48,82,8,30,31,33,36,8,26,44,9,32,42,18,30,32,36,36,38,39,43,44,46,16,17,17,15,18,20,15,19,20,16,17,26,26,26,6,32,37,48,49,10
060770006002,20,33,51,18,22,24,26,36,8,23,31,15,15,15,18,20,50,62,63,25,32,32,21,26,32,36,39,20,25,27,32,33,14,15,16,16,21,23,23,26,18,22,44,119,126,22,23,23,18,30,34,18,21,30,6,17,32,20,22,28,15,21,25,26,30,8,29,45,6,6,17,18,21,19,36,39,11,22,37,17,25,38,6,9,22,18,20,23,30,33,16,21,23,31,33,18,37,55,12,18,31,16,16,17,17,18,18,19,20,30,35,29,40,47,22,24,25,25,29,30,6,17,17,18,33,22,25,33,34,38,20
060770007001,17,31,32,6,11,11,42,74,14,26,36,6,6,6,6,38,45,49,53,2,2,38,9,20,21,34,42,8,20,29,30,39,5,5,5,7,38,11,16,16,17,28,50,128,135,17,18,27,7,18,46,6,9,21,5,5,12,14,17,19,5,8,10,19,25,12,19,40,5,8,17,23,36,4,41,45,10,16,19,20,42,49,11,16,22,6,9,17,19,35,22,28,29,35,35,27,46,64,14,16,45,5,5,5,5,13,14,16,17,25,26,32,46,48,17,32,50,20,24,34,5,5,7,21,39,22,27,30,41,44,11
060770007002,17,29,38,4,6,10,19,79,20,26,36,6,6,9,16,20,38,43,48,8,8,13,6,15,15,48,51,8,14,15,37,40,11,12,14,39,45,5,10,10,21,32,56,131,138,9,24,25,9,13,13,6,11,18,7,17,19,9,14,34,6,7,16,16,20,15,17,45,11,16,17,28,47,7,24,52,6,19,22,16,55,62,9,26,42,7,10,12,14,40,14,17,21,42,49,32,51,69,19,19,25,7,13,19,19,21,38,38,40,45,50,11,18,34,21,21,38,13,18,27,9,11,12,26,45,17,34,37,49,51,4
060770007003,24,43,50,14,18,45,46,81,21,46,69,5,11,14,24,30,34,39,43,20,20,56,15,17,36,44,124,15,22,25,32,61,14,22,53,58,61,7,13,21,26,37,65,108,143,7,28,35,8,10,18,14,20,31,6,22,32,10,12,39,11,16,17,24,39,19,42,50,9,10,24,31,37,28,60,102,14,50,64,24,48,58,14,21,58,10,16,17,18,44,4,23,24,30,46,37,56,65,24,34,61,11,12,12,12,12,32,32,32,44,50,21,34,38,26,43,45,17,18,67,18,20,20,54,54,20,42,45,55,60,11
060770007004,24,29,64,20,24,51,52,77,25,29,75,11,17,24,44,48,33,39,48,26,26,62,24,42,53,63,130,21,38,54,65,71,19,20,40,64,64,14,31,31,31,43,71,112,148,11,34,36,10,24,42,20,25,36,12,37,55,14,18,22,13,20,29,44,45,24,27,63,14,30,37,42,64,34,66,100,20,21,31,29,29,84,17,37,37,9,23,24,51,68,24,36,42,44,72,43,69,78,30,39,66,14,15,18,18,20,20,37,37,49,55,27,40,44,31,48,86,15,53,73,24,26,26,39,60,41,48,51,60,65,17
060770008011,43,44,70,41,46,69,106,131,104,132,146,33,43,50,76,104,34,58,67,61,61,98,43,69,72,104,134,49,69,72,75,78,49,80,82,103,110,41,41,75,49,62,104,124,124,52,52,52,52,53,78,60,67,80,53,73,81,51,52,63,33,33,67,72,87,65,76,109,51,56,57,66,102,61,62,167,65,73,79,87,93,111,54,95,124,61,64,68,73,113,54,55,77,102,118,79,145,161,60,71,102,44,50,51,53,59,68,73,73,76,100,41,44,45,71,79,112,33,33,34,59,61,62,71,95,65,79,79,87,130,50
060770008012,17,17,43,25,26,30,65,106,46,49,111,24,34,54,63,72,19,59,68,53,53,65,26,35,50,69,112,41,46,57,71,73,14,39,59,73,84,19,24,46,50,62,77,122,132,30,30,54,15,17,60,26,31,32,17,51,73,20,23,80,27,28,32,32,60,30,61,66,21,40,49,50,70,67,72,90,26,49,76,49,61,74,49,71,92,16,27,41,62,69,40,49,50,59,65,62,89,98,33,45,49,21,23,24,24,24,39,56,56,61,68,42,58,82,50,67,90,34,34,91,44,44,48,60,62,31,54,57,60,80,33
060770008013,35,45,50,43,56,86,129,180,57,61,86,74,76,77,82,86,16,71,80,51,71,71,30,50,74,132,179,57,74,77,85,85,30,35,65,73,80,37,42,59,62,75,127,137,137,37,72,72,34,91,95,45,50,62,60,60,63,38,76,98,47,59,65,71,77,44,86,89,41,52,63,75,89,72,79,180,74,91,93,60,100,106,63,65,97,45,81,82,82,152,44,57,76,76,82,92,110,174,64,72,90,34,54,58,59,69,74,74,82,85,88,35,55,75,55,85,108,46,47,104,49,52,62,66,79,49,72,74,90,155,52
060770009001,71,78,92,21,51,78,100,104,46,62,77,45,61,62,88,92,25,91,97,73,76,79,26,36,61,75,103,59,68,70,78,122,33,33,34,75,106,30,35,46,52,54,61,80,107,49,51,51,32,36,111,40,56,66,92,92,112,29,83,83,17,25,33,93,113,56,58,94,51,55,56,57,91,103,104,151,35,46,90,34,98,144,25,65,100,27,91,92,94,179,35,66,79,94,128,13,58,91,35,43,151,61,64,65,68,71,76,88,88,91,91,44,72,79,55,59,63,50,61,65,73,74,80,105,108,34,54,85,102,108,61
060770009002,43,110,110,26,48,84,106,140,65,74,81,53,54,85,85,119,26,43,111,76,77,112,53,55,97,97,122,44,63,67,93,110,17,44,51,81,125,40,43,43,72,79,99,121,126,52,52,52,65,66,136,8,53,84,74,110,150,48,93,104,50,83,83,114,115,41,58,90,54,67,68,69,110,59,121,161,28,52,101,53,100,145,83,84,119,28,37,42,46,113,19,40,78,96,125,32,77,110,43,51,53,52,54,62,65,68,69,73,78,88,88,52,91,111,51,66,74,51,84,86,74,76,76,82,110,37,52,62,99,110,62
060770009003,86,103,105,64,72,74,82,85,53,68,83,55,65,65,66,94,28,97,99,72,81,84,33,62,84,110,113,53,63,72,82,123,40,40,41,83,110,35,38,39,60,67,70,87,99,54,54,111,31,115,146,41,46,63,68,75,119,56,90,90,33,60,65,101,116,63,102,115,53,56,58,62,86,59,98,152,29,111,147,41,88,146,58,65,104,33,101,103,111,182,14,55,85,87,136,65,98,99,32,43,100,64,66,67,70,74,81,90,90,99,103,76,89,94,49,60,138,52,71,99,76,78,83,86,111,26,40,67,82,114,63
060770009004,84,94,114,59,72,80,104,115,61,77,92,59,60,93,100,102,42,105,106,90,90,120,77,82,91,136,187,70,78,80,87,116,48,48,49,91,128,42,46,46,69,75,75,95,106,60,60,95,80,118,154,49,55,65,76,90,99,98,100,102,28,42,44,110,120,80,111,112,62,64,64,94,107,67,106,158,49,61,89,52,96,152,16,17,71,27,80,87,109,154,21,36,71,92,124,73,106,107,42,75,108,61,69,69,72,73,76,95,96,105,107,93,114,119,69,70,98,79,105,119,81,83,86,89,117,36,48,75,90,122,69
060770009005,99,100,131,84,102,105,116,192,72,73,79,72,84,110,112,131,117,117,122,88,88,88,84,90,119,130,147,74,75,91,96,97,60,61,151,186,199,55,57,58,80,87,87,95,107,72,72,131,60,115,133,62,93,93,71,128,133,104,110,112,50,53,54,60,132,78,84,89,72,73,85,118,119,79,118,181,33,40,97,61,64,108,35,83,84,18,27,92,99,132,58,75,104,136,155,76,119,127,64,67,120,82,84,85,92,92,107,108,117,126,126,99,111,123,80,82,88,111,131,133,93,95,96,119,120,61,81,87,129,134,81
060770010001,56,66,109,60,60,61,109,121,53,55,83,77,80,81,81,81,41,93,110,85,106,107,13,38,46,51,66,66,66,68,74,81,41,77,82,91,112,74,74,83,63,64,85,107,169,103,103,110,67,83,117,15,79,79,60,111,114,83,108,118,71,73,76,110,112,90,104,127,64,73,105,109,119,82,160,199,61,73,74,41,46,85,62,106,111,56,60,75,103,115,64,82,109,130,148,47,52,83,96,107,107,79,80,81,81,83,103,104,105,105,107,69,114,116,44,58,60,48,69,109,91,93,94,94,98,46,70,85,105,164,94
060770010002,79,89,94,19,85,86,118,124,60,67,95,81,93,109,110,110,46,47,105,103,109,119,58,71,103,105,135,47,99,108,117,122,4,4,60,63,117,57,108,113,68,75,95,117,130,110,119,119,91,100,174,82,82,114,74,106,109,92,116,122,92,96,96,98,103,86,107,108,84,96,106,108,108,66,105,186,96,108,130,49,53,96,104,114,127,80,106,110,120,124,50,73,81,82,160,59,93,106,61,89,123,76,76,77,78,92,92,97,107,108,114,93,93,122,61,71,72,105,105,118,103,106,106,108,137,50,58,75,95,106,86
060770010003,120,122,123,72,92,120,121,131,64,66,95,88,91,94,95,106,48,61,104,96,117,117,57,63,81,93,175,77,86,89,93,122,61,88,94,103,104,95,95,95,74,75,95,118,181,98,114,114,76,104,106,53,86,171,73,79,121,105,106,118,83,90,91,115,122,111,132,132,88,90,115,116,119,72,117,171,87,96,129,52,53,96,22,88,117,71,79,86,126,126,66,66,120,128,137,58,63,94,117,118,193,90,91,91,94,99,114,114,115,115,119,84,125,127,52,69,71,59,77,122,102,105,105,109,109,57,95,116,123,175,103
060770010004,100,124,133,70,91,126,130,134,70,76,107,112,114,114,114,127,59,63,116,128,128,134,62,82,83,90,100,88,91,105,107,108,74,97,105,119,130,103,119,119,85,86,106,128,193,106,106,125,94,126,132,95,95,125,86,102,138,85,127,133,103,103,108,126,128,68,101,120,99,103,104,107,140,75,127,202,130,133,134,64,67,108,21,129,130,88,98,130,132,138,33,85,86,107,163,70,75,84,70,118,127,102,103,103,110,114,115,116,117,121,121,102,138,139,64,80,82,71,90,130,114,116,117,118,120,69,106,117,128,187,103
060770011011,41,85,89,25,52,58,86,147,32,34,46,56,63,65,86,86,72,100,102,60,82,90,16,18,25,37,71,44,45,46,47,54,59,60,61,70,91,53,56,85,36,40,40,62,98,59,80,80,39,42,44,38,56,139,40,61,87,89,97,108,40,47,51,85,89,91,102,102,48,50,52,84,88,34,64,72,44,63,97,20,23,80,39,39,85,60,74,91,94,108,59,72,76,104,109,26,60,73,38,83,84,59,59,59,62,66,80,81,82,86,87,48,51,109,23,36,37,74,86,86,70,73,73,76,76,25,46,56,67,103,74
060770011012,57,59,60,40,41,41,55,102,46,48,60,70,73,74,74,78,34,86,103,78,100,100,11,45,45,51,54,59,61,62,62,68,34,101,102,105,108,101,101,101,46,51,55,56,163,97,97,103,53,106,110,31,73,153,44,47,77,37,109,115,55,61,61,63,105,26,135,154,60,99,99,101,105,81,99,153,54,68,78,34,39,96,53,75,100,35,45,53,60,76,75,95,105,110,120,40,45,77,99,100,100,72,73,74,76,76,76,78,96,98,101,63,79,107,51,53,115,41,57,86,84,84,87,87,91,39,63,83,106,157,91
060770011013,52,57,99,36,48,96,98,157,43,45,73,66,73,74,91,96,83,83,110,74,94,94,28,39,39,65,98,54,54,58,60,71,31,67,72,81,98,64,64,72,46,50,72,95,108,70,91,91,55,67,96,26,65,150,53,97,101,51,53,71,58,65,96,98,99,91,112,127,58,61,65,67,68,42,44,188,62,83,108,31,33,74,22,67,99,48,57,79,88,97,51,98,107,116,129,37,42,84,95,95,176,69,70,71,73,73,91,91,92,96,98,71,90,106,31,47,48,38,54,96,81,84,84,85,87,36,57,72,94,114,82
060770011021,66,92,96,45,93,95,97,154,41,66,70,65,80,82,83,84,27,80,100,70,91,94,22,33,40,64,79,51,58,61,88,92,35,35,59,60,74,69,69,90,43,49,69,91,105,58,82,97,54,74,82,29,41,56,48,96,103,50,78,90,66,66,66,89,91,109,110,159,66,81,81,83,90,41,91,171,63,70,105,23,26,87,26,55,89,51,53,80,93,98,11,42,66,98,105,47,81,89,64,82,161,61,62,62,63,66,70,76,83,83,84,61,90,96,36,44,45,51,54,99,78,80,81,82,83,33,69,80,91,110,65
060770011022,71,75,105,39,51,60,74,103,42,42,56,64,74,83,88,123,25,26,86,75,75,91,32,52,57,59,61,60,68,78,80,102,18,42,120,187,187,39,89,89,49,56,63,76,111,60,73,100,13,60,75,52,95,153,59,97,97,70,73,82,73,77,79,90,95,88,93,157,58,71,88,89,127,48,100,168,29,85,104,30,33,94,21,24,73,11,60,87,100,101,17,76,86,105,108,54,88,96,31,89,89,69,69,76,79,85,95,95,95,95,121,74,75,80,49,57,61,60,80,87,82,89,89,89,91,25,56,76,87,103,63
060770011023,77,85,89,13,65,73,81,83,55,61,69,55,75,80,86,105,42,99,117,99,106,108,72,81,86,112,129,72,100,100,116,147,11,55,56,96,112,52,52,60,63,69,89,116,125,77,82,88,41,68,99,76,76,108,75,100,108,86,89,91,40,42,86,88,103,81,84,125,84,100,101,102,102,60,99,186,10,109,124,43,46,90,14,66,143,6,74,100,115,118,31,76,86,115,171,58,100,108,58,101,118,80,82,86,86,86,94,103,104,106,113,84,89,91,56,67,71,93,99,115,97,100,100,100,108,42,69,73,89,100,86
060770011024,95,100,104,53,71,101,103,162,42,47,78,89,89,90,92,98,29,87,109,79,101,101,30,41,48,75,75,60,61,66,88,98,42,43,43,45,67,77,77,98,51,57,77,99,113,80,92,101,40,62,62,36,64,154,59,104,110,87,104,110,74,74,79,89,99,72,89,114,72,86,88,88,110,49,98,179,59,70,78,31,36,95,63,86,99,59,69,87,103,123,32,46,56,64,76,46,88,96,43,89,98,69,70,70,70,74,74,89,91,91,102,72,81,99,35,53,53,53,62,107,85,87,88,88,91,40,77,88,99,118,74
060770011025,81,101,108,14,74,108,110,111,49,54,84,78,91,92,92,92,36,94,115,107,108,108,37,47,81,81,94,68,68,82,95,104,49,49,50,52,93,82,84,84,57,64,84,106,120,75,82,99,48,115,118,43,70,70,65,69,111,93,105,130,77,81,81,82,96,96,110,121,89,93,94,104,114,55,105,186,68,77,107,38,42,85,93,105,123,66,66,95,107,109,39,53,81,82,140,48,82,95,48,96,105,76,77,80,81,81,94,97,97,97,98,79,79,101,42,59,60,68,95,111,91,92,93,95,95,47,78,84,95,125,86
060770012001,44,79,79,27,45,79,81,148,30,50,66,49,58,60,73,80,7,23,93,76,81,83,25,27,34,36,75,37,39,42,82,84,52,64,65,80,89,47,47,48,28,32,33,55,90,49,56,73,40,77,97,41,48,141,35,79,81,33,33,54,43,44,44,51,85,38,86,95,44,49,50,85,97,37,86,167,82,91,99,11,13,73,41,51,64,40,47,79,80,98,26,41,81,98,111,42,69,83,41,69,77,52,53,55,62,64,64,66,69,69,73,64,87,97,22,31,31,39,79,79,65,69,69,69,70,27,54,59,82,96,61
060770012002,57,72,79,31,40,45,80,143,43,51,56,62,62,62,69,83,10,14,78,56,74,78,27,32,41,51,81,36,41,57,81,82,20,45,45,69,99,47,47,50,27,32,38,42,90,56,57,73,40,72,89,37,55,140,40,42,82,77,96,102,44,50,53,53,91,44,82,94,43,57,66,66,70,44,90,148,56,79,99,9,9,73,31,42,44,36,43,47,79,80,20,26,41,52,87,43,69,85,69,76,77,48,49,49,54,55,64,69,70,71,79,49,77,90,28,30,32,36,81,82,69,69,69,69,70,6,39,52,82,96,53
060770012003,61,63,88,51,53,56,95,102,41,46,86,35,42,45,49,70,5,22,87,60,67,70,6,57,66,73,87,5,40,49,51,93,27,39,75,98,167,14,14,14,37,51,52,75,105,40,40,96,46,63,85,46,56,63,66,76,83,63,67,93,9,17,65,78,87,42,70,87,41,44,44,70,74,23,100,101,26,49,89,19,82,132,46,85,106,8,43,57,79,101,23,51,61,64,74,17,79,94,11,139,139,49,49,53,55,56,65,74,76,77,92,72,91,91,39,51,107,38,49,89,61,61,69,69,96,39,69,75,91,98,43
060770012004,65,83,93,50,60,69,103,104,41,50,65,42,53,57,58,72,13,24,85,64,66,69,50,56,60,77,86,54,56,58,71,74,30,33,108,175,175,22,22,23,45,49,52,68,104,45,48,72,25,93,93,34,53,88,64,96,101,55,63,68,13,70,72,84,87,50,54,105,48,49,61,83,88,98,99,150,24,41,70,22,86,141,37,114,114,16,35,53,54,83,2,64,69,79,111,8,53,83,20,83,89,58,58,62,64,68,73,82,84,84,101,67,85,93,43,44,58,47,57,92,69,71,77,79,105,13,21,53,73,97,52
060770013001,33,64,99,56,76,77,80,112,60,76,77,43,53,82,91,106,16,91,92,65,69,85,19,47,70,111,154,19,57,63,65,76,48,49,78,141,155,16,89,92,33,38,88,95,95,32,75,95,69,75,104,32,75,75,77,77,87,16,72,77,85,88,91,102,105,28,37,94,34,36,37,40,57,112,112,141,48,48,90,32,83,138,40,67,73,85,91,105,106,112,67,92,113,127,140,33,36,42,9,38,78,47,52,54,55,57,61,62,67,70,80,81,87,103,34,36,50,37,44,44,53,53,53,56,58,49,54,74,75,87,35
060770013002,55,66,82,53,62,72,77,104,44,58,103,57,59,59,68,97,8,86,104,62,70,94,34,34,52,94,134,26,54,57,58,67,13,77,160,160,161,11,67,67,44,57,67,79,88,33,87,93,63,67,95,61,76,153,78,78,79,58,77,79,61,69,69,91,92,36,76,92,33,34,36,79,101,9,103,105,42,59,92,23,74,133,31,53,79,12,58,60,103,105,36,53,55,94,135,48,82,82,63,138,138,36,43,49,54,56,66,75,77,78,86,63,65,94,40,41,45,42,63,86,54,54,62,64,90,32,40,49,67,67,37
060770013003,60,82,95,10,33,34,45,47,48,78,109,65,65,65,65,86,77,90,94,62,78,79,30,46,59,76,147,39,45,45,60,80,24,43,44,72,97,50,50,59,30,36,47,79,88,60,60,93,42,48,77,32,35,62,43,46,47,64,99,105,46,48,56,57,87,19,67,92,67,68,69,73,92,50,94,144,50,56,94,13,70,138,16,47,67,37,42,72,77,105,7,13,49,49,103,47,72,88,72,74,74,43,44,59,59,66,67,67,71,72,72,77,90,93,31,33,35,44,79,80,64,65,72,72,73,5,39,57,79,94,47
060770013004,35,62,91,54,56,97,102,102,45,51,59,25,32,57,74,95,2,28,89,53,58,92,5,40,54,71,71,18,49,51,54,60,45,64,68,160,161,7,7,7,34,39,44,66,103,33,33,69,78,79,80,43,65,81,78,81,82,4,64,90,12,42,68,90,92,43,73,81,35,37,37,63,78,18,81,102,25,37,47,22,80,126,40,99,99,39,49,80,81,96,29,45,72,93,103,48,81,81,6,133,133,35,39,43,46,47,51,53,58,70,70,34,78,93,41,45,101,32,32,79,54,54,62,62,90,46,67,77,80,100,37
060770014001,32,32,90,25,26,53,54,64,54,72,81,46,47,82,83,83,26,32,70,49,61,61,27,31,37,54,64,31,32,40,67,68,31,64,87,87,90,34,48,58,29,39,49,60,76,58,58,89,26,56,85,34,77,139,34,61,67,25,37,121,35,36,37,59,94,67,80,82,43,61,67,67,95,51,89,89,79,81,103,24,28,58,47,66,89,38,39,51,54,102,21,21,57,60,90,42,67,83,49,63,63,51,52,54,54,59,59,59,59,59,76,29,51,78,37,60,80,30,34,89,60,67,67,68,68,45,60,67,81,142,59
060770014002,42,55,66,45,55,78,83,156,50,65,69,57,61,65,65,65,25,53,106,59,73,79,27,38,59,97,152,41,68,69,69,70,47,72,73,85,85,67,67,67,39,64,76,83,83,62,62,64,66,107,109,20,20,75,42,66,78,43,86,122,51,52,53,68,99,72,79,80,52,58,92,97,97,56,77,99,52,68,69,22,27,68,46,86,95,32,40,45,58,70,6,29,59,64,98,52,77,93,59,64,65,64,64,64,67,69,69,71,72,72,73,45,81,94,33,33,65,41,49,69,70,77,77,78,78,22,41,46,64,83,54
060770014003,33,41,65,21,39,45,46,83,50,64,78,48,52,53,56,56,18,25,46,62,69,69,21,29,46,87,143,31,33,41,41,69,32,52,52,52,88,35,35,63,23,29,30,47,77,59,59,78,66,82,98,29,68,140,35,59,77,36,64,68,38,41,42,49,68,81,83,90,42,45,62,62,73,49,90,90,43,68,104,15,20,59,50,61,69,25,34,40,46,61,15,51,58,97,105,43,68,84,50,63,64,53,54,55,56,58,60,60,60,76,77,52,76,88,24,27,81,32,40,65,61,64,68,68,69,40,46,53,57,82,54
060770014004,31,58,64,34,40,46,77,82,44,59,74,46,51,51,52,55,14,19,72,62,63,72,17,28,37,60,142,31,32,33,37,64,18,64,65,86,90,34,34,63,25,27,40,43,77,59,59,88,81,97,99,36,64,138,31,32,77,32,32,38,40,40,41,46,67,61,77,81,42,61,68,72,86,45,67,88,68,83,102,11,15,58,37,47,84,20,30,37,42,66,51,83,89,116,119,41,67,82,61,63,64,50,51,52,52,52,53,54,54,76,76,41,91,94,25,26,80,31,65,67,61,62,67,67,67,40,46,53,82,86,59
060770015001,69,84,108,35,71,71,79,80,66,81,90,30,31,35,86,132,50,78,115,86,88,95,36,52,70,70,94,64,67,67,72,96,26,42,83,85,132,70,80,80,70,72,79,89,101,65,84,89,64,67,70,67,81,169,61,68,77,40,66,121,75,75,89,112,113,37,76,121,88,93,93,99,100,31,120,120,86,87,103,69,81,162,87,97,109,43,47,68,68,72,31,58,79,89,135,41,42,61,67,68,89,52,78,81,81,82,82,82,85,91,98,84,97,111,57,60,67,41,92,104,64,90,92,92,97,44,48,51,71,89,48
060770015002,31,56,81,48,72,74,79,81,53,68,95,31,33,41,66,97,54,60,88,70,85,88,36,41,74,74,74,13,72,76,82,98,17,37,42,140,143,90,90,102,40,72,75,89,100,96,109,118,72,81,124,33,72,95,77,78,82,57,80,125,55,82,92,92,100,36,103,108,41,44,46,48,52,43,105,126,51,96,141,46,62,92,22,40,47,36,57,74,105,127,52,63,70,87,97,13,29,40,42,75,91,62,78,79,80,83,84,85,93,94,100,43,103,120,35,52,116,21,34,114,54,73,74,74,83,59,79,88,92,124,47
060770015003,23,50,98,13,76,95,98,130,34,47,94,20,22,30,33,55,45,57,130,58,64,71,46,47,72,99,140,13,34,85,92,97,41,41,41,42,65,33,33,33,28,41,68,77,84,38,38,94,33,103,106,51,92,99,9,44,69,40,101,118,13,30,30,42,96,36,46,131,30,31,40,41,42,32,130,166,55,78,130,45,62,81,46,54,71,25,32,33,46,65,31,79,81,86,134,19,23,28,34,151,152,52,64,67,68,69,72,72,75,79,82,43,45,58,22,24,105,48,55,56,44,62,62,62,72,50,78,97,97,128,36
060770015004,55,62,71,38,38,62,66,79,42,95,122,82,82,82,82,99,34,63,109,78,79,91,56,56,70,75,79,52,52,57,58,77,40,48,68,69,99,55,55,67,53,58,64,71,72,51,67,95,50,57,122,8,8,156,32,46,57,80,123,129,62,62,62,64,106,68,82,83,71,73,75,81,88,85,106,107,54,72,114,30,67,156,73,73,95,31,49,55,79,119,27,40,66,74,125,38,39,84,53,54,54,54,55,55,57,57,57,57,63,75,75,62,105,106,44,44,46,57,58,61,80,82,84,84,85,30,35,42,56,74,45
060770016001,14,42,95,38,39,42,69,105,37,41,112,11,13,21,26,29,44,48,126,49,55,62,39,41,78,105,133,19,34,57,78,119,56,59,60,112,133,33,33,33,20,32,74,88,94,27,29,39,34,42,50,41,104,106,8,49,104,31,41,114,29,36,36,39,40,44,45,45,30,32,33,33,70,29,143,144,32,34,38,31,67,72,9,14,44,17,17,37,44,131,28,42,48,51,60,16,19,20,34,34,144,26,43,55,58,59,60,63,71,74,74,23,40,66,13,17,74,39,47,47,35,53,54,54,63,5,41,53,69,115,27
060770016002,29,37,87,11,46,47,48,78,25,25,56,4,5,9,12,16,42,53,73,30,41,56,30,41,71,101,131,6,16,31,31,122,5,6,8,27,42,39,42,42,12,24,65,100,107,19,21,31,22,29,48,25,39,50,4,26,28,10,51,54,14,14,19,48,49,16,42,53,12,21,22,25,61,21,37,136,4,15,95,23,38,64,12,14,38,6,8,48,53,102,24,28,30,31,58,6,12,31,36,42,136,49,50,50,52,52,52,56,56,63,66,15,32,58,4,7,65,31,39,40,27,36,46,46,55,15,15,36,49,49,19
060770017001,35,36,102,65,96,99,134,135,22,102,128,23,34,42,49,67,24,97,115,70,83,85,22,59,102,135,160,13,81,86,104,150,56,101,135,136,139,47,47,109,41,53,75,76,79,50,98,123,29,85,92,62,95,103,13,40,72,53,96,122,12,44,54,105,124,18,25,138,42,43,44,52,92,47,113,179,14,60,137,45,52,73,27,41,58,20,35,58,88,100,13,64,85,89,90,4,29,41,48,99,99,73,79,80,81,81,82,84,85,92,95,30,55,61,53,85,117,24,35,115,55,74,75,84,87,61,68,90,101,132,48
060770017002,39,41,110,58,80,103,110,116,68,70,124,23,28,37,39,47,64,105,121,63,74,80,22,64,75,158,165,33,54,60,95,114,6,7,60,61,131,53,53,53,45,57,85,87,116,52,54,54,61,97,116,73,109,111,34,54,78,39,96,110,17,48,55,60,61,27,34,113,38,46,49,53,57,58,81,183,18,22,98,41,79,83,21,54,63,20,24,65,65,101,28,36,68,72,76,10,29,45,24,53,168,69,81,84,85,86,86,87,89,89,99,48,61,126,37,39,81,38,73,73,59,77,79,80,88,46,79,109,118,140,52
060770017003,29,56,109,30,48,57,77,92,42,49,69,17,28,36,43,61,53,108,141,64,64,77,31,31,56,84,140,9,45,93,111,132,15,41,42,49,50,41,41,41,34,47,81,88,115,42,44,54,40,44,72,68,108,110,16,64,119,34,84,116,5,44,45,46,48,30,51,112,35,35,36,46,48,34,158,172,42,47,54,36,43,69,14,29,42,28,52,73,124,146,31,57,60,75,86,9,17,34,42,157,158,64,73,74,75,75,78,78,86,88,88,51,81,114,27,28,76,28,61,62,49,69,69,78,80,49,83,108,108,117,42
060770018001,24,46,72,26,31,40,66,109,28,45,73,24,29,32,34,38,71,108,142,56,61,70,14,51,51,64,70,22,26,67,91,125,7,13,38,41,125,59,59,59,32,44,68,90,97,39,41,41,38,41,106,81,82,122,36,48,124,18,26,92,32,53,56,59,67,27,69,97,36,44,74,77,83,41,61,63,45,63,112,28,58,70,9,32,43,7,28,52,70,123,57,62,75,79,98,19,22,32,26,65,156,56,68,68,69,71,72,73,74,76,76,35,46,52,24,24,29,52,60,60,46,62,64,66,67,33,33,34,66,79,39
060770018002,37,42,89,43,52,61,85,99,37,52,62,16,19,20,23,30,60,99,142,39,52,53,49,52,82,100,136,4,20,22,22,49,4,38,39,66,116,47,48,48,23,35,66,94,101,31,32,32,27,50,58,47,69,121,5,18,42,24,27,36,19,21,44,54,56,60,86,113,19,31,34,35,36,32,50,51,47,107,113,21,29,47,34,46,79,5,19,44,59,115,34,42,66,82,96,7,22,24,19,54,147,54,59,62,63,64,65,67,69,74,78,26,44,104,15,18,66,44,51,51,38,56,57,58,70,20,22,26,68,73,30
060770019001,3,38,52,23,41,44,52,78,26,30,64,22,29,33,34,38,65,70,83,22,36,36,39,42,43,43,47,30,51,63,65,81,37,53,56,57,72,23,31,31,24,34,51,113,120,35,35,38,42,53,84,42,57,58,28,30,47,22,42,51,30,38,53,98,98,25,36,96,6,11,20,37,47,29,38,51,6,30,44,4,8,53,18,41,59,28,28,29,54,97,10,34,40,76,81,24,27,41,28,38,56,42,43,43,51,52,58,59,59,61,61,27,57,60,6,30,39,30,41,50,24,33,39,41,50,16,37,37,47,56,31
060770019002,30,30,37,22,27,39,45,60,30,43,68,23,23,25,32,36,64,87,89,26,53,53,30,38,39,47,131,22,31,32,34,76,36,45,56,60,61,46,54,54,18,28,57,107,114,29,29,29,22,36,57,36,39,63,21,27,36,17,44,66,16,16,32,44,53,24,47,55,4,12,25,53,62,24,29,50,23,26,43,6,13,31,39,50,59,21,22,24,58,102,33,34,42,45,63,17,21,34,24,58,63,45,47,47,47,49,51,55,62,65,65,34,62,77,7,22,23,32,44,45,25,41,43,45,46,14,22,31,32,49,26
060770019003,13,23,49,17,23,33,35,70,32,36,57,12,24,29,32,51,52,71,75,17,37,42,19,29,29,36,112,19,25,54,61,92,8,46,49,49,53,25,42,90,15,25,53,115,122,26,26,26,33,41,87,33,50,51,15,16,24,13,30,42,23,26,31,40,91,17,38,89,6,11,12,41,60,20,42,48,22,46,48,2,40,52,10,33,49,20,23,33,55,89,15,36,41,45,48,17,29,46,38,43,47,33,35,35,37,38,39,43,50,51,53,18,56,65,8,19,21,27,32,40,15,27,33,33,46,10,25,28,28,37,22
060770019004,11,32,56,27,35,36,45,48,24,41,54,39,40,43,47,50,79,81,97,19,26,48,21,38,48,57,89,48,57,58,59,74,28,33,33,52,55,52,55,55,29,44,54,144,151,33,55,55,58,62,70,35,52,61,34,47,48,43,60,62,43,52,58,70,94,50,54,88,11,34,48,48,49,25,37,65,35,38,58,28,40,41,23,36,58,35,48,53,54,93,37,46,52,54,62,47,60,72,20,57,57,11,28,33,37,39,46,47,52,53,53,29,43,46,45,49,60,53,57,70,26,26,33,34,35,24,37,40,40,58,51
060770020001,44,51,54,41,47,54,60,75,44,54,63,36,37,49,50,53,83,101,103,34,48,53,54,60,62,67,83,39,47,63,80,90,21,25,37,37,57,37,69,72,33,43,45,111,118,44,44,44,47,72,74,50,64,78,43,44,55,42,60,80,21,36,52,59,75,38,100,109,16,40,52,76,83,38,45,65,36,47,47,15,19,48,9,50,81,20,38,47,72,115,47,53,67,73,135,30,36,39,39,78,79,31,34,59,59,59,63,63,74,75,77,47,74,76,20,36,49,50,59,59,40,41,41,57,65,10,45,46,61,72,40
060770020002,12,48,70,23,37,42,54,56,36,44,57,5,37,38,43,45,79,96,103,29,29,43,43,52,54,78,105,22,32,75,80,112,26,37,37,57,68,31,39,40,33,40,43,113,120,44,44,44,40,43,78,51,51,69,36,51,57,49,59,70,46,47,53,59,110,41,41,53,16,20,28,38,66,39,54,65,53,55,58,12,18,43,11,52,53,37,38,67,109,111,29,55,61,63,82,32,36,41,40,65,73,44,54,54,62,63,69,70,70,72,72,33,37,44,17,37,49,50,59,59,38,49,50,60,62,5,46,47,56,67,40
060770020003,52,60,63,13,49,58,58,60,20,51,52,17,17,36,38,49,74,85,89,22,38,46,34,48,53,58,83,31,44,46,79,81,31,33,56,60,62,38,45,45,31,39,49,121,128,34,50,50,44,79,84,57,62,71,6,58,71,10,55,76,10,31,51,53,104,45,54,99,32,46,53,58,61,45,47,71,47,59,70,18,24,36,16,35,48,42,43,44,60,101,29,57,64,67,75,38,42,49,33,69,73,19,37,46,47,49,55,57,62,63,65,42,43,63,44,49,55,44,56,65,35,42,42,44,53,32,35,49,53,60,46
060770021001,30,36,42,13,38,39,49,52,12,28,31,36,42,43,47,53,82,94,98,14,30,52,9,41,44,63,67,51,53,57,59,66,10,12,36,42,58,59,62,63,15,48,59,148,155,37,37,51,36,59,74,38,42,55,46,53,65,47,47,58,45,46,53,60,62,45,53,54,40,42,47,47,49,6,40,68,19,54,62,44,45,51,27,43,61,38,41,54,57,59,29,42,52,53,68,51,63,76,6,53,54,10,36,38,38,41,42,50,56,56,56,12,15,25,53,57,59,56,66,75,27,34,34,36,37,28,29,33,43,54,52
060770021002,40,47,60,9,43,44,57,57,17,33,50,46,52,56,56,65,87,99,105,25,35,38,5,46,61,65,91,6,48,58,62,73,9,26,60,60,62,64,71,71,6,53,64,153,160,42,42,56,27,56,71,43,47,59,47,56,64,52,68,72,41,52,63,66,68,51,53,96,45,51,56,57,57,15,45,73,15,67,69,49,50,56,48,59,68,58,58,64,67,101,56,58,62,71,73,56,68,81,15,56,83,15,41,42,45,46,47,55,61,61,64,26,49,55,58,62,64,61,71,80,27,40,41,41,42,8,38,38,48,59,61
060770021003,17,22,30,9,50,51,63,73,24,40,70,47,53,54,54,64,94,106,110,18,41,45,53,72,73,76,79,62,64,73,73,78,8,11,48,54,61,59,59,74,11,60,70,160,167,62,62,66,11,66,80,50,53,67,54,62,76,58,58,75,56,58,59,67,69,38,59,64,52,54,58,58,77,8,52,79,20,52,73,55,57,62,50,65,72,50,53,64,65,106,39,52,53,64,80,63,75,87,8,8,78,48,49,49,53,53,53,54,62,67,68,15,16,60,64,68,73,68,77,86,33,34,35,39,48,31,32,44,55,65,64
060770022011,18,22,29,31,36,37,52,53,22,22,36,8,28,29,29,32,75,79,87,7,13,18,34,41,49,53,58,7,33,42,54,59,21,29,29,48,51,41,41,41,39,45,51,145,152,41,47,52,32,45,45,31,35,48,29,30,39,39,45,52,29,33,35,46,50,16,27,45,16,29,31,33,36,33,36,61,31,35,50,31,44,51,35,47,54,31,34,46,53,57,3,10,33,42,46,45,63,81,27,43,50,30,31,31,33,33,34,34,35,43,49,12,17,45,39,51,54,54,59,68,5,7,15,24,27,7,8,38,43,47,45
060770022012,14,15,21,24,28,31,37,44,12,13,27,9,21,21,21,23,68,71,80,4,4,6,26,35,36,46,50,10,25,31,35,51,15,20,21,21,21,33,33,33,33,37,44,137,144,24,33,44,24,35,40,23,27,40,21,22,22,32,38,38,21,25,27,38,42,18,22,38,17,21,21,23,25,26,30,45,13,23,37,26,36,43,15,22,24,24,26,39,44,44,7,16,26,27,42,37,55,73,18,30,42,14,14,15,17,21,23,23,24,24,26,2,7,13,33,41,47,46,48,51,7,7,10,10,15,7,10,31,35,39,37
060770022021,8,23,23,26,26,30,40,49,14,15,22,19,23,23,26,29,70,73,82,8,8,23,26,29,32,40,49,21,31,35,40,55,10,22,37,42,46,35,35,35,28,36,46,136,143,25,25,38,25,53,55,26,29,42,17,25,25,35,35,46,23,29,34,35,43,15,37,40,17,26,33,34,52,21,28,47,18,37,39,20,32,43,15,19,44,26,28,41,41,50,19,28,29,40,45,39,51,69,11,20,54,8,8,10,15,25,26,26,28,29,30,15,18,20,28,38,41,49,53,62,15,17,17,23,23,18,21,26,36,41,39
060770022022,17,40,47,23,42,55,64,65,17,19,24,19,39,39,42,43,86,89,98,34,34,55,28,45,48,66,68,18,23,47,56,63,6,38,53,58,62,51,51,51,25,52,62,152,159,58,58,63,52,53,63,42,45,58,41,46,56,56,62,67,39,44,45,57,61,31,41,56,44,50,50,56,68,22,44,63,22,46,61,14,48,59,31,42,57,42,44,57,57,62,22,44,45,55,56,55,67,85,22,22,23,6,19,30,41,42,42,44,44,45,45,7,52,67,58,65,68,65,69,78,27,27,30,33,38,18,20,24,47,57,56
060770022023,26,33,33,31,40,49,56,59,17,26,32,11,33,33,33,35,80,83,92,31,32,49,35,38,48,56,62,9,37,47,48,57,32,34,47,52,55,45,45,45,33,49,56,149,156,41,45,56,50,53,54,35,39,52,33,34,50,44,50,61,33,38,39,51,54,11,31,50,11,26,33,50,62,30,38,57,35,47,55,24,48,55,27,42,54,36,38,51,56,57,12,13,21,39,54,49,67,85,30,30,31,26,29,33,34,38,38,40,53,53,54,19,50,61,33,59,59,58,60,63,9,10,27,31,32,9,12,32,47,51,49
060770023001,31,31,39,7,11,21,29,46,14,31,47,5,6,6,16,29,50,55,63,22,31,34,10,24,32,42,44,9,18,20,24,30,6,6,7,8,26,12,12,16,28,37,50,137,144,7,8,13,7,20,21,5,10,13,5,5,15,13,20,27,5,7,9,12,15,11,19,22,5,11,18,19,23,9,29,36,6,10,16,36,43,47,15,16,19,7,9,22,28,30,10,15,28,34,36,37,55,73,15,19,19,6,6,6,6,7,13,13,13,26,26,11,22,38,28,42,50,30,34,43,5,6,6,34,36,12,27,30,35,45,20
060770023002,9,39,72,26,33,43,65,72,35,51,65,19,24,24,25,50,50,66,75,40,52,57,25,36,42,63,68,5,24,36,52,56,15,18,23,33,60,24,24,42,46,58,71,158,165,4,14,18,23,57,67,16,25,51,21,31,43,25,31,44,15,19,22,24,26,19,40,50,24,30,43,49,65,27,47,49,16,21,25,57,68,70,17,35,51,24,24,38,41,66,18,34,42,50,57,58,76,96,14,30,40,5,12,21,23,23,25,25,25,26,27,28,50,67,45,46,71,47,69,88,37,39,40,51,52,17,49,52,56,66,36
060770023003,16,23,53,5,9,15,58,70,20,30,37,5,5,6,6,36,44,48,57,33,45,45,7,17,26,39,48,8,19,21,37,51,6,9,11,45,54,6,6,11,31,43,56,142,149,6,17,36,8,14,15,6,7,10,4,13,28,7,14,44,6,7,8,11,15,25,27,35,8,28,31,34,47,12,34,52,3,9,10,27,38,55,6,13,17,7,9,15,51,55,15,35,40,42,57,43,61,79,9,12,25,3,4,5,6,8,10,10,15,20,20,4,9,55,31,48,56,24,29,73,5,11,28,40,42,6,34,37,41,51,15
060770024011,7,35,45,15,18,20,61,100,31,37,64,7,12,15,26,59,36,51,60,43,55,55,9,17,52,63,64,7,18,31,47,61,9,51,59,60,63,10,11,16,42,53,67,124,160,9,9,46,10,11,19,11,17,21,15,22,46,7,12,55,7,12,18,22,26,36,38,38,14,22,26,61,62,23,45,71,12,16,63,38,64,75,9,17,64,10,20,33,42,61,27,32,35,35,38,53,72,81,12,36,41,10,12,13,13,13,15,27,31,52,60,50,63,66,42,42,59,33,65,83,13,21,34,38,50,10,44,47,61,70,26
060770024012,13,43,70,21,24,26,37,68,37,53,68,12,18,21,32,61,33,57,66,15,42,45,24,30,33,58,67,17,25,37,53,67,16,33,57,66,68,17,17,17,48,60,72,130,166,10,20,52,16,17,25,9,23,26,16,20,27,13,18,61,12,23,24,28,32,42,64,64,16,19,19,20,59,29,51,61,14,22,37,46,46,71,11,14,70,16,26,39,72,85,22,27,38,44,58,60,78,87,7,42,68,18,19,19,19,19,21,34,37,57,66,14,39,69,48,65,72,40,71,90,27,28,28,30,44,10,50,53,58,67,31
060770024013,20,20,76,29,30,34,48,73,44,50,62,21,29,38,58,67,36,63,72,50,52,69,8,31,39,76,79,13,32,61,64,75,20,39,43,63,77,25,28,50,54,66,81,136,172,16,19,59,22,65,77,18,34,59,26,27,55,20,27,67,28,32,36,38,68,20,48,50,11,23,25,26,27,36,57,84,16,23,43,53,72,76,59,75,77,28,46,73,78,91,15,39,63,66,72,66,84,93,16,23,50,25,26,27,28,28,29,43,60,60,66,16,77,80,54,71,76,45,77,96,36,36,38,52,64,19,58,61,64,75,38
060770024021,41,78,89,41,46,59,86,93,55,56,72,39,45,46,51,71,50,79,88,48,73,76,43,55,61,71,86,17,44,77,86,87,38,38,56,76,88,37,42,63,67,79,92,178,186,31,35,71,41,77,88,30,42,72,20,41,52,38,39,80,28,33,43,51,80,32,52,61,20,40,41,45,83,48,81,84,29,57,73,63,84,89,40,54,72,18,86,86,91,104,26,52,57,57,58,79,97,109,28,61,66,19,19,38,40,40,40,40,42,73,77,35,79,79,60,67,68,60,90,109,58,61,62,64,64,31,64,67,77,87,51
060770024022,66,73,74,26,29,42,70,77,40,48,56,23,29,30,36,56,44,64,73,48,57,61,27,39,47,69,73,20,29,41,57,62,27,27,41,60,72,22,22,48,52,63,77,163,171,16,19,55,30,62,72,14,30,57,4,25,53,23,27,64,27,28,31,36,65,16,45,55,4,24,25,28,29,32,42,55,14,19,76,53,70,75,25,29,72,30,36,43,71,71,11,46,47,55,60,63,81,94,12,28,45,4,4,10,21,24,24,24,26,41,61,19,73,75,45,52,73,45,74,93,32,33,42,56,57,15,54,57,62,71,35
060770025031,70,89,91,42,43,47,106,126,57,62,73,40,41,51,71,85,24,76,85,63,70,82,34,52,86,88,92,27,37,56,86,90,32,33,56,76,90,36,41,63,67,79,94,139,149,34,71,71,61,68,90,33,48,72,36,39,64,32,40,74,31,35,41,80,81,62,63,70,28,36,38,38,39,78,89,89,50,56,93,66,66,100,29,72,90,27,28,86,86,87,60,60,76,86,98,79,106,115,31,62,89,38,39,40,40,41,42,53,56,78,85,31,80,92,67,68,84,55,55,109,49,49,49,51,79,34,71,74,88,95,51
060770025032,31,32,59,41,42,46,79,125,56,61,72,39,40,50,70,84,22,75,84,69,81,81,33,51,52,85,91,26,36,44,77,89,31,55,75,85,89,35,40,62,66,78,93,138,148,33,33,70,60,67,89,32,47,71,35,38,89,32,39,96,30,34,40,79,80,61,62,69,35,35,37,38,87,46,88,94,49,55,92,65,77,99,28,71,89,26,85,85,86,98,22,30,59,59,97,78,105,114,30,61,88,37,38,39,39,40,41,52,55,77,84,30,54,92,66,83,85,54,54,108,48,48,50,64,78,33,70,73,87,94,50
060770025041,16,30,64,44,44,48,84,116,76,93,103,42,43,82,85,86,16,77,86,67,84,84,25,30,87,93,124,40,53,76,79,90,33,33,77,86,91,37,43,64,69,80,95,140,150,36,36,73,62,69,79,45,50,74,35,40,97,35,42,98,34,38,42,76,82,63,64,64,39,40,47,76,89,88,91,95,58,93,95,67,79,101,56,75,89,25,60,84,87,92,39,57,62,63,77,80,108,116,34,64,67,39,40,42,42,42,43,54,80,86,87,41,77,96,69,85,89,52,53,110,50,50,52,67,81,37,73,76,90,97,52
060770025042,26,64,100,51,56,89,95,130,70,73,99,80,89,93,93,101,15,83,92,72,74,91,38,61,95,108,142,40,65,69,86,95,40,61,64,101,115,45,50,71,75,87,103,149,149,47,47,80,69,76,77,52,57,80,74,88,97,45,49,106,44,48,50,88,89,71,72,95,47,49,74,82,96,77,91,192,74,102,105,73,85,107,73,97,112,33,67,94,95,142,50,66,68,79,89,105,122,171,44,71,74,47,49,49,49,49,50,65,65,93,94,44,71,73,75,93,94,59,59,116,54,58,60,69,74,47,80,83,86,104,59
060770027014,59,65,76,38,63,67,89,91,64,65,75,18,58,59,59,94,74,94,102,51,59,59,61,63,85,96,112,47,53,59,60,94,39,42,42,52,72,46,54,54,36,48,58,128,135,59,59,59,87,89,116,58,65,79,51,52,65,57,63,85,18,39,57,61,81,31,33,77,41,44,49,84,85,53,60,80,53,68,69,27,32,48,25,68,75,39,53,73,114,116,60,68,68,76,77,47,51,58,45,61,87,32,50,60,61,70,76,76,76,79,79,54,65,78,53,58,63,65,74,74,49,55,55,57,67,41,61,61,63,74,55
060770028001,31,64,83,31,66,77,88,90,26,40,86,64,64,66,67,68,110,114,126,57,58,79,35,84,86,88,90,32,71,75,78,88,30,33,62,83,85,76,76,79,33,76,86,176,183,65,81,82,33,66,79,70,82,83,74,76,81,80,86,91,64,68,75,76,81,55,64,73,43,75,75,76,77,30,68,91,21,88,96,72,73,78,58,66,70,69,81,81,83,85,25,68,70,85,90,79,91,104,30,30,30,38,64,64,65,69,69,70,78,84,84,21,22,76,81,82,89,84,94,102,36,49,55,57,62,42,45,60,71,82,80
060770028002,28,37,42,59,59,68,76,78,20,27,75,30,56,57,57,58,85,103,111,50,51,51,58,63,73,79,79,40,58,66,67,71,53,58,59,61,65,60,64,67,61,68,75,169,176,47,54,57,61,72,78,52,58,71,60,63,68,61,68,75,51,56,63,65,70,50,60,62,42,57,57,57,63,84,86,97,57,71,77,67,75,79,52,61,78,47,76,78,80,94,32,54,58,66,78,68,87,105,50,58,82,49,50,53,53,54,55,57,58,59,61,32,59,61,61,78,78,80,82,98,28,28,30,51,51,28,32,54,60,67,68
060770031061,76,76,76,89,118,128,134,142,52,60,132,60,60,60,60,64,82,111,118,61,87,87,52,68,130,130,134,67,71,76,77,103,24,29,57,62,84,59,95,102,74,75,134,135,136,80,102,102,53,54,83,124,126,128,49,131,134,64,65,68,71,71,74,76,104,75,124,127,82,96,99,99,100,110,124,126,75,98,104,65,90,96,56,79,106,49,50,85,125,131,18,68,129,129,150,76,79,104,61,104,105,59,60,60,61,61,62,62,84,85,86,49,64,80,117,123,132,66,69,105,70,72,73,77,77,59,102,113,127,161,153
060770031062,55,55,55,68,97,111,116,121,39,41,114,45,45,62,62,62,32,61,99,42,67,69,88,109,112,116,139,33,47,55,56,88,39,48,63,84,91,38,55,81,57,116,117,118,196,81,81,81,38,62,103,104,108,108,112,114,116,20,46,47,40,40,45,50,55,32,38,109,37,78,80,81,81,89,106,108,55,83,84,66,69,75,40,85,85,34,36,48,86,111,50,93,108,129,132,56,58,83,40,86,87,42,42,42,43,44,44,44,64,65,67,28,62,91,54,105,114,9,48,84,52,54,54,55,59,41,81,92,109,143,132
060770031063,55,55,55,26,69,97,121,125,26,34,124,48,49,49,49,49,61,100,102,50,75,76,26,35,86,121,125,51,55,56,87,91,15,18,20,37,84,39,56,81,53,90,125,126,127,71,81,81,32,45,62,104,108,118,23,112,116,34,39,42,45,50,51,54,91,46,105,118,46,84,88,90,90,90,115,117,54,77,84,69,73,75,19,58,90,25,34,41,65,113,10,43,102,132,136,56,59,83,86,87,88,48,49,49,50,50,51,72,73,74,75,28,43,101,54,96,124,24,48,84,59,62,62,66,66,34,82,92,109,143,132
060770031081,72,72,72,50,114,124,129,138,56,58,127,55,59,76,76,76,45,60,112,56,81,82,59,105,106,125,129,46,60,64,73,73,61,66,80,101,109,56,73,98,70,129,130,131,214,75,98,98,78,79,87,121,121,125,127,129,129,12,62,64,57,57,62,68,72,49,52,122,50,91,94,94,95,107,119,121,68,70,101,60,86,92,53,98,99,53,104,120,125,126,106,125,137,142,145,73,76,100,57,99,102,54,55,55,56,57,57,78,78,80,81,45,75,105,71,118,127,12,66,101,65,67,68,72,72,58,68,109,122,156,150
060770031082,66,67,88,45,108,123,133,150,51,53,122,53,59,69,70,70,40,54,107,47,50,75,97,116,119,123,146,40,58,67,67,95,60,74,95,102,103,50,67,92,64,123,124,125,208,92,92,92,45,73,73,115,115,119,120,122,123,16,57,59,51,51,56,62,93,10,44,116,71,82,85,88,89,61,113,115,62,66,95,73,80,86,10,51,93,46,53,66,120,120,117,120,132,137,139,67,70,94,52,93,96,49,49,49,50,50,51,51,72,73,74,39,69,99,65,113,121,9,60,95,59,62,62,62,66,53,62,103,119,150,144
060770031083,65,65,87,43,107,122,131,149,50,52,120,52,58,69,69,70,38,53,106,46,49,74,115,118,118,122,145,39,65,65,66,93,58,73,94,101,102,49,66,91,122,123,124,140,207,91,91,91,44,72,74,114,114,118,119,120,122,21,56,58,50,50,55,55,92,42,112,115,60,70,84,87,88,60,112,114,61,65,94,72,79,85,9,50,92,45,51,59,118,119,99,116,130,135,138,66,69,93,50,92,95,48,48,48,49,49,50,50,71,73,74,38,68,98,64,111,120,8,58,94,58,61,61,61,65,51,61,102,118,149,142
060770031091,58,58,78,43,96,101,124,138,50,52,100,44,50,51,52,52,45,63,105,41,44,64,41,44,97,101,134,45,52,58,58,58,51,65,86,93,94,41,58,81,101,102,103,132,143,81,81,81,64,64,66,93,106,110,107,109,111,32,50,57,42,47,47,56,80,42,94,107,22,31,64,76,77,91,92,93,57,72,85,64,71,77,23,42,83,45,47,51,102,107,78,94,108,110,119,58,61,85,43,81,84,39,39,40,40,41,41,42,42,59,60,30,47,86,56,99,100,21,51,86,44,44,45,45,52,53,94,97,104,138,135
060770031092,36,58,64,47,73,98,102,106,55,60,101,20,27,38,38,39,33,41,89,21,44,47,83,98,98,101,102,36,36,36,60,63,37,45,46,63,71,19,35,60,102,103,104,115,125,60,60,60,43,43,43,89,94,95,89,91,91,38,42,45,21,21,26,34,60,50,87,95,28,31,56,56,56,69,93,94,33,38,74,41,54,60,52,57,60,41,48,48,49,87,80,85,95,107,111,38,41,62,22,61,64,16,16,17,17,17,19,19,25,41,42,43,43,50,40,80,101,31,38,64,26,28,29,29,34,35,70,84,98,118,117
060770031093,26,57,60,63,73,97,99,103,53,60,102,13,21,39,39,40,31,48,80,20,44,48,80,99,99,102,103,27,27,27,60,63,29,34,36,54,55,10,27,53,31,31,103,104,105,53,53,53,33,33,33,79,85,96,85,87,87,36,43,49,11,17,25,44,60,48,88,96,22,37,52,56,56,61,94,95,24,29,75,40,44,50,26,46,60,40,45,46,47,83,77,81,96,103,112,29,32,55,13,58,59,15,15,16,16,16,17,19,19,42,43,32,32,51,31,76,102,29,38,55,27,29,30,30,34,26,64,81,99,114,108
060770031094,42,71,75,42,107,108,111,129,42,44,110,31,39,51,51,52,29,33,86,31,56,58,73,95,107,111,126,30,38,42,42,43,35,40,50,70,77,25,42,68,37,45,111,112,113,68,68,68,38,49,50,90,94,104,99,100,102,34,38,42,26,27,32,32,74,34,92,104,37,60,66,69,70,76,102,103,41,70,71,54,56,62,27,38,74,35,37,39,42,98,89,95,104,118,120,42,45,70,27,73,74,30,30,31,31,32,32,32,54,54,56,15,57,80,40,91,110,23,35,71,40,43,43,43,47,35,68,79,107,129,119
060770031101,22,24,51,70,94,96,100,105,65,70,99,8,15,37,38,40,41,48,86,12,32,37,58,61,99,100,102,24,24,24,25,51,35,35,49,51,53,14,23,47,101,101,102,102,113,47,47,47,30,30,30,76,92,93,77,79,79,48,51,52,18,19,23,24,43,75,80,93,19,44,44,44,50,47,91,92,31,37,72,28,46,49,32,35,54,51,57,58,59,75,78,90,94,95,109,36,36,49,20,49,52,4,5,5,5,6,6,7,7,32,34,30,30,49,47,74,99,35,41,51,17,21,21,22,22,33,58,72,96,105,105
060770031102,11,55,60,39,58,58,82,113,56,65,112,18,49,50,51,53,29,56,74,25,26,54,36,75,110,112,113,12,12,13,57,59,23,39,40,41,66,12,23,48,10,53,76,76,116,48,48,48,18,18,18,64,79,106,50,80,82,39,62,97,4,4,6,10,55,51,83,107,49,55,57,57,63,21,104,105,18,25,40,33,36,45,20,41,59,24,38,48,49,49,54,65,98,107,122,22,23,41,8,53,54,22,23,23,25,25,26,26,27,50,51,20,20,62,23,71,80,21,23,40,35,39,39,39,40,27,50,76,109,109,93
060770031103,15,48,53,61,62,85,102,109,58,66,107,9,16,46,46,49,32,58,78,17,21,46,40,105,105,107,109,15,15,16,50,52,27,27,42,43,62,2,15,41,13,50,69,69,111,41,41,41,22,22,22,68,83,102,73,75,75,39,43,59,10,13,15,15,52,72,76,102,46,48,50,50,58,44,99,101,22,28,81,37,37,40,24,34,52,40,41,51,52,71,43,65,102,103,118,27,27,43,11,46,47,12,12,13,14,15,15,16,16,41,42,20,20,57,29,64,108,24,27,43,26,30,30,30,31,24,52,69,102,105,96
060770031111,23,67,70,68,88,92,120,121,45,53,118,29,36,56,56,57,18,75,81,59,60,65,56,87,116,118,120,12,19,24,24,25,19,34,52,59,61,18,35,60,27,65,88,88,122,60,60,60,30,30,30,75,80,112,91,92,94,30,55,105,11,14,14,22,70,40,91,113,22,46,67,68,68,27,110,112,19,24,46,40,46,57,12,59,69,25,31,33,37,90,39,93,110,113,128,24,27,53,9,65,66,32,32,32,32,33,35,43,56,59,60,17,32,68,24,75,118,19,22,52,46,46,46,47,50,54,62,88,116,121,103
060770031112,19,63,63,21,25,34,53,77,35,50,119,26,32,56,56,57,46,61,77,34,56,62,12,22,83,117,121,17,20,20,20,67,45,46,49,73,84,19,31,56,22,24,84,84,123,56,56,56,20,20,20,55,60,113,24,31,79,22,22,32,12,12,14,18,66,37,80,114,18,56,63,64,65,11,51,113,5,38,38,25,31,52,65,67,71,11,34,36,48,86,59,83,95,107,129,9,11,46,12,61,62,30,31,33,33,34,34,34,52,58,59,16,28,28,9,71,85,7,10,45,43,47,47,47,48,7,32,84,116,117,89
060770031121,35,35,35,21,46,75,99,132,22,38,121,38,40,40,40,45,54,89,92,39,42,67,22,31,66,119,123,31,36,36,80,82,32,33,61,64,71,28,45,71,38,41,76,123,125,71,71,71,41,42,99,82,86,115,23,24,105,22,55,114,23,23,33,33,81,38,95,116,71,78,78,79,80,70,113,115,58,66,94,47,53,66,24,48,60,15,21,23,41,103,39,108,121,122,129,34,39,65,76,77,77,40,40,42,43,44,44,64,65,65,68,18,69,91,35,45,121,26,29,64,52,54,54,55,59,13,29,66,99,132,110
060770031122,46,46,46,18,45,97,110,129,34,34,132,49,51,51,51,56,80,100,103,53,78,84,11,32,109,130,134,42,46,47,91,93,43,45,77,110,110,39,56,82,40,49,87,110,136,82,82,82,46,49,110,80,84,126,11,20,20,13,18,125,34,34,44,44,92,50,106,127,82,89,89,90,91,38,124,126,62,62,69,45,51,76,34,59,75,12,17,20,30,69,21,43,91,95,127,33,38,70,32,87,88,51,51,53,54,55,55,55,75,76,78,29,80,102,35,44,111,27,29,69,62,65,65,66,70,9,29,56,110,143,108
060770031131,23,70,72,13,24,34,36,38,38,39,55,37,43,70,70,71,51,59,96,45,66,73,7,38,42,86,130,25,25,27,28,73,10,58,60,90,90,33,39,63,13,21,22,23,83,63,63,63,19,19,90,45,56,127,19,35,81,43,115,115,25,27,28,28,72,41,82,88,66,69,73,83,85,25,48,71,44,55,85,8,14,63,26,56,72,11,19,34,40,60,63,65,78,88,108,11,13,43,26,68,69,41,42,43,44,45,45,46,63,68,70,30,34,34,17,17,87,12,14,65,58,58,58,58,59,34,45,52,72,130,71
060770031132,28,75,77,14,45,47,48,86,15,28,28,41,42,44,49,67,57,82,101,46,49,77,5,30,47,91,128,30,30,32,33,77,15,48,49,50,95,30,44,68,13,18,26,27,133,68,68,68,74,76,91,50,59,124,9,45,47,55,79,117,23,23,25,32,34,42,55,125,71,74,77,80,83,25,53,124,45,49,76,18,25,68,23,46,78,12,16,55,77,89,22,35,55,82,109,11,16,48,23,73,73,44,44,44,45,45,47,68,69,69,72,34,80,88,22,22,92,12,12,54,55,58,58,58,62,10,23,50,77,125,83
060770031133,42,44,44,21,59,71,83,100,7,16,17,55,58,58,58,62,31,38,66,59,85,85,5,6,49,105,145,41,44,46,46,91,30,76,78,83,87,44,82,86,7,42,64,87,147,82,82,88,38,42,44,65,69,138,29,32,61,25,131,131,45,46,46,48,91,49,97,138,85,88,91,92,96,30,67,137,50,58,61,30,37,82,54,60,75,18,22,62,63,91,37,82,86,96,129,24,29,62,37,87,87,57,57,57,59,60,61,83,83,84,85,39,41,89,36,36,106,19,26,38,69,71,72,76,76,12,21,63,91,139,94
060770031134,36,38,39,15,28,29,57,81,3,16,24,50,52,53,53,57,29,83,90,54,78,80,1,1,18,19,140,36,39,40,41,85,48,49,63,104,104,39,77,81,3,26,37,81,142,77,77,83,74,75,84,63,67,133,21,23,95,37,48,126,40,40,40,42,86,51,113,133,79,83,85,86,91,24,62,132,45,57,100,29,35,76,32,69,79,0,5,27,33,78,45,77,102,120,149,19,24,56,31,81,82,52,52,54,54,55,56,77,78,79,80,34,36,84,30,31,101,14,16,21,64,66,67,70,70,11,58,65,86,133,92
060770031141,74,76,76,40,69,121,137,170,17,28,151,75,76,76,76,80,49,69,130,81,104,104,26,59,86,88,95,70,76,78,79,117,48,76,97,136,136,113,113,113,75,114,148,148,155,99,109,109,79,113,119,103,107,145,35,44,140,40,43,69,71,77,78,81,118,72,91,146,73,101,112,117,118,99,143,144,55,86,95,69,75,82,100,102,118,23,25,42,54,77,114,143,146,148,160,57,62,94,66,111,114,77,77,78,78,79,79,80,99,102,103,56,98,128,59,68,151,41,51,54,86,89,89,92,94,54,96,103,137,170,132
060770031142,64,66,66,29,59,111,127,160,14,18,141,65,66,66,66,66,59,90,117,70,93,93,16,46,76,138,142,62,66,67,68,108,32,37,66,86,126,56,98,103,53,64,103,124,144,88,98,98,68,108,122,93,97,135,14,14,129,28,33,138,60,67,67,70,108,61,122,135,90,102,105,107,107,89,132,134,44,75,85,59,65,71,57,75,91,15,45,55,83,128,61,132,150,151,153,46,51,84,56,103,104,66,66,67,67,68,68,70,89,91,92,45,60,88,58,58,140,41,44,83,76,78,79,83,83,43,85,93,126,160,122
060770031143,62,72,122,28,82,99,128,136,26,26,27,81,84,84,84,84,66,112,131,88,111,111,30,32,37,67,163,73,73,74,74,141,85,91,111,113,115,78,114,114,35,70,92,115,167,110,110,111,66,70,86,94,99,158,50,57,90,64,119,129,67,74,74,74,79,96,134,216,66,89,113,113,120,67,156,157,81,89,134,59,66,88,80,119,119,36,50,61,63,73,38,52,77,138,156,52,57,90,113,115,115,82,82,84,84,86,107,107,108,109,110,81,111,130,64,65,130,54,61,66,93,94,95,96,97,34,76,91,99,161,129
060770031144,58,112,115,48,67,95,107,130,21,23,31,76,79,79,79,79,56,80,84,84,107,107,50,67,88,129,159,70,70,73,76,116,83,87,107,109,112,74,74,84,31,60,66,110,163,106,106,107,78,106,115,95,95,153,55,113,115,44,56,109,69,69,70,75,107,121,123,130,66,66,109,114,116,91,108,153,69,87,129,55,61,84,103,114,114,45,68,85,87,112,48,84,96,106,138,48,53,85,94,110,110,77,78,79,81,82,102,103,103,105,106,56,65,125,60,61,125,66,84,85,90,92,93,95,97,30,45,72,115,157,125
060770032031,30,38,48,78,80,85,103,108,73,78,84,22,22,24,25,27,43,49,95,6,29,30,75,81,84,85,99,33,38,38,39,48,37,44,49,57,64,25,36,46,85,86,87,117,127,46,46,46,44,45,45,78,91,100,74,76,76,56,60,60,26,27,32,32,51,72,77,78,33,34,41,41,41,56,76,77,39,45,57,29,59,63,38,41,43,65,66,67,71,72,62,78,87,87,94,44,47,62,28,46,49,16,17,17,18,18,19,20,20,25,26,33,43,43,55,71,84,44,49,64,10,11,11,12,12,41,69,71,81,103,119
060770032032,51,62,64,81,92,97,117,121,70,71,80,30,30,31,37,40,47,56,108,35,43,44,77,80,81,82,88,51,51,52,59,62,22,53,62,77,85,38,49,60,81,82,83,130,140,60,60,60,58,58,59,74,104,113,88,90,90,51,52,60,12,40,45,49,59,74,86,91,6,41,46,55,56,72,73,83,52,53,58,43,72,76,54,62,66,56,60,62,62,86,59,74,90,99,106,57,60,75,41,60,63,13,29,30,31,31,31,33,33,37,39,27,33,56,59,79,80,40,53,77,23,24,24,24,31,54,77,83,84,117,132
060770032051,40,44,48,72,76,88,102,111,75,81,86,13,13,16,31,34,50,59,105,16,21,27,72,75,76,81,82,43,44,44,45,47,35,54,56,67,68,35,43,46,76,77,78,123,132,46,46,46,51,51,51,69,97,110,74,76,77,66,67,69,36,37,42,42,51,69,72,77,25,39,41,41,41,66,67,68,49,54,55,29,66,69,33,51,65,71,72,73,74,74,54,69,72,86,91,54,57,65,38,46,49,18,18,23,24,24,25,26,26,26,27,25,48,48,63,74,75,54,57,69,8,9,10,13,17,51,69,72,73,102,126
060770032052,51,55,58,73,78,99,113,122,76,82,85,19,19,22,42,45,59,60,115,26,32,39,74,76,78,92,109,54,55,55,56,58,27,64,65,67,79,46,54,57,78,79,80,134,143,57,57,57,61,62,62,70,108,120,85,87,87,65,68,72,47,52,52,53,62,71,83,87,43,50,52,52,52,68,68,70,49,60,66,39,77,80,28,48,61,74,74,75,81,83,55,71,87,89,97,64,67,75,49,57,60,28,29,34,35,35,35,36,37,38,38,24,59,59,63,76,82,54,64,79,19,20,20,24,28,62,74,80,84,113,136
060770032053,42,42,44,72,76,87,99,108,75,87,92,13,13,16,29,32,47,63,108,17,19,22,72,74,75,79,80,42,42,42,43,44,43,54,57,64,65,38,40,43,76,77,78,120,129,43,43,43,48,48,50,69,94,114,71,73,73,70,73,74,40,43,43,43,48,69,69,74,25,37,38,38,38,67,68,69,48,57,58,26,64,67,41,55,62,68,69,79,80,80,54,69,83,88,109,54,58,62,42,43,46,14,18,21,22,22,23,23,23,24,25,24,45,48,68,71,75,57,63,66,6,9,9,11,14,55,66,70,72,99,123
060770032081,88,92,94,48,117,139,140,161,51,127,129,42,42,43,80,83,99,107,156,59,76,76,49,50,51,131,132,89,94,94,94,95,67,105,106,117,117,87,92,95,50,50,52,88,91,95,95,95,100,100,102,45,146,162,125,125,126,109,118,121,92,93,93,95,101,46,121,126,36,89,90,91,91,43,45,117,14,106,107,78,116,119,60,102,114,120,120,122,122,123,38,46,102,120,161,106,106,114,90,96,98,56,57,73,74,74,75,75,75,76,76,38,98,98,51,121,123,98,105,118,57,60,60,63,66,48,103,113,117,118,175
060770032082,78,79,79,63,95,124,126,139,66,120,124,30,30,31,32,67,83,84,142,54,58,63,64,66,66,117,126,67,70,74,79,79,69,91,91,93,95,73,73,74,68,69,69,158,159,73,73,73,85,87,94,60,132,147,61,98,102,104,106,112,59,73,74,75,79,61,98,103,22,68,69,70,74,58,60,103,91,92,113,58,102,105,67,93,95,96,98,100,112,113,63,79,98,111,139,91,92,92,73,76,76,34,36,51,51,51,60,61,62,62,62,32,57,79,66,97,99,88,91,105,43,46,46,49,50,64,89,95,95,103,160
060770032083,65,67,71,54,58,105,113,134,57,105,107,15,16,17,54,57,73,84,130,36,41,50,54,57,58,104,105,67,67,67,68,70,48,79,79,90,91,60,66,69,58,59,60,146,155,69,69,69,74,74,75,51,120,135,97,99,100,87,92,95,62,67,67,69,74,51,95,100,12,62,64,64,65,49,50,91,30,79,80,52,89,92,41,76,88,94,95,98,100,100,36,51,90,108,135,79,79,88,63,69,72,33,34,46,47,47,48,49,49,50,50,11,71,72,57,94,97,76,79,92,31,34,34,36,40,54,76,90,92,105,149
060770032084,58,59,63,56,61,101,105,127,59,100,102,8,9,10,46,49,65,77,122,25,33,43,57,59,61,97,98,59,60,60,61,63,45,71,71,83,83,53,58,61,61,62,63,138,147,61,61,61,66,66,68,53,112,127,89,91,92,82,84,87,54,59,59,61,67,54,87,92,8,55,56,57,57,51,53,83,32,72,73,44,82,85,39,68,80,86,88,92,92,93,38,54,86,104,127,71,72,80,56,62,64,23,24,39,40,40,41,41,41,42,42,9,64,64,59,87,89,71,71,84,23,26,26,29,32,56,69,83,84,101,141
060770032091,65,65,65,61,91,111,114,127,64,108,112,18,19,19,20,53,71,74,131,41,45,49,62,64,64,102,103,62,63,63,66,66,57,78,80,83,83,61,61,61,66,67,68,144,147,61,61,61,72,72,82,58,118,136,87,91,92,92,94,98,47,61,63,63,67,59,87,92,11,56,57,58,60,56,58,92,37,80,81,44,88,91,63,82,86,86,88,88,100,101,59,61,75,101,127,78,80,80,62,64,64,37,38,39,45,46,46,47,48,49,49,22,53,65,64,87,89,76,80,83,32,35,35,35,36,61,77,84,91,91,147
060770032092,61,61,61,67,93,106,112,122,70,106,110,16,16,17,18,48,66,83,128,37,40,45,67,70,70,98,99,58,58,58,61,62,55,73,77,78,79,57,57,58,71,72,73,140,143,57,57,57,68,68,77,64,114,134,83,87,88,90,92,94,45,57,60,61,63,64,83,88,12,52,53,54,56,62,63,89,43,78,79,40,84,87,58,77,84,82,83,84,98,99,64,67,77,96,123,73,76,78,57,60,62,33,34,37,41,42,42,43,43,44,45,20,55,61,70,82,85,74,77,81,29,31,31,31,32,67,75,80,89,93,142
060770032093,52,53,53,69,99,101,102,116,72,96,100,12,12,12,15,41,59,73,118,30,34,37,70,72,72,90,91,51,52,53,53,54,50,66,67,72,72,49,50,50,74,75,76,132,136,50,50,50,60,60,62,66,106,123,80,80,81,80,83,86,50,50,55,55,56,67,76,81,17,45,46,47,48,64,66,79,45,68,69,33,76,79,51,64,71,75,76,77,88,89,82,86,89,96,116,66,67,69,51,52,53,9,27,33,34,34,35,35,35,37,37,22,55,55,72,76,78,67,71,75,19,22,22,23,24,65,70,73,79,101,135
060770032101,76,79,83,70,125,126,126,147,69,92,93,28,28,29,29,66,80,85,141,52,63,64,67,69,70,86,117,79,80,80,80,83,30,86,91,103,110,71,78,81,51,70,71,72,167,81,81,81,86,86,88,63,132,146,109,111,111,73,89,92,28,73,78,78,78,63,107,112,30,30,74,77,77,61,62,107,42,85,91,64,102,105,31,57,87,84,84,87,89,108,48,63,79,92,124,90,91,100,74,82,84,45,47,59,60,61,61,61,62,62,62,16,84,84,69,101,107,62,86,104,43,46,46,49,52,66,87,104,108,126,161
060770032102,58,59,63,60,64,106,110,126,63,91,92,8,8,9,46,49,65,71,122,28,33,43,60,63,64,96,98,59,60,60,60,63,35,71,71,83,83,53,58,61,64,65,66,138,147,61,61,61,66,66,66,57,112,127,89,91,91,72,80,83,54,54,59,59,67,57,87,92,17,54,56,57,57,55,56,79,36,66,73,44,82,85,29,36,68,83,86,86,86,87,42,57,60,95,107,71,71,80,55,61,64,25,26,39,40,40,41,41,41,42,42,13,64,64,63,75,86,61,71,84,23,24,26,26,29,60,69,84,88,110,141
060770032131,92,95,97,71,134,137,138,159,70,95,97,40,41,41,79,82,90,98,150,64,75,75,68,70,71,88,129,92,92,93,93,95,33,96,104,116,122,83,91,94,72,73,74,87,89,94,94,94,99,99,100,64,145,155,122,124,124,76,99,102,33,84,89,90,93,65,120,125,39,87,89,89,89,62,64,120,43,97,100,77,114,117,34,98,100,87,87,90,96,120,49,65,67,80,136,102,104,113,86,94,97,58,59,71,72,73,74,74,74,75,75,30,75,96,70,101,113,66,96,117,56,59,59,61,65,67,99,117,121,137,173
060770032132,73,74,78,50,54,119,121,142,53,99,101,23,23,24,61,64,79,80,137,43,58,58,50,53,54,112,113,74,75,75,75,78,37,85,86,86,98,68,73,76,54,55,56,69,72,76,76,76,81,81,81,47,127,142,104,106,106,81,88,92,69,73,74,74,82,47,102,107,23,63,69,72,72,45,46,88,26,81,88,59,97,100,38,64,83,91,92,94,101,102,32,63,84,104,122,86,86,95,70,77,79,40,41,54,55,55,56,56,57,57,57,13,79,79,53,84,102,70,86,99,38,41,41,44,47,50,84,99,103,119,156
060770032133,68,70,73,52,57,117,117,137,55,93,95,18,18,19,57,60,73,75,133,38,44,54,53,55,57,107,108,70,70,70,71,73,35,79,79,82,94,63,69,72,57,58,59,149,158,72,72,72,77,77,77,49,123,138,100,102,102,74,82,85,65,65,70,70,77,50,98,103,21,57,65,67,67,47,49,81,28,77,83,55,92,95,36,58,79,85,85,88,96,98,34,65,82,102,117,82,82,91,66,72,75,36,37,49,50,50,52,52,52,53,53,7,74,74,55,77,97,64,79,95,34,35,37,37,39,52,79,95,99,117,151
060770032134,77,79,82,63,125,125,126,146,61,92,94,27,27,28,29,66,82,85,142,51,62,63,59,61,63,116,121,79,79,80,80,82,30,88,91,103,109,72,78,81,63,64,65,74,76,81,81,81,86,86,87,56,132,147,109,111,111,73,91,94,28,74,77,79,79,56,107,112,29,74,76,76,76,53,55,90,35,86,92,64,101,104,31,57,88,84,84,87,106,107,40,56,72,90,123,91,91,100,75,81,84,45,46,58,59,60,61,61,61,62,62,83,83,86,62,86,106,63,88,104,43,46,46,48,52,59,88,104,108,125,160
060770032141,84,86,89,53,58,129,132,153,57,100,102,34,34,35,73,76,91,95,149,54,69,70,54,57,58,123,125,86,86,86,87,89,38,98,101,110,116,79,85,88,58,59,60,80,83,88,88,88,92,92,94,51,139,154,116,118,118,82,104,107,38,80,84,86,86,51,114,118,34,81,83,83,83,49,50,104,30,93,99,70,108,111,39,65,95,93,93,95,112,114,35,51,67,94,130,98,98,106,82,88,90,52,53,65,66,67,68,68,68,68,68,90,90,92,57,99,113,71,98,110,50,53,53,55,59,54,95,110,115,129,167
060770032142,79,81,85,49,54,125,128,148,52,105,107,30,30,31,68,71,87,90,144,50,65,65,50,52,54,118,120,81,81,82,82,84,43,93,93,96,105,75,80,83,54,55,56,76,78,83,83,83,88,88,88,46,134,149,111,113,113,87,99,102,76,80,81,81,89,47,109,114,74,76,78,78,79,44,46,98,25,88,95,66,104,107,44,70,90,97,98,100,108,109,31,47,62,89,110,93,93,102,77,83,86,47,48,60,61,62,63,63,64,64,64,86,86,87,52,94,108,76,93,106,45,48,48,51,54,49,91,106,110,125,163
060770032151,106,106,118,98,116,120,165,173,105,107,119,75,76,76,92,96,100,111,121,86,89,91,96,116,120,143,144,102,106,106,107,109,106,118,130,136,136,93,104,108,101,103,120,121,122,108,108,108,113,113,114,113,159,165,134,136,138,87,105,112,95,95,100,100,107,97,113,127,73,88,101,102,104,108,111,112,92,112,127,91,127,131,70,95,110,100,102,106,110,134,98,113,143,150,154,112,115,127,96,108,111,84,85,85,85,86,86,87,87,88,88,69,86,113,111,119,127,76,106,131,71,71,71,75,79,109,116,131,135,165,187
060770032152,82,85,86,74,92,96,141,149,81,82,95,51,52,52,67,72,76,88,97,62,65,67,71,92,92,96,137,74,78,82,82,83,81,94,106,112,112,69,81,84,96,97,98,161,170,84,84,84,89,89,90,89,135,141,110,112,114,62,81,88,71,75,75,80,83,73,89,103,49,61,64,79,80,87,88,110,68,87,104,67,103,107,46,70,86,76,78,82,105,110,74,105,119,126,130,88,90,103,72,84,87,59,60,60,61,61,62,62,63,63,64,45,61,89,87,95,103,51,81,107,47,47,47,51,55,85,92,107,111,141,163
060770032153,82,84,84,76,93,98,121,151,83,85,97,53,54,54,70,73,78,89,138,64,67,68,74,94,98,121,122,80,84,84,84,87,83,95,108,113,114,71,82,86,78,81,98,99,100,86,86,86,90,90,92,91,136,143,114,116,116,64,83,90,73,77,78,82,85,75,91,112,27,63,80,81,81,88,90,112,70,85,89,68,105,109,72,92,104,75,78,84,107,112,75,107,120,128,131,90,92,104,74,86,89,42,62,63,64,64,64,64,65,66,66,47,63,88,89,97,105,53,83,108,49,49,49,49,57,87,94,109,113,142,165
060770032161,64,68,70,76,105,111,123,132,73,74,75,26,27,27,51,54,61,70,121,45,48,49,72,74,76,89,101,64,64,65,65,68,17,67,76,88,95,52,63,66,76,77,78,143,152,66,66,66,71,71,73,68,117,127,95,96,96,55,70,73,7,53,58,62,66,69,93,97,11,35,59,61,62,66,68,92,47,66,72,49,86,89,68,68,73,64,66,68,91,92,53,69,84,109,112,71,73,85,55,67,69,22,39,40,43,43,44,45,45,46,47,22,46,69,73,74,86,44,67,89,29,30,30,33,37,68,71,89,93,123,146
060770032162,77,81,83,73,118,124,131,144,71,79,80,29,30,30,64,67,74,83,134,52,60,62,69,71,73,101,114,77,77,78,78,81,17,80,89,101,108,65,76,79,48,49,73,74,75,79,79,79,84,84,86,65,130,139,108,109,109,60,83,86,66,66,71,75,79,66,106,110,21,72,74,75,75,63,65,105,44,78,84,62,99,102,79,80,85,69,71,74,80,105,50,66,81,97,122,83,86,98,67,80,82,35,46,47,56,57,57,57,59,60,60,21,59,82,71,85,99,49,79,102,42,42,43,46,50,68,80,102,106,131,159
060770032171,72,73,78,65,77,111,132,140,72,74,76,33,34,34,59,63,67,78,127,53,53,57,73,77,97,110,111,70,73,73,74,77,10,71,73,85,103,60,72,75,77,78,79,152,161,75,75,75,80,80,81,70,126,132,103,105,105,54,72,80,62,62,67,71,74,64,70,106,68,70,70,70,71,68,69,101,49,74,79,58,94,98,74,81,94,63,65,67,73,101,54,70,86,101,117,79,82,94,63,75,78,31,47,48,51,52,52,53,53,55,55,26,53,77,76,78,94,43,73,98,38,38,38,39,46,73,76,98,102,132,154
060770032172,64,64,69,56,84,102,129,134,63,65,88,40,40,40,50,53,58,69,118,32,44,48,54,85,89,101,102,60,64,64,65,74,64,75,90,97,98,51,62,72,89,90,91,143,153,72,72,72,71,71,72,81,117,123,101,102,102,45,63,70,53,58,58,62,72,55,82,99,11,38,44,67,68,79,81,96,60,65,70,55,85,89,12,53,79,56,58,64,94,99,66,82,98,107,112,70,73,88,54,73,75,42,43,44,44,44,45,46,46,49,51,35,43,69,69,87,92,34,64,90,35,35,36,36,43,67,85,96,97,129,145
060770033051,25,26,29,55,68,71,83,122,71,71,121,21,25,59,59,62,54,65,93,23,28,28,49,71,72,120,121,23,24,25,28,33,49,50,50,60,61,9,22,26,27,30,50,50,124,22,22,22,29,29,32,41,64,115,46,73,73,53,58,83,24,28,31,32,71,57,73,115,21,26,31,38,71,24,29,114,45,46,94,26,45,48,33,44,79,47,52,54,66,71,72,72,81,96,118,24,37,39,27,28,33,26,27,32,32,33,33,36,37,49,50,5,11,42,46,52,64,23,39,46,35,44,44,44,44,22,50,65,83,118,93
060770033052,21,21,37,46,61,61,91,128,62,62,127,27,30,65,65,68,71,83,84,30,36,36,48,57,62,63,67,19,19,20,24,40,56,57,57,65,66,15,30,31,18,21,58,58,130,30,30,30,20,20,22,34,90,121,37,64,64,44,88,102,19,31,32,32,35,61,64,121,20,31,39,43,77,16,22,120,35,36,100,34,36,39,17,40,85,24,57,59,61,62,36,40,81,86,118,16,28,30,32,35,36,33,36,36,38,40,40,42,43,56,57,9,12,49,53,57,59,16,30,37,41,50,50,50,50,18,26,57,91,124,84
060770033053,5,6,52,44,53,68,101,113,54,54,116,18,21,54,55,57,36,47,77,30,35,42,40,54,55,114,116,2,4,5,12,50,53,54,56,66,76,15,20,39,5,44,67,68,120,39,39,39,10,10,10,42,53,110,41,50,56,43,77,96,13,13,20,20,42,56,72,111,8,46,48,49,67,27,32,110,26,28,89,28,31,39,18,26,48,41,41,55,69,71,67,89,90,91,91,19,22,27,20,45,46,22,23,24,25,25,26,26,27,39,50,10,59,66,30,49,69,27,27,29,35,38,39,39,39,13,27,67,101,113,82
060770033061,35,36,37,77,83,84,87,100,90,96,103,22,27,42,42,45,40,60,104,7,10,10,68,80,101,103,103,28,29,34,35,36,49,54,55,57,64,18,27,35,21,105,106,107,160,27,27,27,40,40,43,75,97,110,57,84,98,64,69,78,27,32,43,43,53,53,58,98,22,32,35,42,54,68,95,97,56,57,58,8,56,59,29,61,63,54,77,82,83,83,67,73,78,83,94,36,48,50,27,30,44,16,16,17,19,20,21,22,22,23,24,17,22,32,52,55,103,50,58,70,18,26,26,27,27,50,56,74,84,101,104
060770033062,27,28,30,69,74,74,80,108,82,91,111,18,26,50,50,52,43,68,96,14,21,21,53,76,83,111,111,26,27,28,31,36,52,52,53,55,72,11,25,28,25,30,53,53,115,25,25,25,33,33,35,68,103,105,60,77,106,57,61,76,28,31,35,35,61,56,60,106,25,28,33,40,62,29,103,105,48,49,50,20,48,51,36,48,69,51,69,75,75,76,38,51,74,102,121,27,41,43,30,32,36,17,18,21,22,22,24,25,27,27,40,8,15,44,49,55,66,29,43,65,25,34,34,34,35,25,53,67,87,109,97
060770033071,31,31,35,76,86,88,90,95,83,87,92,14,18,30,30,33,47,58,103,9,9,17,68,69,89,91,92,31,31,32,35,35,43,50,51,53,55,23,29,33,93,94,95,108,115,33,33,33,38,38,39,82,86,109,63,64,76,64,65,69,33,33,33,36,38,59,64,86,26,28,29,35,42,65,84,85,53,54,65,16,54,57,35,45,50,58,59,75,75,76,72,74,79,95,102,43,48,48,33,36,37,10,10,11,11,12,13,13,14,14,15,29,38,41,58,61,92,49,53,58,9,10,14,14,15,50,56,66,89,90,111
060770033072,27,27,42,73,83,86,95,97,79,83,98,14,37,37,37,40,53,54,99,5,11,17,64,65,96,98,98,27,27,28,42,42,39,41,49,58,62,14,24,37,99,100,101,102,107,37,37,37,34,34,35,73,92,105,66,70,71,60,62,65,25,29,29,40,40,66,71,93,22,34,35,36,49,61,90,92,50,51,72,20,50,53,37,42,46,65,66,71,72,72,60,81,86,93,109,39,39,44,33,40,44,6,12,12,12,12,13,18,19,30,31,20,46,48,65,68,98,44,49,54,17,18,21,21,22,46,62,63,96,97,102
060770033073,19,19,46,65,82,95,101,106,73,80,104,4,9,43,43,45,47,58,91,13,25,32,58,61,65,104,104,19,20,20,20,44,32,37,40,60,64,8,17,33,24,24,61,62,108,33,33,33,26,26,28,67,98,98,65,68,68,54,57,67,21,21,24,36,39,65,69,99,14,37,37,38,55,37,96,98,40,41,77,22,42,45,30,37,43,59,64,66,66,67,57,59,99,101,114,32,35,36,26,39,40,9,9,12,13,13,14,14,15,22,23,14,47,54,55,57,104,37,38,40,23,23,27,27,28,38,56,61,95,102,96
060770033081,16,62,64,35,37,47,76,126,45,54,61,31,36,67,68,70,19,64,82,48,56,66,29,32,32,47,75,19,19,19,61,63,25,65,66,67,79,28,33,52,10,34,34,71,76,52,52,52,12,12,87,31,70,123,31,42,48,17,34,44,20,25,25,32,79,72,75,77,22,59,62,72,80,32,37,73,24,33,87,14,17,52,19,32,63,45,72,73,75,87,50,54,72,78,82,12,14,26,32,57,58,36,36,37,37,37,38,39,39,62,63,23,72,79,19,63,74,14,19,19,47,51,52,52,52,18,34,41,76,126,73
060770033101,41,42,42,81,87,90,96,99,85,91,95,23,23,23,26,29,44,66,112,16,23,25,79,80,82,84,84,35,35,35,42,42,48,54,55,56,61,32,34,38,86,87,88,116,120,34,34,34,48,48,54,79,90,117,60,63,64,73,74,77,34,39,40,44,44,60,64,79,28,29,30,35,37,73,76,78,58,62,62,16,64,67,35,53,58,58,60,60,83,84,73,73,79,95,100,52,54,58,34,36,45,9,9,11,13,22,23,24,25,25,25,34,37,38,59,61,85,57,61,66,7,11,12,12,12,56,58,74,82,90,118
060770033102,47,48,48,81,90,91,93,101,96,100,104,34,34,34,36,37,37,55,118,4,4,16,83,83,93,95,96,26,45,47,47,52,59,62,63,65,85,24,32,45,97,98,99,110,116,24,24,24,45,55,55,90,90,124,55,90,93,79,83,86,24,30,48,53,53,50,55,90,20,42,43,45,50,82,88,89,66,70,71,7,70,73,26,45,60,49,51,92,92,93,64,70,80,80,90,43,60,65,25,27,54,6,6,7,25,27,29,30,30,31,32,28,29,37,50,52,96,66,70,84,14,21,21,22,22,47,67,81,83,93,115
060770033111,50,56,60,76,96,104,111,114,79,109,113,26,26,26,27,48,59,61,130,26,26,29,79,79,96,96,114,47,59,60,61,64,65,68,72,72,94,45,46,57,81,82,83,129,132,46,46,46,66,67,68,73,103,135,74,77,102,92,92,95,46,51,54,62,62,72,74,77,23,41,55,57,60,71,73,91,79,80,87,29,82,85,47,67,76,71,72,101,102,102,61,80,90,91,112,65,72,77,46,49,63,20,21,21,35,40,40,41,43,43,43,49,50,51,71,74,79,76,79,93,26,29,29,30,30,69,77,77,92,96,132
060770033112,51,51,51,79,96,100,105,110,82,100,104,20,20,21,23,39,53,57,121,24,24,28,79,82,82,88,89,45,46,46,52,52,63,65,66,66,70,44,44,48,83,84,85,127,130,44,44,44,58,59,65,76,101,126,70,74,75,83,83,86,44,47,50,53,53,70,75,76,27,37,40,46,51,74,75,82,55,70,72,27,73,76,46,64,76,69,71,92,93,93,65,81,84,90,110,63,63,68,45,47,54,5,7,19,19,32,33,34,34,34,35,32,48,49,70,72,82,67,70,75,20,20,21,21,22,67,68,79,83,100,130
060770033121,21,22,44,37,47,58,93,135,58,58,66,34,36,72,72,72,58,75,77,37,47,47,40,48,58,58,60,21,22,30,47,47,53,64,64,72,90,21,38,40,18,19,57,61,61,40,40,40,19,19,19,28,81,127,33,61,61,32,44,56,23,31,37,39,42,61,63,128,26,38,47,49,84,22,44,78,16,18,107,26,29,45,5,47,91,16,18,58,62,63,19,41,76,78,83,24,27,32,38,42,43,40,42,44,44,44,47,47,49,49,63,16,24,59,53,56,61,27,32,78,48,56,56,57,57,8,26,53,61,131,74
060770033122,23,23,54,44,51,61,97,132,55,56,64,36,38,74,74,77,35,67,68,38,51,55,34,42,51,56,65,23,23,51,52,52,16,69,69,74,92,23,39,45,15,25,60,66,66,45,45,45,16,16,93,24,75,129,29,59,59,42,44,80,33,33,39,44,47,59,65,66,27,39,51,52,86,27,42,80,12,15,22,20,23,47,29,36,40,19,23,51,58,65,28,44,87,95,110,22,23,34,40,47,48,41,44,45,45,45,46,48,49,49,50,18,30,64,51,61,64,16,24,25,49,58,58,58,59,29,51,52,66,133,69
060770033123,17,17,49,36,42,57,93,130,52,52,60,29,32,67,67,70,58,74,81,32,44,48,38,42,56,60,126,16,17,46,47,48,47,64,64,67,85,17,33,41,12,19,61,61,126,41,41,41,13,13,13,31,80,123,27,55,55,26,39,50,26,26,33,39,42,55,64,123,21,43,45,47,79,17,22,122,16,18,26,25,28,41,26,46,73,17,18,52,62,64,13,41,76,83,108,17,19,21,33,42,43,35,38,39,39,40,40,42,42,42,42,11,29,59,48,56,61,22,26,28,43,52,52,52,52,4,27,47,61,126,73
060770033131,25,33,43,43,62,63,89,137,62,63,71,40,73,74,74,77,36,80,92,39,44,58,46,49,63,63,64,24,24,25,39,44,58,60,60,76,92,25,37,41,15,21,54,57,57,37,37,37,23,23,24,23,87,130,38,65,65,41,43,61,35,39,40,42,86,60,65,130,34,44,53,81,86,18,49,80,13,36,109,32,35,42,14,44,94,25,25,58,60,63,22,34,82,88,99,29,31,35,38,39,42,43,47,49,49,49,50,55,55,56,65,20,55,83,52,57,58,32,36,82,51,59,59,59,59,10,22,57,58,133,75
060770033132,31,47,88,25,56,60,92,144,65,74,82,46,79,79,81,83,44,74,77,45,50,64,13,26,42,60,65,30,31,31,43,48,39,43,60,97,98,31,41,47,20,50,56,61,61,41,41,41,26,26,100,16,83,136,39,48,68,54,88,117,33,39,41,43,47,60,62,68,43,48,59,87,92,23,52,86,18,20,39,29,31,48,46,48,88,46,59,61,67,88,37,39,66,82,88,19,32,65,42,43,43,49,54,55,55,56,60,61,61,62,72,26,60,89,57,59,61,18,26,34,57,65,65,65,65,25,48,61,61,139,68
060770034031,43,83,88,94,99,112,126,136,97,97,136,51,52,52,53,75,57,86,153,48,57,69,62,95,97,97,136,48,83,84,84,85,90,99,100,102,104,47,68,85,57,57,99,100,101,47,47,47,90,90,92,91,125,160,76,92,130,114,118,123,47,52,80,90,90,71,76,92,41,43,55,76,85,89,91,118,87,105,107,48,105,108,91,104,106,71,128,129,129,130,50,69,70,84,113,66,98,100,47,49,91,54,54,54,59,59,59,61,63,71,71,31,72,90,70,73,97,103,112,119,56,56,58,58,58,66,68,94,104,119,137
060770034032,25,66,71,95,106,109,111,119,110,110,122,60,62,62,64,65,39,82,136,40,46,59,52,107,109,110,119,30,66,67,67,68,86,87,88,90,107,29,50,67,44,45,111,112,113,29,29,29,73,73,75,104,108,142,58,58,116,96,101,111,29,35,75,75,75,54,59,104,24,26,67,72,76,100,102,103,69,88,90,31,88,91,83,87,87,52,54,114,115,115,40,59,67,78,95,48,80,82,30,32,76,37,37,37,45,48,48,49,52,52,57,13,54,76,53,55,110,87,100,102,41,48,48,49,49,51,56,88,107,107,120
060770034033,20,64,69,92,107,108,113,117,111,111,128,53,58,59,60,60,34,79,134,44,47,57,49,109,111,111,117,21,25,65,65,65,49,83,86,88,104,27,48,65,22,42,113,114,115,27,27,27,70,70,72,105,105,140,53,106,113,94,98,109,24,29,72,72,73,48,53,106,22,22,69,69,74,98,103,105,64,86,87,29,86,89,68,84,92,49,112,112,113,113,38,56,62,75,93,72,78,80,24,27,73,34,34,43,46,46,46,46,49,50,55,11,52,74,48,50,111,85,87,100,39,46,46,46,46,45,53,85,105,109,117
060770034041,30,77,80,37,99,116,126,134,133,133,138,71,71,71,76,77,83,105,143,46,46,55,29,112,130,132,133,30,77,78,79,84,35,57,86,97,101,44,62,78,32,37,76,135,136,44,44,44,82,82,83,115,127,150,44,44,123,104,118,126,32,39,86,86,91,39,44,127,36,37,76,78,91,50,125,126,55,98,107,46,93,98,75,98,102,39,97,122,123,123,35,85,92,112,129,86,88,90,33,87,96,52,52,63,63,63,64,64,67,70,72,35,66,88,39,41,133,59,95,97,59,63,63,64,64,32,37,95,117,130,124
060770034042,34,74,77,96,109,113,123,131,129,129,135,68,68,68,73,74,80,102,140,43,43,52,29,109,127,129,129,27,74,74,76,81,32,53,83,94,98,41,59,75,29,73,131,132,133,41,41,41,79,79,80,112,123,146,37,41,41,101,115,123,29,36,83,83,87,37,41,124,34,73,75,84,88,46,121,123,52,94,104,43,90,94,72,95,99,35,106,119,120,120,18,36,81,116,126,83,85,87,30,84,92,49,49,60,60,60,61,61,64,67,69,31,63,85,36,38,129,56,92,94,60,60,60,61,61,33,33,92,114,127,121
060770034043,22,70,74,95,112,117,121,122,120,120,134,64,65,69,70,71,77,101,139,39,39,48,35,117,118,120,120,23,27,70,70,72,52,82,93,94,110,37,55,72,28,65,121,122,123,37,37,37,77,77,78,111,114,145,45,46,119,99,111,119,26,32,79,79,84,41,46,114,29,30,78,80,85,51,112,113,57,93,102,39,89,93,71,95,103,42,118,118,119,119,24,42,72,95,112,79,84,86,26,80,89,45,45,45,54,56,56,56,57,61,66,22,59,78,40,43,120,55,91,106,49,56,57,57,57,38,39,91,111,117,120
060770034044,17,65,69,90,107,117,122,126,125,125,129,59,60,64,65,66,72,96,134,34,43,49,51,114,122,124,125,18,22,65,65,67,47,77,88,89,105,32,50,67,23,64,126,127,128,32,32,32,72,72,73,106,119,140,50,50,114,94,106,114,21,27,74,74,79,46,50,119,24,25,75,78,80,49,117,118,61,88,98,34,84,88,66,90,98,46,100,113,113,114,58,64,79,84,90,74,79,81,21,75,84,40,40,49,51,51,51,52,52,56,61,24,54,73,45,47,125,50,81,101,44,51,52,52,52,43,55,86,106,122,115
060770034051,12,60,63,85,102,112,120,125,123,123,124,54,56,59,60,61,67,90,129,29,38,44,48,109,121,123,123,13,17,60,61,62,42,72,83,84,100,27,45,62,16,28,59,121,127,27,27,27,67,67,68,101,117,135,35,36,109,89,101,109,16,22,69,69,74,31,36,118,19,20,70,73,74,37,115,117,47,83,92,29,79,83,61,85,93,32,95,108,108,109,28,51,82,84,102,69,74,76,16,70,79,35,43,46,46,46,47,47,50,50,56,29,49,68,33,100,123,45,76,95,39,46,47,47,47,28,51,81,101,121,110
060770034052,22,62,65,15,82,100,110,132,121,130,130,61,61,61,61,68,87,88,126,36,36,45,49,69,107,130,130,18,62,63,63,69,18,40,69,81,91,32,46,63,19,20,20,61,134,32,32,32,65,65,66,98,124,133,23,27,27,87,93,116,19,23,70,70,81,23,28,125,27,63,77,81,83,71,122,124,38,81,90,36,77,81,58,88,92,18,67,105,106,106,36,42,86,99,127,70,71,74,19,72,86,42,42,53,53,53,54,54,57,59,62,45,50,67,16,22,100,42,73,78,53,53,54,54,54,20,38,53,100,127,107
060770034053,9,54,57,77,89,94,104,121,116,120,120,51,51,53,57,57,60,83,121,26,35,41,51,76,100,120,120,8,10,53,55,55,34,64,75,81,92,21,38,55,8,24,24,53,123,21,21,21,60,60,60,93,114,127,31,31,101,81,94,106,8,15,62,62,70,27,32,114,14,16,66,70,71,65,112,113,42,75,84,26,71,75,53,82,89,87,95,100,100,101,21,40,46,74,88,62,66,68,9,63,75,32,40,43,43,43,43,44,46,47,52,33,42,61,20,26,93,68,73,75,36,43,43,43,43,24,30,54,94,117,102
060770034061,16,29,55,84,98,109,111,116,111,114,120,45,50,53,53,56,30,71,125,20,29,35,63,108,112,114,114,14,20,56,56,57,75,77,78,79,96,19,40,57,34,34,116,117,118,19,19,19,62,62,64,97,108,132,49,49,106,86,90,100,19,24,64,64,65,45,49,109,15,50,61,65,65,90,106,108,60,77,79,20,77,81,14,76,84,43,45,104,104,105,50,58,64,85,89,38,70,72,19,22,65,25,26,27,37,38,38,41,42,42,47,12,44,66,44,46,114,76,90,91,30,38,38,38,38,42,66,77,97,112,109
060770034062,8,53,58,80,96,107,109,113,109,112,112,43,47,49,49,49,22,69,124,33,37,46,57,107,110,112,112,12,53,54,54,55,73,74,75,77,94,16,37,54,9,47,114,115,116,16,16,16,60,60,62,95,106,130,41,103,107,84,88,98,11,17,62,62,62,36,41,107,8,9,59,62,63,87,104,106,52,75,77,18,75,78,55,74,82,37,88,101,102,102,45,56,80,84,94,62,67,69,11,14,63,24,24,32,35,35,35,36,39,39,44,12,42,64,35,38,112,39,69,89,28,35,35,36,36,33,61,75,94,109,105
060770034071,11,14,40,69,83,87,93,115,96,104,113,36,40,50,51,52,70,71,110,28,34,46,65,87,89,113,113,10,15,40,41,41,74,74,75,77,80,3,24,41,10,11,36,36,117,3,3,3,46,46,49,81,107,116,42,43,90,70,75,97,7,10,48,48,64,39,43,108,6,11,60,63,64,24,105,107,48,62,63,19,62,65,15,44,75,75,83,88,88,89,58,69,88,92,95,22,54,56,10,11,50,25,25,25,33,36,36,36,39,39,44,23,28,50,31,40,80,28,56,87,29,36,36,37,37,20,36,69,81,111,94
060770034072,18,32,35,66,72,80,133,137,66,67,74,39,42,73,73,73,68,89,92,39,56,57,47,53,53,67,72,26,27,28,28,32,49,49,61,77,77,26,26,43,4,30,44,47,48,26,26,26,27,27,27,21,95,130,42,69,69,27,49,100,24,27,42,43,86,50,69,131,32,66,80,86,89,9,53,80,40,41,109,40,41,43,19,32,97,49,51,53,66,78,24,25,71,99,146,33,35,74,27,28,44,42,47,48,48,50,52,53,54,55,55,21,45,52,43,48,61,35,42,84,50,59,59,59,59,4,13,47,61,133,73
060770034091,27,43,51,49,66,84,136,141,82,84,90,51,55,55,56,77,43,71,101,45,47,60,54,67,82,83,84,26,27,42,43,44,17,77,86,87,100,30,36,53,18,32,33,36,46,30,30,30,42,42,43,31,108,134,57,70,84,39,62,109,22,25,58,59,90,36,84,134,33,53,75,86,90,8,68,85,26,56,58,45,52,56,35,98,101,12,34,36,82,98,23,33,50,56,150,50,54,63,26,59,95,51,51,52,55,56,59,60,62,62,63,36,55,56,28,34,77,50,51,93,55,62,63,63,63,5,18,32,77,137,82
060770034092,39,43,94,12,73,77,79,150,65,85,93,57,61,61,63,86,59,90,93,54,70,71,10,36,55,73,77,40,43,43,43,43,33,39,72,104,105,39,42,58,18,42,43,49,73,39,39,39,38,39,107,17,17,96,52,74,80,66,104,116,33,38,58,58,59,44,47,49,41,46,52,95,101,11,64,93,20,51,122,41,44,54,58,99,107,42,46,73,79,93,23,27,40,44,92,44,50,72,37,39,59,57,60,62,65,67,67,68,69,70,71,36,54,67,44,47,52,17,42,47,64,72,72,72,72,12,48,72,91,146,69
060770034093,33,33,40,61,74,76,135,140,71,71,79,47,51,52,75,76,48,92,95,44,59,61,35,58,71,73,75,29,31,32,33,34,51,51,66,82,82,28,31,48,7,36,38,43,43,28,28,28,32,32,32,22,99,132,46,59,74,42,53,61,26,29,47,48,88,44,74,133,31,35,71,85,88,3,58,83,45,46,111,44,44,47,24,48,100,1,30,43,45,71,21,29,57,66,148,8,40,61,29,30,49,47,50,52,55,57,57,58,59,60,60,26,44,57,39,42,66,40,41,89,54,61,61,62,62,7,7,43,66,136,73
060770034101,21,38,43,63,67,85,125,130,85,87,128,34,38,41,43,66,34,68,106,34,49,51,75,85,126,128,128,17,20,39,39,40,40,40,72,73,78,18,23,39,15,34,34,44,132,18,18,18,45,45,46,78,113,122,37,60,88,67,73,96,12,17,47,47,78,37,41,123,21,23,61,74,78,51,120,122,59,60,61,33,58,61,38,79,89,36,72,80,85,86,33,57,62,80,138,47,51,54,16,16,48,37,40,40,42,45,47,48,49,50,51,27,46,47,30,36,78,53,58,85,43,51,51,51,51,15,34,67,79,125,87
060770034102,16,46,49,62,69,82,124,129,92,94,127,45,49,49,64,65,75,84,113,33,42,48,69,92,94,127,127,14,15,46,47,48,27,80,81,83,85,18,31,47,23,29,29,51,131,18,18,18,52,52,53,43,85,121,67,95,95,74,80,104,9,13,55,55,78,36,95,122,20,21,69,74,77,22,58,121,41,66,68,33,64,68,45,85,89,25,26,31,32,92,16,51,91,99,137,55,58,60,14,56,83,39,45,47,50,50,50,50,50,51,53,35,44,54,24,30,86,29,62,65,43,50,50,50,51,23,29,62,87,125,94
060770034103,51,52,54,55,62,72,128,132,95,96,131,50,54,54,54,68,77,87,116,36,36,45,58,95,96,99,130,18,19,51,52,53,20,29,85,88,91,22,36,53,21,21,28,54,134,22,22,22,55,55,55,45,87,125,70,82,97,76,83,109,13,17,60,60,81,28,97,125,25,52,74,77,83,22,60,124,39,68,70,36,66,70,48,89,92,19,23,25,89,94,7,44,51,119,125,61,63,69,17,61,86,42,43,52,53,53,53,54,54,55,57,40,47,62,17,23,90,31,64,68,53,54,54,54,54,21,28,55,89,128,97
060770035003,37,74,92,34,81,85,114,143,92,99,120,76,77,77,78,83,73,78,131,61,67,79,12,32,47,112,114,34,35,72,73,74,48,54,54,109,111,47,61,78,4,17,48,48,97,47,47,47,49,50,73,59,59,138,87,100,109,87,102,132,34,38,76,85,96,10,115,141,42,42,71,97,99,40,91,99,49,86,119,52,86,223,37,37,115,12,32,104,107,114,34,36,70,119,137,79,84,96,34,34,101,58,58,58,68,69,69,70,72,76,77,63,87,88,17,88,107,73,80,81,64,64,69,69,70,14,40,41,107,143,110
060770036012,92,99,110,69,72,82,87,125,86,109,110,119,119,120,140,143,89,129,137,130,131,136,75,86,92,152,203,95,96,96,97,106,115,115,127,133,148,99,99,100,82,94,99,113,125,95,95,143,83,161,164,61,100,200,94,98,99,76,91,120,98,101,102,105,106,8,78,153,98,107,118,119,148,150,150,192,97,110,118,82,111,117,68,112,139,33,93,94,96,104,70,87,101,131,169,36,68,101,92,92,99,117,117,117,118,122,124,124,125,126,127,111,114,122,88,89,108,80,95,96,123,126,128,128,129,69,74,80,103,124,75
060770037003,84,105,116,86,96,100,123,127,94,120,122,97,103,104,105,114,144,155,160,71,91,94,105,120,123,124,136,60,99,105,120,129,58,111,116,117,119,121,123,124,60,110,120,195,202,112,112,116,76,118,123,103,116,116,108,112,113,108,108,125,93,108,117,120,121,88,98,119,65,77,96,108,112,62,102,129,88,122,130,92,97,104,80,106,122,104,115,120,124,136,103,114,122,123,130,112,113,122,62,62,113,72,97,99,99,102,104,110,112,117,120,71,71,110,114,118,122,118,127,136,76,87,88,90,97,58,79,85,105,115,113
060770038011,73,76,130,83,84,123,127,166,98,98,107,81,82,91,112,121,78,117,126,121,121,121,28,76,105,118,128,60,68,118,127,130,73,76,96,116,130,77,82,104,108,119,134,163,183,69,112,112,102,108,110,73,84,113,77,80,105,73,81,138,71,76,81,121,122,75,88,95,63,79,80,108,128,120,124,127,97,100,130,106,107,140,129,130,137,33,71,128,131,132,100,100,101,108,117,119,156,204,106,107,130,79,79,81,81,81,82,93,96,119,126,72,121,135,100,125,129,95,96,149,89,89,89,91,111,74,107,110,129,136,91
060770038012,57,57,60,67,68,81,111,122,82,98,112,65,66,76,96,105,62,101,110,105,105,105,47,60,77,102,103,44,81,111,113,114,57,60,81,101,114,61,66,88,92,104,119,164,174,53,96,96,86,93,94,57,68,97,61,64,104,57,65,99,55,60,66,105,106,59,79,108,47,63,65,104,112,109,111,121,81,91,100,91,91,103,80,97,115,18,19,55,111,116,66,71,85,93,101,104,131,140,55,87,91,63,63,65,65,66,66,78,81,103,112,98,105,106,84,109,113,80,80,134,73,74,74,75,95,58,91,94,113,120,75
060770038013,63,65,119,72,73,113,116,156,88,92,104,70,72,81,102,111,67,106,115,111,111,111,53,83,94,108,114,50,87,108,117,120,63,65,86,106,120,66,72,93,98,109,124,169,179,59,102,102,91,98,100,62,74,103,67,69,95,63,71,128,61,66,71,111,111,65,85,116,53,69,70,98,118,114,114,117,81,106,120,96,96,130,118,120,126,24,61,116,117,121,89,90,91,98,107,109,137,145,93,96,119,66,68,69,71,71,71,72,83,86,109,60,111,112,89,115,119,85,86,139,79,79,79,81,100,64,97,100,119,126,81
060770038021,50,51,52,53,59,60,73,103,75,80,91,57,59,63,89,97,54,93,102,52,83,98,69,77,85,95,109,44,74,94,104,105,49,50,73,93,107,57,59,80,84,96,111,166,202,51,55,89,85,87,95,49,61,90,56,57,63,50,57,97,48,52,68,97,98,52,72,81,39,53,55,56,57,95,101,114,48,83,106,83,102,107,49,51,89,8,11,47,103,104,26,63,76,77,80,96,114,123,80,83,107,39,39,55,56,57,58,58,59,90,96,40,74,98,76,84,106,72,72,126,66,67,77,83,83,50,83,87,94,105,68
060770038022,55,55,57,58,64,65,78,108,80,96,110,64,66,73,94,103,59,98,107,87,88,103,45,57,83,100,100,42,49,100,108,111,55,75,78,98,112,58,64,85,89,101,116,161,171,56,60,94,83,90,100,54,66,95,61,62,68,55,62,103,53,57,73,103,103,57,77,86,44,59,60,61,62,104,106,119,79,88,112,88,100,108,54,94,112,14,15,53,109,113,31,41,68,82,98,101,128,137,88,88,111,60,61,62,63,63,64,78,95,101,109,79,92,104,81,89,111,77,77,131,71,73,73,74,85,56,88,92,100,111,73
060770038023,61,102,115,62,68,69,82,112,92,92,100,66,68,74,98,107,63,102,111,61,104,106,48,87,90,94,118,46,53,113,115,116,58,59,82,102,116,66,68,89,94,105,120,175,211,60,64,98,87,94,104,58,70,99,63,65,73,59,66,107,57,62,67,77,107,61,81,90,49,64,65,65,66,104,110,123,86,92,102,92,111,116,60,82,114,17,18,112,113,117,72,86,87,87,102,105,124,133,92,92,116,48,48,64,65,67,67,67,68,100,105,57,71,85,85,94,94,81,82,135,76,86,87,93,93,60,93,96,104,115,77
060770038031,65,82,95,50,75,80,110,119,72,96,104,72,75,78,80,104,96,113,122,65,96,99,82,88,94,94,94,110,110,110,111,114,73,82,88,109,111,71,76,96,100,111,113,211,218,65,68,104,94,97,113,63,76,105,51,77,101,72,78,113,61,66,76,84,113,69,94,103,52,73,74,77,85,117,117,129,88,94,124,97,100,118,81,87,120,54,55,120,123,137,65,87,90,92,108,111,130,142,98,98,110,50,51,72,73,73,74,75,76,89,94,68,95,104,94,113,121,94,122,141,81,81,82,82,82,64,81,84,110,111,84
060770038033,69,102,107,97,101,110,117,118,61,101,117,94,98,99,99,100,126,145,153,83,93,95,115,118,120,121,121,98,102,113,118,118,92,97,103,113,119,101,106,109,99,110,117,211,218,95,98,102,99,115,124,94,100,113,82,105,107,103,109,112,92,97,105,107,112,59,102,104,59,82,93,105,105,128,138,138,119,122,123,109,117,120,93,103,119,88,117,119,122,136,95,100,107,110,122,110,129,146,116,123,124,90,90,91,94,96,96,99,99,100,101,83,98,102,99,120,120,121,124,140,80,91,92,93,93,70,73,95,98,123,110
060770040021,120,124,126,18,160,167,167,188,17,154,156,69,70,70,107,110,126,134,183,93,101,105,14,18,18,147,158,120,121,121,121,124,132,132,140,144,151,114,119,122,19,19,20,115,118,122,122,122,127,127,129,18,173,188,150,152,152,136,145,148,115,115,119,120,121,18,148,153,85,113,117,118,118,19,19,148,54,128,134,105,143,146,120,121,129,143,147,147,149,149,17,28,49,163,165,132,133,141,117,123,125,88,92,100,101,101,102,102,103,103,103,64,116,125,19,134,142,125,132,145,84,85,87,87,93,14,130,145,150,160,202
