spatial_id,atm,atm,atm,bakery,bakery,bakery,bakery,bakery,bank,bank,bank,beauty_salon,beauty_salon,beauty_salon,beauty_salon,beauty_salon,book_store,book_store,book_store,bus_station,bus_station,bus_station,cafe,cafe,cafe,cafe,cafe,clothing_store,clothing_store,clothing_store,clothing_store,clothing_store,convenience_store,convenience_store,convenience_store,convenience_store,convenience_store,dentist,dentist,dentist,department_store,department_store,department_store,doctor,doctor,doctor,electronics_store,electronics_store,electronics_store,florist,florist,florist,furniture_store,furniture_store,furniture_store,gym,gym,gym,hair_care,hair_care,hair_care,hair_care,hair_care,hardware_store,hardware_store,hardware_store,home_goods_store,home_goods_store,home_goods_store,home_goods_store,home_goods_store,hospital,hospital,hospital,laundry,laundry,laundry,library,library,library,liquor_store,liquor_store,liquor_store,meal_takeaway,meal_takeaway,meal_takeaway,meal_takeaway,meal_takeaway,park,park,park,park,park,pet_store,pet_store,pet_store,pharmacy,pharmacy,pharmacy,restaurant,restaurant,restaurant,restaurant,restaurant,restaurant,restaurant,restaurant,restaurant,restaurant,school,school,school,shoe_store,shoe_store,shoe_store,shopping_mall,shopping_mall,shopping_mall,store,store,store,store,store,supermarket,supermarket,supermarket,supermarket,supermarket,train_station
060770001001,3,4,4,4,4,6,7,10,3,4,5,2,2,5,6,6,6,7,8,4,4,8,4,5,5,7,7,5,6,6,7,11,5,6,7,7,8,6,6,6,2,3,9,1,1,4,6,7,9,4,5,7,3,3,3,6,6,6,7,7,7,8,8,3,7,9,2,2,4,5,6,5,6,6,3,4,6,5,6,11,5,6,6,3,4,4,6,6,4,4,4,6,7,2,5,8,5,5,6,3,5,6,6,7,7,7,7,7,8,3,4,7,4,5,7,4,4,6,5,5,6,6,6,4,7,7,8,9,2
060770001002,2,6,7,4,4,6,9,10,1,3,10,2,3,5,6,7,4,8,9,6,7,9,2,2,4,5,8,2,3,4,9,11,3,4,4,7,10,3,3,3,2,4,10,2,2,2,5,7,12,4,6,8,1,7,10,4,4,5,2,4,6,7,10,4,4,10,3,4,4,6,7,5,6,6,2,2,11,3,3,9,4,4,8,5,6,6,7,9,2,2,3,9,12,3,6,8,4,4,5,4,6,6,6,6,7,7,7,8,8,2,3,4,2,4,7,2,4,4,6,6,6,6,9,5,5,6,7,9,3
060770001003,5,5,5,3,4,5,5,8,5,5,5,3,3,3,4,5,6,7,9,2,6,7,4,4,6,6,9,5,6,6,6,8,3,3,6,6,7,3,3,4,4,4,8,3,3,3,2,5,6,3,5,6,2,4,5,5,5,6,3,3,3,4,5,1,5,5,2,2,3,4,5,3,7,8,1,5,8,4,6,7,4,6,6,3,4,6,6,7,2,6,6,6,8,3,7,7,2,4,7,3,3,4,4,5,5,5,5,6,6,3,4,4,4,5,6,3,4,5,3,3,3,4,7,4,6,6,6,7,3
060770001004,4,6,6,2,4,6,7,8,4,4,8,4,5,5,5,5,6,8,8,3,4,8,2,2,3,3,8,3,3,6,8,8,3,3,5,8,8,4,6,6,4,5,8,4,4,4,2,3,5,3,4,4,4,5,5,3,4,6,2,3,4,4,4,3,6,6,2,3,4,6,6,3,8,9,1,6,8,6,6,6,2,5,6,2,3,3,5,7,2,6,7,9,11,5,7,7,3,3,8,4,4,4,5,5,5,5,5,7,8,3,3,4,4,6,6,1,3,4,3,3,4,8,8,6,7,7,7,9,2
060770003001,6,8,9,4,5,7,9,9,3,6,12,5,5,6,8,10,0,7,10,7,7,10,5,5,6,6,8,7,8,9,10,10,3,5,5,8,9,3,4,4,5,6,10,4,4,4,3,7,8,3,4,5,0,2,3,4,5,8,2,4,8,8,8,6,8,10,5,6,7,8,8,4,5,8,3,5,11,4,7,7,2,8,14,4,7,8,9,10,3,4,5,10,10,4,8,11,4,4,6,5,5,5,5,6,6,7,8,8,9,3,3,4,5,9,9,4,4,9,7,7,7,10,12,3,6,7,8,8,7
060770003002,4,5,8,4,5,7,8,9,6,8,9,3,6,7,8,9,6,7,8,6,6,10,4,5,6,8,8,5,5,7,8,9,3,4,4,10,11,3,9,10,5,7,10,5,5,5,4,6,7,6,6,8,5,8,10,2,4,6,4,5,6,6,7,3,8,12,6,7,7,7,8,2,7,10,7,8,9,6,6,10,3,7,13,5,6,6,8,8,6,7,7,7,11,6,7,10,5,7,8,4,4,4,5,6,6,7,7,8,8,2,4,6,4,8,11,2,2,10,6,6,6,8,9,6,8,9,9,10,5
060770004011,5,8,11,3,7,9,9,12,3,5,15,3,7,9,11,11,3,10,14,10,10,10,4,4,11,12,12,1,6,11,11,13,3,7,11,14,14,4,4,4,7,9,13,7,7,7,3,10,15,4,6,11,3,10,15,3,6,14,6,8,10,13,13,10,11,14,8,8,8,9,9,6,7,7,3,4,4,6,7,11,4,8,13,4,4,5,9,12,2,3,8,10,15,4,11,11,3,3,3,8,8,8,9,9,9,9,11,12,12,7,8,9,7,11,13,6,11,13,10,10,10,11,13,1,6,8,8,12,8
060770004012,7,7,8,7,8,8,10,10,3,4,6,2,8,9,10,10,2,9,11,9,9,12,4,5,6,10,15,3,8,9,10,11,4,9,11,11,12,4,4,4,6,7,11,6,6,6,10,12,16,3,5,7,2,9,14,4,5,11,5,9,9,9,11,4,10,11,7,7,8,8,10,6,8,8,3,5,10,7,8,10,3,4,10,4,8,10,10,10,4,4,6,6,10,5,10,11,4,4,6,6,7,7,7,8,8,9,10,10,10,4,6,7,6,10,11,5,10,10,8,8,9,9,11,3,7,9,9,10,7
060770004013,7,8,9,3,3,4,8,8,3,5,13,4,7,9,11,11,3,8,11,9,9,12,4,5,6,10,11,3,5,10,11,12,4,8,9,12,12,4,4,5,8,9,11,8,8,8,8,12,15,4,6,12,3,3,10,4,5,5,4,6,8,10,11,4,9,9,7,8,8,9,9,7,8,8,3,4,10,6,6,10,8,9,9,3,5,5,8,10,3,3,10,11,13,3,11,12,3,3,6,6,6,7,7,7,7,9,9,9,9,6,7,9,8,11,11,7,8,11,8,8,9,9,11,2,6,8,9,10,9
060770004014,6,8,9,2,7,8,8,9,4,4,6,6,7,8,9,10,2,8,10,9,9,11,5,5,6,6,9,4,9,9,10,11,8,8,10,10,11,4,5,5,7,8,11,6,6,6,9,10,15,5,7,11,9,9,13,2,6,11,5,8,9,10,10,10,10,11,6,7,8,8,8,7,8,9,5,9,9,7,7,9,7,9,10,4,6,8,9,9,2,4,4,7,12,4,11,12,4,4,7,6,6,6,7,8,8,8,8,10,10,5,5,8,7,11,11,6,9,11,7,8,9,10,12,3,7,9,9,10,8
060770004021,5,8,9,4,6,6,6,10,4,5,6,3,5,8,9,12,6,6,11,7,10,11,3,5,6,7,14,4,7,11,12,14,3,5,8,11,15,4,4,4,4,5,12,3,3,5,4,4,6,7,7,8,6,12,14,6,7,11,3,5,7,7,12,7,10,13,4,5,6,8,10,4,4,5,4,12,14,4,5,9,4,11,13,5,5,7,7,11,2,7,8,8,14,4,8,8,4,4,4,5,8,8,9,9,10,10,10,10,11,4,5,5,3,4,8,6,7,7,8,8,8,8,8,5,5,7,7,11,4
060770004022,5,5,6,4,5,6,9,9,3,12,13,2,4,4,5,7,4,9,12,7,8,11,4,4,7,10,14,4,5,5,10,13,1,2,8,9,9,3,3,3,4,5,12,3,3,4,5,12,13,4,8,9,4,7,8,4,5,10,2,5,6,8,8,6,7,12,5,5,5,6,8,5,5,5,6,12,13,2,2,8,2,5,10,6,7,7,8,10,1,2,7,7,8,4,7,8,3,3,3,5,5,6,7,8,8,8,8,8,10,3,4,5,4,5,7,4,4,5,7,8,8,8,11,5,6,6,6,11,4
060770004023,2,8,9,3,6,6,9,9,2,2,4,2,4,6,8,9,3,8,10,7,8,11,2,3,6,9,14,2,3,5,7,9,2,7,9,9,10,3,3,3,5,6,11,4,4,5,2,11,13,3,4,10,3,8,13,4,4,11,2,5,7,9,10,7,8,10,5,5,6,6,9,3,6,6,2,11,13,2,7,7,2,4,8,2,3,6,6,9,3,4,5,9,13,5,5,10,2,2,2,5,5,6,6,6,6,7,8,9,9,3,4,6,5,9,11,3,3,8,7,7,7,8,10,3,5,7,7,9,5
060770004024,3,6,9,1,4,8,8,10,1,4,11,5,6,7,8,9,2,4,12,8,11,12,1,4,10,14,15,1,1,2,8,10,6,9,10,12,12,2,2,2,6,7,11,5,5,6,1,5,6,5,9,9,4,4,13,2,7,12,2,2,5,6,11,10,12,13,6,6,6,8,10,4,6,6,3,4,10,6,6,10,9,11,14,1,2,8,10,10,4,4,4,4,14,5,9,9,1,1,1,6,6,6,7,7,8,9,9,10,10,5,6,7,5,9,11,4,9,11,8,8,8,8,11,2,4,6,6,10,6
060770005001,1,8,9,6,7,8,10,11,6,8,10,1,2,3,6,7,6,8,12,6,7,9,6,6,8,8,11,5,5,6,11,12,2,5,7,10,11,4,4,4,3,4,10,3,3,3,5,8,8,7,8,11,3,5,7,7,7,8,4,5,6,6,10,7,10,10,4,4,4,5,6,4,5,7,2,8,12,6,6,9,1,6,10,3,4,6,6,11,5,8,9,10,12,2,6,6,5,5,5,5,6,8,8,9,10,10,10,10,10,3,6,7,4,4,5,4,6,7,6,6,8,8,8,2,6,7,7,10,5
060770005002,3,3,6,4,5,6,7,10,3,4,5,2,3,4,5,6,6,8,11,5,6,9,4,4,4,8,10,6,6,7,8,8,4,6,6,7,9,5,5,5,2,3,9,1,1,1,6,11,11,4,5,7,3,5,7,3,4,9,4,4,5,5,9,1,8,9,3,4,4,6,6,5,6,10,3,4,6,6,7,10,3,4,5,3,5,8,9,9,4,5,9,9,9,3,6,8,5,6,6,6,6,7,8,8,8,9,9,9,9,3,4,8,2,4,9,4,4,6,6,6,7,7,7,4,7,8,8,8,2
060770006001,3,5,5,3,4,5,7,10,3,6,7,3,4,5,6,7,5,6,8,3,7,7,3,4,6,6,7,4,6,6,6,7,5,5,7,7,7,5,5,7,3,4,7,2,2,4,6,6,8,4,6,8,2,2,2,3,4,4,3,5,5,5,8,6,8,8,2,4,4,5,5,2,4,7,1,2,4,4,5,6,4,5,6,4,5,5,6,7,3,4,4,8,8,4,7,8,1,5,6,3,5,5,5,5,6,6,6,6,6,2,4,4,3,6,6,2,3,8,4,4,4,4,4,4,6,6,7,8,3
060770006002,5,5,7,4,5,5,6,7,2,4,6,2,2,2,4,4,9,10,11,4,5,5,3,5,6,7,7,3,4,5,6,6,2,2,2,2,4,4,5,5,3,6,6,3,5,5,4,7,7,3,4,6,1,3,5,4,5,5,2,3,5,6,7,2,5,7,1,1,3,4,4,3,6,6,3,4,6,4,5,9,1,2,4,4,4,5,6,7,3,4,5,5,8,3,7,9,3,4,6,2,2,2,2,3,3,4,5,6,6,5,6,8,5,6,7,6,6,7,1,2,3,4,5,4,4,5,6,6,5
060770007001,3,4,6,2,3,4,5,6,2,5,6,1,1,1,2,6,7,8,10,0,0,6,2,4,5,5,6,1,5,5,5,9,1,1,1,2,6,3,4,4,4,5,7,3,4,4,2,4,6,2,2,4,1,1,3,4,4,4,1,2,2,4,4,3,4,7,1,1,3,5,6,1,6,8,3,3,4,5,6,7,3,3,5,2,3,4,4,7,5,5,5,5,6,4,8,8,3,3,6,1,1,1,1,3,3,4,4,5,5,5,6,7,4,6,7,4,4,6,1,1,2,4,5,5,5,5,5,7,3
060770007002,4,4,7,1,2,2,4,7,5,5,5,2,2,3,3,5,7,9,9,2,2,3,2,4,5,6,8,2,3,3,6,7,2,3,4,7,7,2,4,4,5,6,8,2,5,5,2,3,3,2,2,4,2,3,5,3,3,5,1,2,3,4,5,3,3,8,3,3,3,5,6,2,5,9,1,4,5,4,7,7,3,4,6,1,2,3,3,8,3,3,6,6,8,6,7,8,4,4,5,1,4,4,4,4,5,6,6,6,7,2,5,6,5,5,7,3,3,5,2,2,3,5,7,4,6,6,7,8,1
060770007003,6,6,7,3,4,7,9,10,6,8,9,2,3,4,5,5,7,8,9,4,4,9,4,5,5,9,10,3,5,5,6,9,3,4,9,9,9,2,4,4,6,6,9,2,5,6,2,3,4,4,4,6,1,5,5,3,4,6,3,4,4,5,6,3,8,8,2,3,5,5,5,5,9,11,3,6,10,7,7,7,3,4,7,3,4,4,4,9,2,4,5,8,8,6,8,8,4,7,9,3,3,3,3,4,5,5,6,6,8,5,6,7,6,8,8,4,4,7,4,4,5,9,9,4,8,8,9,10,3
060770007004,6,7,8,4,5,8,8,9,6,7,10,3,4,5,7,7,6,7,10,5,5,10,5,6,9,10,10,4,6,10,11,11,4,4,6,10,11,4,7,7,7,7,11,3,6,6,3,5,6,5,5,7,3,6,10,3,5,5,4,4,6,7,7,5,5,8,4,6,6,6,11,6,11,11,4,4,7,8,8,9,5,6,9,2,5,5,8,9,7,7,7,8,11,7,7,10,6,8,10,3,4,4,4,4,5,6,7,7,9,7,7,8,7,9,11,3,9,11,5,6,6,7,10,6,9,9,10,11,4
060770008011,7,8,12,6,10,12,13,15,8,12,15,4,7,9,11,13,5,10,12,10,10,13,9,11,12,13,16,9,11,11,12,14,10,10,11,11,13,6,6,11,9,11,13,9,9,9,9,9,12,9,10,13,9,12,13,8,9,9,4,4,11,11,13,9,12,14,9,9,10,10,13,11,11,13,9,11,14,11,13,13,9,10,11,10,12,12,12,14,8,9,9,12,14,10,12,13,10,13,14,8,8,8,8,9,10,10,11,11,13,6,7,10,12,13,14,4,4,11,10,10,10,10,13,9,12,13,13,13,9
060770008012,3,3,8,6,7,7,11,12,8,8,10,6,6,7,8,8,3,7,10,11,11,11,4,6,10,11,11,6,8,11,11,12,4,6,6,10,12,6,6,7,8,8,11,6,6,7,4,5,7,6,7,7,5,6,11,5,7,8,5,6,6,7,7,6,9,9,5,6,6,7,12,8,12,13,6,9,13,6,9,9,8,9,9,4,6,7,10,10,7,8,8,9,10,7,8,11,5,6,10,6,6,6,6,6,7,7,8,8,11,7,8,13,8,9,11,7,7,9,8,10,10,10,11,6,7,10,11,11,8
060770008013,5,6,6,7,7,8,8,9,7,8,10,6,6,7,7,8,3,6,9,6,9,9,6,6,6,9,9,5,6,6,8,9,5,6,8,9,9,6,7,7,7,7,10,6,6,7,6,10,10,6,8,8,6,6,8,6,7,8,6,6,6,7,8,5,8,10,6,6,6,6,10,7,9,9,6,7,10,8,10,11,4,7,8,6,8,8,8,9,3,8,9,10,10,6,9,10,7,8,10,5,5,6,6,7,7,7,8,8,9,6,6,8,7,8,10,4,4,8,7,8,8,9,10,6,8,9,10,10,7
060770009001,7,9,9,3,4,7,10,11,4,6,13,5,8,9,10,12,4,8,11,9,9,12,5,5,6,7,10,3,6,9,10,10,5,9,12,12,13,7,7,8,8,9,11,8,8,8,7,9,10,5,6,12,3,4,13,5,6,6,8,9,11,11,12,4,9,10,7,7,8,8,8,8,9,9,3,6,7,5,5,10,8,10,10,4,6,9,9,10,3,3,4,10,12,2,10,12,4,4,7,6,6,7,7,7,7,8,9,9,9,6,7,10,8,11,13,7,10,12,8,8,9,11,12,3,5,10,10,10,8
060770009002,6,6,7,5,9,9,10,14,8,9,13,5,7,8,11,11,4,8,10,8,9,11,9,9,9,9,13,7,8,9,10,10,8,10,10,11,14,7,8,8,8,9,11,7,7,7,9,9,10,2,7,12,7,9,11,9,9,10,8,8,9,9,9,7,9,9,7,7,7,7,8,7,11,12,4,7,10,9,9,9,10,12,13,7,8,8,9,12,7,9,12,13,13,6,10,11,8,9,10,5,6,6,6,7,7,8,8,8,9,7,7,8,9,11,11,8,8,12,7,8,8,8,10,7,9,10,10,10,8
060770009003,7,9,11,5,6,10,10,14,6,7,13,8,9,10,11,12,4,8,11,9,9,11,7,7,9,10,12,5,9,11,13,14,7,11,12,12,13,8,8,8,8,8,11,7,7,7,8,9,9,5,7,13,4,9,12,7,8,8,7,9,9,9,12,9,10,11,7,7,7,9,9,10,10,11,6,8,9,7,7,9,6,9,9,8,9,9,10,13,3,6,10,13,14,4,10,11,6,6,9,5,6,6,7,7,7,9,9,9,9,7,9,9,7,11,12,8,11,12,8,8,9,9,11,5,7,10,11,12,8
060770009004,6,6,8,4,4,9,9,12,8,9,12,7,7,8,8,8,4,8,10,8,8,10,8,9,10,13,13,8,10,10,10,12,8,10,10,11,12,8,8,9,7,7,10,6,6,6,7,9,14,4,7,13,4,9,10,9,9,11,6,7,8,8,8,8,8,10,6,6,6,7,8,12,12,12,7,8,8,8,9,9,8,8,11,7,8,9,9,11,8,8,10,11,12,5,9,10,8,8,11,4,5,6,6,6,6,8,8,8,8,6,6,8,7,10,10,7,10,11,7,7,8,9,10,7,8,9,10,10,7
060770009005,8,8,9,6,8,11,12,15,9,11,14,7,8,9,9,13,6,10,11,10,10,12,10,10,11,12,15,9,9,9,10,12,10,11,12,13,14,9,9,9,9,9,12,8,8,8,10,10,12,5,11,13,5,8,9,11,11,12,8,9,10,10,10,10,10,10,8,8,8,8,9,13,13,14,9,10,10,10,11,11,9,13,15,8,10,10,11,13,6,10,11,13,14,8,11,12,9,12,13,6,7,7,7,8,8,8,9,9,10,8,8,10,9,12,12,9,9,13,8,9,9,10,12,8,10,12,12,12,9
060770010002,7,7,8,3,9,9,10,14,8,9,12,6,8,9,9,9,8,9,10,8,8,11,7,9,9,13,13,9,10,10,11,12,9,9,10,11,13,8,8,8,8,8,11,7,7,7,9,12,15,5,8,14,4,9,9,9,9,11,8,9,9,9,10,3,9,9,6,7,7,7,8,11,12,12,4,6,9,8,8,9,8,9,11,7,8,9,9,11,9,10,11,13,13,5,10,11,9,9,11,5,6,6,6,6,7,8,8,8,9,7,7,9,8,11,11,8,9,11,7,8,8,9,10,8,8,9,10,10,8
060770010003,10,11,13,7,11,12,13,14,9,11,16,10,12,12,14,14,10,11,13,11,12,14,10,11,13,13,16,11,13,15,15,17,8,11,12,15,16,11,11,11,11,11,14,10,10,10,8,12,17,9,9,14,7,14,16,8,10,14,12,12,12,15,15,12,12,14,9,10,10,10,11,12,12,12,11,12,17,9,9,12,11,11,15,10,10,12,12,12,9,9,12,13,15,7,13,14,11,11,14,8,9,9,9,10,10,11,11,11,12,10,10,12,10,14,14,11,12,15,10,11,11,12,14,9,10,12,13,14,11
060770010004,9,9,10,5,11,11,11,15,10,11,14,9,9,9,10,13,10,11,12,10,10,13,9,11,11,15,15,10,10,11,12,13,11,13,13,14,15,10,10,10,10,10,13,9,9,9,10,11,12,7,10,15,6,11,11,9,11,13,8,10,11,11,11,10,11,13,9,9,9,10,10,12,13,13,6,8,12,10,11,11,10,11,13,9,10,11,11,13,11,12,14,15,15,7,12,13,11,13,14,8,8,8,8,8,9,9,10,10,10,9,9,11,10,13,13,10,11,13,9,10,10,10,12,9,10,10,12,12,10
060770011011,9,10,13,3,5,7,7,12,7,13,16,10,13,13,15,15,5,6,13,10,12,12,5,6,7,12,13,6,12,12,12,14,6,7,7,14,17,8,8,8,11,11,14,11,11,11,9,11,13,4,11,11,6,6,6,2,5,5,8,10,12,13,14,12,12,15,10,10,10,10,12,8,8,8,4,7,7,3,4,12,7,12,12,5,5,6,8,12,4,4,12,12,16,3,13,15,7,7,7,9,9,9,9,10,10,10,11,11,12,10,10,12,11,14,15,10,11,12,10,11,11,12,14,4,6,12,12,12,12
060770011012,10,10,12,5,7,9,10,12,9,13,16,10,12,12,12,14,8,9,13,12,12,14,8,8,9,13,13,8,12,12,14,14,8,9,10,10,16,11,11,11,11,11,14,10,10,10,9,11,14,7,13,13,7,8,9,3,7,8,11,11,13,13,13,13,14,15,10,10,10,10,12,10,10,10,7,10,13,7,7,12,9,10,12,8,8,9,12,13,7,7,12,12,13,5,13,14,9,9,12,8,9,9,9,9,10,10,12,12,12,10,10,12,10,14,14,11,11,13,10,11,12,12,14,7,8,12,14,15,11
060770011021,7,8,11,2,5,6,7,11,4,6,15,6,9,11,14,14,5,6,12,10,11,13,5,5,5,11,12,5,8,10,11,14,6,6,6,12,16,7,7,7,10,10,13,9,9,9,8,10,13,4,10,10,5,5,5,2,4,5,7,8,11,12,12,11,13,13,9,9,9,10,11,7,7,7,3,6,7,4,4,11,5,6,11,4,5,6,11,11,3,11,11,11,15,1,12,13,6,6,6,8,8,8,9,9,10,10,10,11,11,8,9,11,10,13,14,9,9,10,9,9,10,11,12,4,5,11,11,11,10
060770011023,8,10,12,2,6,11,11,13,7,8,14,10,10,11,12,12,8,9,12,10,10,12,9,10,11,15,15,7,10,11,15,15,7,8,12,13,14,9,9,11,9,9,12,8,8,8,10,12,16,7,7,13,6,6,13,6,7,8,10,10,10,11,13,2,10,11,7,8,8,8,10,10,10,10,6,8,15,7,7,10,8,9,10,8,8,10,10,11,7,10,12,13,14,3,11,12,8,8,10,6,7,7,8,8,8,9,10,10,10,8,9,10,8,12,12,9,9,13,9,9,10,10,12,7,7,10,12,13,9
060770011024,9,11,12,2,8,8,11,11,6,7,14,8,10,11,13,13,6,7,12,10,10,13,7,7,11,11,12,6,6,9,10,13,7,8,13,14,15,9,9,10,9,9,13,9,9,9,7,9,11,5,6,12,7,7,7,5,7,12,10,10,12,13,15,11,11,11,8,9,9,9,11,9,9,9,4,7,8,6,6,11,7,8,11,6,6,7,10,11,5,6,13,14,15,3,12,15,7,7,10,7,8,8,8,8,8,9,10,10,11,9,10,10,9,13,13,10,11,12,9,10,10,10,12,6,6,11,12,13,10
060770011025,8,10,10,3,9,10,10,12,7,8,13,7,10,10,12,12,7,8,11,9,9,12,7,8,11,11,14,7,8,9,11,14,7,8,9,9,14,9,9,12,8,8,12,8,8,8,8,8,14,6,7,13,5,5,5,6,8,11,8,10,11,12,12,10,10,12,7,7,8,8,8,10,10,10,9,9,15,7,7,10,8,9,10,7,8,9,10,10,6,7,11,12,13,4,11,12,8,8,11,6,7,7,7,7,8,9,9,9,10,8,9,9,8,12,12,9,9,13,8,9,9,10,11,6,7,10,11,11,9
060770012001,9,10,12,5,6,6,9,13,13,13,16,10,10,11,12,14,4,5,14,11,12,12,4,13,13,14,18,5,6,9,9,13,5,6,7,12,17,8,8,8,12,12,14,11,11,12,6,7,9,3,9,9,6,6,7,3,4,4,6,7,9,11,14,13,15,15,10,10,11,12,12,7,7,7,3,5,6,3,4,13,6,13,13,4,4,7,12,13,3,10,12,13,16,3,12,13,6,6,6,10,10,10,10,11,11,12,12,13,14,11,12,12,11,14,14,10,11,13,11,11,12,12,14,3,5,11,11,13,12
060770012002,7,12,12,3,4,5,8,13,14,14,16,8,9,10,13,13,2,3,14,12,15,15,2,13,13,14,18,3,6,7,11,13,3,4,7,10,17,5,5,5,9,11,14,9,9,9,4,6,10,2,8,8,4,6,6,2,3,4,5,5,5,9,11,12,14,16,10,10,10,11,12,5,5,5,3,3,4,3,3,13,4,10,11,2,5,6,13,13,2,8,13,13,17,3,11,12,4,4,4,10,10,11,11,11,12,12,12,12,13,7,8,10,9,12,14,8,12,14,11,12,12,12,12,2,2,9,10,13,10
060770012003,6,8,11,4,4,5,7,12,3,13,15,7,8,8,9,11,1,4,14,11,11,14,1,3,6,12,14,1,2,4,8,12,3,3,3,10,16,4,4,4,8,9,13,8,8,8,4,8,9,4,9,9,4,4,4,5,5,12,2,4,4,6,8,9,9,16,9,9,9,10,12,4,6,6,2,2,3,5,6,12,8,8,12,2,2,9,11,12,2,10,12,13,16,3,11,11,3,3,3,9,9,10,10,10,11,12,12,12,13,8,8,9,8,11,13,7,11,11,10,10,11,11,13,1,3,8,8,12,9
060770012004,6,8,10,3,4,6,6,11,3,3,14,5,8,9,11,12,3,4,12,9,11,12,3,4,11,12,12,2,5,10,11,12,3,4,4,10,15,5,5,5,9,10,12,8,8,8,3,4,8,4,10,10,3,4,14,3,4,5,3,5,8,11,12,10,11,13,9,9,9,9,10,6,7,7,3,3,3,4,4,11,5,9,11,3,3,4,10,10,0,11,11,13,14,1,11,12,3,3,3,7,8,8,9,9,9,10,10,11,11,7,9,9,8,12,12,7,10,11,9,9,11,11,12,2,4,8,9,11,9
060770013001,8,10,11,2,5,6,8,10,5,14,16,8,9,11,14,15,4,9,13,12,13,14,4,5,11,12,18,4,6,8,9,9,4,5,5,6,16,4,4,4,6,7,14,6,6,8,7,7,16,5,6,6,5,8,11,5,7,8,2,5,5,8,14,6,10,12,7,7,7,10,12,1,2,2,4,5,5,7,7,14,6,11,12,4,5,5,7,11,7,7,10,14,17,7,8,9,5,5,5,8,9,10,11,11,12,12,12,12,12,7,8,9,5,8,9,9,9,9,10,10,10,10,11,5,5,6,6,13,7
060770013002,5,6,12,4,7,7,7,12,11,11,16,7,10,11,11,14,2,8,11,10,10,13,2,12,12,16,18,3,7,12,12,16,3,3,3,8,16,4,4,4,6,7,14,6,6,8,3,3,10,4,7,7,5,6,9,9,9,10,2,3,7,8,14,8,11,13,7,7,7,10,11,1,3,3,2,3,13,6,6,12,6,7,11,2,2,3,7,10,5,7,7,12,16,6,9,9,3,3,3,8,8,8,8,8,9,10,10,11,12,5,6,7,5,9,14,9,11,12,10,10,10,11,13,3,3,4,6,13,7
060770013003,7,8,10,3,3,5,5,10,12,12,16,9,12,12,12,15,2,6,11,10,10,14,3,13,13,13,17,4,4,7,12,13,2,2,8,9,17,4,4,4,8,9,14,8,8,8,3,3,3,2,7,7,3,5,7,2,8,8,4,4,9,13,13,6,8,13,9,9,9,9,13,3,3,3,3,4,13,3,3,12,6,8,14,2,2,7,11,12,3,4,12,15,16,4,10,11,3,3,3,8,8,9,9,9,10,11,11,12,13,6,6,9,8,11,14,7,11,13,10,10,10,10,14,1,1,4,8,12,9
060770013004,6,8,10,3,5,6,7,11,1,11,14,4,5,8,10,11,1,5,12,8,9,12,2,4,11,12,16,3,4,6,8,11,1,1,1,7,15,2,2,2,6,7,12,6,6,7,1,2,5,3,8,8,2,5,5,1,6,7,2,5,6,8,12,7,11,14,7,7,7,7,11,3,4,4,1,2,2,5,5,11,1,6,12,2,2,2,9,10,4,8,11,14,14,6,9,9,1,1,1,7,7,7,8,8,8,8,10,10,10,4,5,7,6,9,12,5,5,10,9,9,9,9,12,3,3,6,6,11,7
060770014001,8,10,12,6,6,7,9,14,6,14,14,9,13,13,15,18,6,6,7,13,13,16,6,7,14,14,16,7,10,10,11,19,6,6,10,11,13,7,7,7,10,11,17,9,9,9,8,8,8,5,7,7,10,12,16,4,7,7,6,6,7,10,17,7,9,14,10,11,11,11,14,5,5,5,5,8,20,5,6,15,10,13,18,6,7,11,15,19,5,7,8,15,15,8,11,12,6,6,6,11,11,12,12,12,12,13,13,13,14,9,10,10,9,11,12,10,12,14,13,13,13,13,14,5,5,7,9,16,10
060770014002,9,9,9,5,7,7,12,14,5,11,14,6,9,10,10,15,6,8,14,11,13,13,6,11,11,17,19,7,8,8,10,17,6,6,8,11,11,6,6,6,8,8,15,8,8,8,3,5,8,5,5,5,5,10,12,5,8,8,6,6,7,8,10,4,9,11,9,9,11,11,13,3,3,4,5,8,18,6,6,15,6,7,16,6,10,15,15,17,5,7,8,15,15,8,8,9,6,6,6,8,10,10,12,13,13,13,13,13,14,7,9,10,7,8,10,9,10,14,11,11,12,12,12,5,5,7,7,13,9
060770014003,6,8,8,3,5,7,10,12,4,12,13,8,9,12,12,13,4,4,6,11,12,15,3,4,13,13,14,5,5,7,8,10,3,4,4,9,9,5,5,5,9,10,15,8,8,9,6,6,17,3,6,6,3,8,10,4,6,6,5,5,5,8,14,6,10,13,9,9,10,12,13,4,4,4,3,14,18,4,4,14,7,11,14,4,9,10,13,17,6,7,7,13,15,6,10,11,4,4,4,9,10,10,10,10,11,11,11,12,12,7,7,9,10,10,11,11,12,13,11,11,12,13,15,3,3,5,8,13,9
060770014004,7,8,8,4,4,7,7,11,3,12,13,8,10,12,13,14,4,4,5,12,12,16,4,13,14,15,18,6,9,14,14,17,3,3,4,9,18,6,6,6,9,10,16,9,9,10,6,7,18,2,7,7,5,6,10,4,7,7,5,6,8,10,15,7,10,13,10,10,10,10,13,4,4,5,4,14,19,3,3,14,5,9,10,3,5,8,10,18,5,6,8,14,18,6,10,11,5,5,5,10,10,11,11,11,11,13,13,13,13,7,10,10,8,12,16,8,13,13,12,12,12,13,16,3,3,6,8,14,10
060770015001,6,7,7,4,5,6,9,15,7,14,15,5,5,7,8,9,9,10,14,10,12,13,7,9,9,10,14,5,5,6,8,15,4,4,5,7,7,7,7,7,7,8,12,7,7,7,2,3,9,5,6,6,3,7,11,7,8,8,6,6,8,8,8,4,8,12,7,9,9,10,14,5,5,6,7,8,16,8,12,15,4,7,10,5,7,8,14,16,7,8,9,13,17,6,6,6,7,7,17,9,11,12,12,13,13,14,14,14,14,6,10,10,7,8,8,8,11,11,9,10,12,12,13,6,6,7,8,12,9
060770015003,4,5,10,6,7,11,11,12,6,7,12,5,5,6,6,11,9,11,12,10,10,13,6,8,8,13,13,3,4,7,9,15,2,3,4,7,12,7,7,7,7,8,11,7,7,7,2,9,9,6,8,8,7,7,10,8,8,10,3,6,6,8,8,8,9,13,7,8,8,9,9,5,6,7,6,7,7,9,10,12,2,5,7,3,6,7,8,15,2,12,12,13,16,4,4,6,7,7,16,11,11,12,13,13,13,13,13,14,14,7,10,11,6,7,7,10,11,11,9,12,12,12,13,3,8,8,8,14,8
060770015004,6,8,12,2,3,7,8,13,5,13,17,6,7,8,11,14,7,11,14,11,11,13,10,11,16,17,18,5,5,7,7,8,1,5,5,5,6,5,5,5,7,8,15,7,7,7,2,5,7,3,3,4,5,9,11,5,5,7,5,5,6,6,7,2,11,11,8,10,10,11,12,3,3,3,4,5,7,5,5,15,5,5,12,5,5,5,8,10,4,7,14,15,15,7,8,9,5,5,5,8,10,11,12,12,12,12,12,12,12,8,8,9,6,8,9,9,9,11,10,10,11,11,11,4,4,6,7,13,8
060770016001,4,9,11,7,8,8,10,11,6,9,12,3,4,5,5,7,9,10,14,9,9,11,7,8,11,13,14,3,7,9,10,14,2,9,10,12,13,7,7,7,5,7,10,6,6,9,8,11,13,8,10,12,3,10,12,8,8,12,7,8,9,9,9,4,8,10,7,7,7,8,10,7,8,10,4,6,11,8,12,12,8,10,12,5,6,7,8,14,4,5,8,11,13,3,3,5,7,7,15,6,8,10,10,11,12,12,12,12,12,5,10,12,4,5,10,9,10,10,8,10,10,10,11,2,9,10,10,13,7
060770016002,5,7,8,2,3,5,7,9,5,5,10,2,2,3,3,3,8,10,12,5,7,9,1,7,8,9,10,1,4,5,5,11,2,2,2,7,9,7,8,8,2,5,9,3,4,7,4,6,10,7,7,9,2,6,6,2,6,10,2,3,4,10,10,2,7,12,2,4,4,5,9,4,7,9,5,10,10,5,7,9,3,5,10,2,2,9,10,11,5,5,6,11,11,1,3,5,7,9,12,8,8,8,8,8,9,9,9,10,10,3,6,9,1,3,9,6,8,8,5,6,8,8,8,3,4,6,8,10,5
060770017003,9,9,10,5,8,8,9,11,5,8,8,3,6,7,9,9,10,11,15,9,9,11,10,10,11,12,13,2,2,9,12,12,3,3,9,9,10,8,8,8,7,9,9,8,8,9,7,8,14,10,11,11,4,10,11,6,11,12,1,9,10,10,10,5,9,9,6,7,7,7,7,7,8,8,9,9,10,7,8,13,11,12,12,6,8,9,12,13,4,7,8,9,12,2,3,7,8,14,14,10,10,10,10,10,11,11,11,11,11,8,10,11,6,6,9,6,9,9,8,10,10,11,13,4,10,11,11,11,9
060770018001,4,5,8,2,5,6,8,10,5,6,11,5,6,6,7,8,9,11,12,6,7,8,6,6,8,10,10,4,4,9,9,11,1,2,6,6,9,8,9,9,5,6,6,6,6,6,7,8,10,4,8,11,5,8,10,3,5,10,5,8,9,10,11,4,6,7,6,6,8,8,9,6,9,10,0,6,8,6,7,8,5,9,9,1,5,5,10,11,6,6,6,8,9,3,4,6,6,11,12,7,8,8,8,8,9,9,9,9,10,6,7,8,4,5,6,6,7,7,6,8,8,8,8,5,6,6,7,12,7
060770018002,7,8,9,2,4,9,9,10,7,9,12,4,4,5,6,7,10,11,13,7,8,9,9,9,10,11,11,1,4,4,4,8,1,5,7,8,10,9,9,9,5,7,8,6,6,6,6,10,12,4,8,12,1,5,7,5,5,7,4,5,8,11,11,4,7,8,4,6,6,6,7,6,8,10,9,9,10,5,6,9,6,8,10,1,5,6,11,12,7,7,8,9,11,2,4,5,5,10,13,9,9,9,9,9,10,10,10,10,11,6,6,10,4,5,8,7,8,8,7,8,9,9,11,5,5,6,10,12,7
060770019001,1,7,9,5,7,8,8,10,5,6,10,4,6,6,7,9,7,10,13,4,6,6,6,7,7,10,12,7,7,11,11,12,7,8,8,9,10,5,7,7,5,7,8,7,7,9,8,9,11,8,9,10,6,7,8,4,8,10,7,9,10,11,11,6,6,9,2,2,4,5,8,6,8,9,2,6,8,1,2,7,4,6,11,5,6,6,10,11,2,7,8,9,10,5,5,8,6,8,10,7,8,9,10,10,10,10,10,10,10,5,8,11,2,7,7,7,7,8,5,6,7,8,8,3,7,8,8,10,7
060770019002,5,6,7,3,5,6,7,8,5,8,11,5,5,5,6,6,9,11,12,6,8,8,6,7,7,8,11,5,5,6,6,10,6,7,7,8,9,8,8,8,4,7,8,5,6,6,5,7,8,7,7,8,4,6,6,3,5,7,3,3,6,7,9,5,6,11,1,4,4,7,9,5,6,7,4,5,8,2,4,6,7,8,9,4,5,5,8,10,3,5,7,9,10,3,4,6,5,9,11,6,7,8,8,8,9,9,9,9,9,6,9,10,3,5,5,6,7,7,6,8,8,8,8,4,4,6,7,9,6
060770019003,3,4,8,4,6,6,7,9,5,7,9,3,5,6,6,8,7,8,9,4,6,6,6,6,7,8,11,5,7,9,9,10,3,6,8,9,9,6,8,10,4,7,8,5,6,6,7,7,8,7,9,9,3,4,6,4,6,7,6,7,7,8,9,4,7,8,2,3,3,7,9,5,7,7,4,7,9,1,7,8,3,6,9,5,6,7,8,10,4,8,8,8,8,4,6,9,8,8,9,6,6,7,7,8,8,8,9,9,9,4,9,10,2,5,6,5,6,7,3,6,7,7,8,3,5,7,7,7,6
060770019004,2,5,9,4,5,7,7,9,4,6,8,6,7,7,8,8,10,11,13,3,3,7,3,5,9,9,14,7,9,9,10,11,4,5,5,8,9,8,8,10,5,7,9,4,8,8,8,9,11,6,8,9,5,7,7,6,8,10,7,7,8,10,13,8,9,11,2,5,7,7,8,4,6,10,6,6,8,4,6,6,4,5,9,7,8,9,9,13,6,7,7,8,16,7,9,10,3,9,9,2,4,5,6,6,8,8,8,8,8,4,7,7,7,8,9,9,10,10,3,4,5,5,7,3,6,6,6,9,8
060770020001,5,7,7,4,6,7,8,8,5,7,9,7,7,8,8,8,9,11,12,5,7,7,5,7,8,8,10,7,8,8,11,11,4,5,7,7,8,8,8,9,6,6,7,6,6,6,7,9,10,8,8,9,6,7,8,6,7,8,4,7,8,9,10,6,6,7,3,5,7,9,10,7,7,7,6,7,8,3,4,7,3,5,8,4,7,8,9,10,6,7,7,9,10,6,6,7,8,8,11,5,5,8,9,9,9,9,9,9,9,7,10,10,4,7,7,6,7,7,7,7,7,8,9,3,8,9,9,10,7
060770020002,2,8,9,5,6,7,7,9,6,6,8,1,7,7,8,8,10,12,13,4,4,6,5,7,7,9,11,5,6,8,10,11,5,6,7,10,10,6,7,8,5,6,7,6,6,6,6,8,9,8,11,12,7,8,8,6,8,9,8,8,8,9,11,7,10,11,2,3,4,6,10,6,8,8,7,9,10,2,3,6,2,7,8,6,7,10,10,11,8,8,9,9,10,6,6,7,5,10,10,6,7,8,10,10,10,10,10,10,10,6,6,7,3,8,8,6,8,8,5,7,7,8,9,1,8,8,8,10,7
060770020003,6,9,9,2,6,8,8,8,3,6,8,3,3,5,6,7,6,11,12,2,4,5,5,6,8,8,12,3,9,9,11,11,3,4,8,9,9,6,9,9,3,6,8,5,7,7,8,9,11,9,10,10,1,8,9,3,7,9,2,6,7,8,11,6,10,10,5,7,7,7,8,6,7,8,6,10,10,3,4,4,3,5,8,7,8,8,8,10,5,8,8,9,10,7,7,7,4,11,11,2,4,6,6,7,8,8,8,8,9,5,5,9,8,9,9,7,8,9,4,5,5,5,6,3,6,7,9,9,8
060770021001,4,5,6,3,5,6,7,8,3,4,5,5,6,7,8,8,14,15,15,3,4,8,2,6,7,9,11,7,9,9,9,10,2,2,5,6,9,9,9,10,3,7,10,5,5,8,4,10,11,6,7,9,7,8,9,7,7,8,7,7,8,10,10,7,8,9,6,6,7,8,9,2,6,10,3,8,9,6,7,7,4,7,9,7,7,9,9,10,6,6,8,8,11,7,10,10,2,8,9,2,5,5,5,6,7,9,9,9,9,3,3,4,9,10,11,9,10,11,4,5,5,6,6,5,5,6,7,9,9
060770021002,6,6,9,2,5,7,8,9,3,4,8,7,7,7,8,9,8,14,15,4,4,5,1,6,9,10,14,2,7,9,10,11,2,4,9,9,9,9,9,9,2,7,10,5,5,8,4,9,10,6,7,8,6,8,9,7,9,10,5,6,8,9,11,7,7,11,6,7,8,8,9,3,6,11,3,9,11,6,7,7,7,8,9,9,9,9,13,13,8,8,8,11,16,7,9,10,3,9,11,2,5,6,6,7,7,9,9,9,9,4,7,8,9,10,11,9,10,11,4,5,5,6,6,1,5,6,7,9,9
060770022011,4,4,5,7,7,7,8,10,4,4,5,2,5,5,5,6,12,13,14,2,3,5,6,6,8,9,10,2,5,6,8,10,4,5,5,8,9,7,8,8,7,8,9,7,8,8,7,7,8,6,6,8,5,5,6,8,8,9,5,6,6,8,8,2,4,8,2,5,5,5,6,6,7,10,6,7,9,6,8,9,6,8,9,7,7,8,8,10,1,3,6,7,7,6,10,12,5,7,8,5,5,5,5,6,6,7,7,8,9,2,3,9,8,9,9,9,9,11,1,2,3,4,5,2,2,7,7,9,8
060770022012,3,3,3,5,6,6,6,7,2,2,4,3,3,3,3,5,11,12,13,1,2,3,4,5,5,7,9,3,4,5,5,7,3,3,3,3,3,5,7,7,5,7,8,4,5,6,5,5,6,4,5,7,3,3,3,6,6,6,3,4,4,6,7,3,3,6,3,3,4,5,5,4,6,6,4,5,6,5,6,7,2,4,4,5,5,6,7,8,3,3,4,4,6,5,8,11,3,5,7,3,3,3,3,3,3,3,4,4,5,0,2,3,7,7,8,7,8,9,2,3,3,3,3,3,3,5,5,7,6
060770022021,2,5,5,5,7,8,8,9,3,4,4,5,5,5,6,7,13,14,14,2,2,5,4,6,7,9,9,5,7,7,8,10,2,5,8,8,9,7,8,8,6,7,9,5,5,8,5,8,10,6,6,9,4,5,5,7,7,8,5,6,7,7,8,4,8,8,4,5,6,7,9,5,6,8,5,7,8,4,7,7,4,4,9,7,7,8,9,12,5,6,6,7,8,7,10,12,3,5,9,2,2,2,3,5,5,5,6,6,7,4,4,5,6,8,9,9,9,10,4,4,4,5,5,4,5,5,6,9,8
060770022022,3,6,8,4,8,8,10,11,3,3,3,4,6,6,7,7,12,14,15,4,4,8,4,7,7,11,12,3,4,7,9,9,1,5,9,9,10,8,9,9,5,8,10,8,9,9,7,7,10,7,7,8,6,6,9,9,9,10,6,7,7,9,9,4,5,9,6,7,8,8,9,4,7,9,4,8,10,3,7,8,5,6,10,8,8,9,10,10,5,7,7,8,9,8,10,12,4,4,4,1,4,6,6,6,6,6,6,7,8,2,8,8,10,10,10,9,10,11,4,4,4,5,5,3,4,4,6,10,9
060770022023,4,5,5,7,8,8,8,9,4,4,5,2,5,5,5,6,13,14,14,5,5,7,6,7,7,9,10,2,5,7,7,8,5,5,8,8,9,7,8,8,7,7,9,6,7,8,8,8,8,6,6,7,5,5,8,8,8,9,5,6,6,8,8,2,5,8,2,5,6,7,8,6,7,8,6,7,9,5,8,9,4,6,9,7,7,8,9,9,3,3,3,6,8,7,10,12,5,7,7,4,5,5,6,6,7,7,8,8,9,4,8,9,7,9,10,9,9,11,2,3,4,5,6,2,2,7,7,9,8
060770023001,5,5,6,2,5,5,7,8,3,4,7,2,2,2,4,5,9,10,12,4,5,5,3,5,6,8,8,2,4,4,5,6,2,2,2,3,5,4,4,4,6,7,8,2,2,4,2,5,5,2,3,4,2,2,4,5,5,7,2,2,3,4,4,4,4,5,2,4,5,5,6,2,7,7,2,4,4,7,8,8,3,4,4,2,3,5,6,9,3,3,6,6,6,6,9,12,4,4,4,2,2,2,2,2,4,4,5,6,6,3,4,6,7,8,8,6,6,8,2,2,2,5,6,4,5,5,6,6,5
060770023002,2,6,10,4,5,9,10,10,5,7,9,4,4,4,4,8,8,9,12,6,7,8,4,6,6,8,11,1,4,5,7,8,3,3,4,6,8,3,3,7,8,9,10,1,2,3,3,8,8,3,4,9,4,5,6,4,5,8,2,3,3,4,4,3,6,7,4,5,6,8,9,4,8,8,3,3,4,9,9,10,3,6,8,4,5,8,8,10,3,5,7,8,8,8,9,12,2,5,6,1,2,3,3,4,4,4,4,4,4,5,7,10,7,9,10,7,11,12,6,6,6,7,7,3,7,7,8,8,6
060770023003,4,4,8,2,3,3,7,8,4,5,7,2,3,3,3,6,8,8,10,6,7,7,3,4,6,6,7,3,3,4,6,7,2,2,2,7,8,2,2,2,7,7,8,3,3,6,2,3,3,2,2,3,2,3,5,2,3,7,2,2,2,2,3,4,6,6,3,5,6,6,9,3,7,9,1,2,2,6,7,8,2,3,4,1,2,3,10,10,3,6,7,7,8,6,9,10,2,3,5,1,1,2,2,2,2,2,3,4,4,2,3,8,7,8,8,5,5,8,2,2,5,5,7,2,6,6,7,7,3
060770024011,2,7,8,3,4,4,7,10,6,7,10,2,3,3,6,8,6,7,10,9,9,9,2,6,7,10,10,2,5,6,8,9,3,7,9,9,10,3,3,4,9,9,10,2,2,8,3,3,4,3,5,5,3,4,7,2,3,8,2,2,4,5,6,7,7,7,3,4,5,9,9,5,6,7,3,4,10,7,8,9,3,3,9,3,4,7,8,10,6,6,7,7,8,8,9,10,2,6,7,3,3,3,3,3,4,5,6,8,8,9,10,11,8,9,11,6,9,11,4,5,7,7,8,3,8,8,9,12,6
060770024012,3,7,11,5,5,5,8,9,7,9,9,4,4,4,7,7,6,7,9,4,7,8,6,6,6,6,9,3,5,7,9,10,4,6,6,10,10,3,3,4,7,7,12,3,4,6,4,4,5,3,6,6,3,4,6,3,4,7,3,5,5,6,7,8,9,9,3,4,4,4,6,6,7,7,4,5,7,8,8,11,2,4,8,5,5,6,8,10,5,5,7,7,10,7,8,10,2,8,11,4,4,4,4,5,5,6,7,9,10,3,6,11,7,9,12,7,9,11,6,6,6,6,8,3,6,9,9,10,7
060770024013,4,4,8,5,6,6,9,11,7,8,9,5,6,6,7,7,6,7,10,7,8,10,2,6,6,10,10,3,6,6,9,10,4,6,6,6,10,4,5,6,7,7,10,3,4,7,5,6,10,4,6,7,5,5,6,4,4,7,5,6,6,7,8,4,6,7,3,4,5,5,5,6,7,10,3,4,6,8,8,8,6,8,8,6,6,8,9,10,3,7,10,10,11,7,8,10,3,4,8,5,5,5,5,5,5,5,5,6,9,4,12,12,7,9,9,6,9,11,6,6,6,7,9,4,6,9,9,10,8
060770024021,3,8,11,6,7,7,8,8,8,10,11,6,6,6,7,8,7,7,10,7,10,10,6,7,7,8,9,3,6,7,8,11,4,5,6,6,10,5,6,6,7,7,11,5,5,7,5,6,10,5,7,7,3,6,6,5,6,7,4,5,7,7,8,5,6,11,3,6,6,6,9,7,8,10,5,6,12,8,8,12,6,6,6,4,9,9,9,10,4,7,7,10,11,7,8,10,4,6,9,3,3,6,6,6,6,6,6,7,10,6,13,13,7,7,8,6,9,11,9,9,10,10,11,5,6,11,11,11,8
060770024022,9,10,10,4,4,9,10,10,6,8,8,3,5,5,6,7,7,8,12,7,8,8,5,6,7,9,11,4,5,6,8,8,6,6,6,8,9,3,3,8,9,9,11,3,3,8,5,8,9,3,5,9,1,4,8,3,5,8,4,4,5,6,8,3,7,7,1,4,5,6,6,5,7,8,3,3,11,10,10,10,5,6,10,8,8,8,10,11,2,8,8,9,9,9,9,11,2,5,7,1,1,2,3,4,4,4,6,6,8,4,10,11,7,9,10,7,10,13,5,5,6,7,8,3,8,8,8,9,7
060770025031,8,9,11,7,7,8,8,11,9,10,11,7,7,8,9,10,4,8,11,9,12,13,7,7,11,12,12,6,6,7,10,12,5,6,7,7,12,7,8,8,9,9,12,6,8,8,8,8,12,6,8,9,6,7,8,5,7,10,6,6,7,8,9,7,7,8,4,6,6,7,7,9,12,13,6,7,14,8,10,10,6,7,9,4,6,10,10,11,8,9,9,9,14,8,9,12,6,11,13,6,7,7,7,7,7,7,8,9,12,7,9,15,9,9,10,9,9,10,8,8,8,9,13,6,10,12,12,13,9
060770025032,5,6,9,7,7,8,8,10,9,10,11,7,7,8,9,10,5,8,11,12,13,13,7,7,12,12,12,6,6,8,8,12,6,7,7,10,12,7,8,8,9,9,12,6,6,8,8,8,12,6,8,9,6,7,12,5,7,10,6,6,7,8,9,7,7,8,6,6,6,7,10,6,8,13,6,7,14,8,10,10,6,7,9,6,10,10,11,13,4,6,8,9,9,8,9,12,6,11,13,6,7,7,7,7,7,7,8,9,12,7,7,15,9,10,10,9,9,10,8,8,9,9,13,6,10,12,12,13,9
060770025041,5,6,8,7,7,8,11,12,11,12,14,7,8,9,9,10,4,8,11,8,13,13,5,7,12,12,13,6,7,8,12,13,6,6,8,10,12,7,8,8,9,9,12,7,7,8,8,8,9,8,9,9,6,7,10,6,7,10,6,7,7,9,9,7,8,9,6,7,8,9,14,10,14,14,8,9,15,8,10,11,7,9,10,5,8,11,11,11,7,8,9,9,10,9,9,12,6,7,11,6,7,7,7,7,8,8,9,10,12,7,9,13,9,11,13,9,9,10,9,9,9,9,13,7,12,12,12,13,9
060770025042,7,9,10,8,9,11,13,15,11,11,13,8,10,10,10,13,3,9,12,9,10,14,8,8,14,14,16,7,9,9,9,11,7,8,8,13,13,8,9,9,10,10,13,8,8,9,9,9,10,9,10,10,9,11,13,6,8,11,7,8,8,9,10,8,10,11,7,8,8,10,15,9,10,10,8,11,16,9,11,12,11,11,11,6,9,11,12,16,8,9,10,11,13,10,12,13,7,9,12,7,7,8,8,8,8,8,9,10,11,8,9,10,10,12,13,9,9,11,9,10,10,10,11,8,9,12,13,13,10
060770028001,4,9,11,5,10,10,12,12,5,6,11,8,8,9,10,10,14,14,17,7,7,10,5,11,12,12,12,5,10,10,10,12,5,5,8,12,13,11,11,11,5,10,12,8,9,11,5,8,12,9,10,11,9,10,12,11,11,11,8,9,10,10,11,7,8,10,6,9,9,10,12,4,10,14,3,12,14,9,10,10,7,8,10,10,12,12,13,13,4,9,10,10,12,10,11,12,4,4,5,5,8,8,9,9,10,10,10,10,10,3,3,11,12,12,12,11,13,14,5,6,7,8,8,6,6,8,10,10,12
060770028002,3,5,5,7,8,8,10,11,3,3,10,3,7,7,7,8,11,12,16,6,6,6,7,7,9,11,12,4,7,8,8,9,6,7,7,8,8,7,8,9,8,8,11,5,6,6,8,9,11,6,7,9,7,7,9,7,9,10,6,6,8,8,9,6,7,7,4,7,7,8,9,11,11,12,7,9,11,9,10,10,6,8,10,8,11,11,12,12,4,7,7,8,11,8,11,14,6,7,11,5,5,6,6,6,6,7,8,8,8,4,7,8,8,11,11,10,12,13,3,4,4,6,7,3,3,6,8,8,9
060770031061,13,13,16,11,14,15,15,16,16,16,19,15,15,15,16,17,15,15,16,14,15,15,15,15,15,15,19,14,15,17,18,18,15,16,16,18,19,15,15,15,14,14,17,13,13,13,15,17,18,13,17,17,10,14,14,14,15,18,15,16,17,18,18,17,17,18,12,13,13,13,15,17,17,17,15,16,20,13,14,15,12,15,17,10,14,15,15,15,14,15,15,19,20,12,16,17,15,15,15,11,12,12,12,12,13,13,14,14,15,13,13,15,13,17,17,14,15,17,13,13,14,15,17,14,14,15,17,17,14
060770031062,10,10,13,9,12,12,13,14,12,13,13,12,12,13,14,15,12,13,14,12,12,12,12,12,13,13,17,11,11,12,14,15,13,13,13,15,17,12,12,12,11,11,14,10,10,11,12,13,16,12,15,15,12,12,17,12,15,15,10,11,12,13,14,6,12,15,10,10,10,10,12,14,14,15,13,13,17,10,11,12,12,13,15,12,12,12,12,17,8,10,12,14,16,9,13,14,12,12,12,9,9,10,10,10,11,11,12,12,12,11,12,12,10,14,14,11,11,12,11,11,12,12,14,11,12,13,14,14,11
060770031063,12,13,15,11,12,15,15,15,15,15,18,14,14,14,15,16,13,14,16,14,14,15,13,13,14,15,15,13,13,14,15,16,10,14,14,17,18,15,15,15,13,13,16,12,12,13,16,17,18,12,16,16,10,14,14,9,13,16,16,16,16,17,18,15,16,17,12,12,13,14,14,16,16,16,15,15,19,11,13,15,15,15,16,10,13,13,14,14,10,13,15,16,18,11,15,16,14,14,14,12,12,12,12,13,13,14,14,14,16,12,13,14,13,16,17,13,13,15,13,13,13,14,16,12,13,15,16,16,13
060770031081,12,12,15,10,13,14,15,15,13,15,15,14,14,15,16,16,14,14,15,14,14,14,14,14,14,14,18,14,15,17,17,17,14,15,15,16,18,14,14,14,13,13,16,12,12,13,11,11,18,12,16,16,9,14,17,14,17,17,11,13,14,15,16,8,14,16,12,12,12,12,14,16,16,16,14,15,19,12,13,14,14,14,16,14,14,14,14,14,10,14,15,18,19,11,15,16,14,14,14,11,11,12,12,12,13,13,13,13,14,12,14,14,12,16,16,13,13,14,12,13,13,13,16,13,13,14,16,16,13
060770031082,12,12,14,12,14,14,15,16,13,14,14,13,13,13,15,16,13,14,15,13,13,14,13,13,14,14,19,12,13,14,15,17,14,14,14,15,18,14,14,14,12,12,15,11,11,12,12,14,17,12,16,16,13,14,17,13,16,16,11,13,14,15,16,7,15,16,11,12,12,13,14,15,16,16,14,14,18,12,12,14,14,16,16,12,13,13,14,18,9,14,15,18,18,11,15,16,13,13,13,10,11,11,11,11,12,13,13,13,14,12,13,13,12,15,16,12,13,14,12,13,13,13,15,12,12,14,15,15,13
060770031083,11,11,14,12,14,14,15,16,13,14,14,13,13,13,15,16,13,14,15,13,13,13,13,13,14,18,18,9,12,13,13,14,14,14,14,15,18,13,13,13,12,12,15,11,11,12,14,17,17,12,16,16,13,13,17,13,16,16,11,12,14,15,15,7,15,16,11,11,11,11,13,15,15,15,14,14,18,12,12,13,13,15,16,12,13,13,14,18,9,13,15,17,18,10,14,15,13,13,13,10,10,11,11,11,11,12,13,13,13,12,13,13,11,15,15,12,12,13,12,12,13,13,15,12,12,13,15,15,12
060770031091,11,13,14,10,13,14,14,16,12,14,14,13,13,13,15,16,12,13,14,13,13,15,13,14,14,18,18,9,12,13,13,16,14,14,14,15,17,13,13,13,12,12,15,11,11,12,12,17,17,12,16,16,8,13,17,15,16,17,11,14,15,15,16,7,9,16,11,11,11,11,13,15,15,15,13,14,18,12,12,13,10,16,16,13,13,14,16,18,9,12,13,15,18,10,14,15,13,13,13,11,11,11,11,11,12,13,13,13,15,12,13,13,11,15,15,12,12,13,11,12,13,13,13,12,12,12,13,15,12
060770031092,13,15,15,10,10,11,14,15,11,15,15,14,14,14,15,16,10,12,12,12,13,16,12,14,14,15,18,10,13,14,14,17,10,12,13,13,18,14,14,14,13,13,16,12,12,13,13,14,17,10,13,13,9,12,15,13,14,16,14,15,15,15,17,8,10,16,12,12,12,12,13,14,14,14,12,14,19,10,11,14,14,14,16,9,13,14,14,18,10,12,14,17,18,10,15,16,14,14,14,10,11,11,11,11,12,13,13,13,13,11,12,14,12,16,16,13,13,14,12,13,13,13,16,10,11,13,14,16,13
060770031093,16,16,17,8,9,11,12,16,9,11,16,15,15,15,17,18,8,10,11,13,15,17,10,15,15,16,19,11,11,12,15,15,10,10,11,11,19,13,13,13,14,14,17,13,13,14,11,12,15,8,11,11,10,10,13,11,12,16,11,12,13,16,17,9,12,19,13,13,13,13,15,12,12,12,10,15,20,8,9,15,12,15,16,10,11,12,15,19,10,10,15,15,19,8,16,18,12,12,12,11,12,12,12,13,13,14,14,15,17,12,14,15,13,17,17,14,14,15,13,14,15,15,17,9,9,11,15,16,14
060770031094,12,14,15,10,11,14,14,15,12,15,15,14,14,14,15,16,13,13,15,14,14,14,13,13,14,14,19,10,13,13,14,17,13,13,13,14,19,14,14,14,13,13,16,12,12,13,15,15,18,11,14,14,13,13,16,12,14,15,11,13,15,15,16,8,16,16,11,12,12,12,14,15,15,15,14,14,19,11,12,14,11,14,17,12,12,14,14,18,10,13,14,15,18,11,15,16,14,14,14,11,11,11,12,12,13,13,13,14,14,12,14,14,12,16,16,13,13,14,12,13,13,13,16,11,12,14,15,15,13
060770031102,13,17,17,6,9,9,13,14,7,13,16,14,15,16,16,16,8,8,8,16,19,19,8,8,16,17,21,9,11,13,17,18,8,9,9,9,11,11,11,11,15,16,18,14,14,15,10,11,13,6,9,9,8,11,12,10,10,14,9,11,11,16,18,10,11,17,15,15,16,16,16,10,10,10,8,17,22,6,7,17,10,13,17,7,10,16,17,21,9,13,13,17,20,8,16,17,10,10,10,13,13,13,14,14,14,14,15,16,16,13,14,15,14,17,18,14,16,17,15,15,16,16,18,6,7,10,14,17,15
060770031103,13,16,17,6,9,9,13,14,7,13,16,14,15,16,17,17,8,8,8,16,18,18,8,16,17,18,21,9,11,13,18,20,8,8,9,9,11,11,11,11,15,15,18,14,14,15,10,11,13,6,9,9,8,11,12,9,9,10,9,11,11,15,18,9,10,16,14,15,16,16,16,10,10,10,8,17,22,6,7,16,10,13,18,7,9,16,17,21,9,13,13,16,18,8,16,17,10,10,10,12,13,13,14,14,14,14,15,16,16,13,14,15,13,16,17,14,15,17,15,15,16,16,18,6,6,10,14,17,15
060770031111,12,14,15,8,9,11,15,16,9,15,15,14,14,14,16,17,9,10,11,13,14,14,11,15,16,19,20,11,11,14,15,17,10,10,11,12,18,14,14,14,13,13,16,12,12,13,12,15,18,9,11,11,10,12,14,10,12,12,12,13,16,16,18,8,10,19,12,13,13,13,15,12,12,12,10,11,19,8,10,15,11,15,17,10,13,14,15,19,10,10,15,15,18,8,15,16,12,12,12,11,12,12,12,12,13,13,14,14,14,13,13,14,13,16,17,13,13,15,13,13,14,14,14,9,9,11,15,16,14
060770031112,13,15,16,5,7,9,14,15,7,16,16,14,14,14,15,17,6,7,8,13,14,16,14,15,15,19,19,8,9,9,14,14,8,8,8,9,18,11,11,11,13,14,16,12,12,13,9,12,18,6,9,9,9,10,11,7,9,9,9,10,15,16,16,7,8,16,12,12,12,13,14,10,10,10,7,15,19,5,7,14,8,13,14,7,10,15,16,19,7,7,13,14,18,6,15,16,10,10,10,10,11,12,12,12,12,12,13,14,14,12,12,13,12,16,17,13,13,14,13,13,14,14,16,6,6,9,14,15,15
060770031121,10,10,13,8,9,11,12,13,13,13,16,12,12,12,13,14,10,11,13,12,12,12,10,10,13,13,17,11,12,12,12,15,8,11,11,15,17,12,12,12,11,11,14,10,10,11,9,12,15,9,12,12,7,7,12,7,10,12,12,13,14,15,15,12,14,15,10,10,10,10,12,12,12,12,11,13,17,8,10,12,9,12,13,7,10,10,12,13,8,10,12,14,16,8,13,14,12,12,12,9,10,10,10,10,11,11,11,12,12,10,12,12,10,14,14,11,11,12,11,11,12,12,14,9,11,12,14,14,11
060770031122,11,11,13,8,9,12,12,13,13,13,16,12,13,13,13,14,10,11,14,11,13,13,10,10,13,13,18,12,12,12,13,16,9,11,12,16,17,13,13,13,11,11,14,11,11,12,10,12,13,9,12,12,8,8,13,8,10,12,12,13,14,15,16,14,14,15,10,11,11,11,13,13,13,13,10,12,13,8,10,13,10,13,13,8,10,10,12,13,8,10,10,13,14,9,14,15,13,13,13,10,10,10,10,10,11,12,12,12,13,11,12,12,11,14,15,12,12,13,11,12,12,12,14,9,12,13,14,14,12
060770031131,9,13,14,3,5,6,8,13,4,14,14,12,13,13,13,16,3,4,5,12,13,15,6,14,14,14,18,6,7,7,13,13,6,6,7,12,18,8,8,8,12,13,15,11,11,12,7,7,17,3,8,8,7,8,8,4,8,8,7,8,13,15,15,5,8,15,11,11,11,13,13,7,7,7,6,14,18,2,4,13,7,12,14,5,7,7,13,18,5,6,10,13,17,4,13,14,7,7,7,10,11,11,11,11,11,12,13,13,13,10,10,11,12,14,15,11,12,13,12,12,13,13,13,3,3,7,11,13,12
060770031132,10,13,13,4,5,8,14,14,14,14,17,11,12,13,13,14,6,7,15,12,14,16,6,14,14,15,19,7,7,11,12,14,7,7,8,8,18,10,10,10,12,13,16,12,12,13,8,8,8,5,9,9,8,8,8,6,9,9,8,8,9,10,11,14,15,16,11,12,12,12,14,9,9,9,7,14,19,4,6,14,8,14,15,6,6,9,13,18,6,6,12,14,18,4,15,16,8,8,8,11,11,11,11,13,13,13,14,14,15,12,14,14,13,16,16,12,13,14,12,13,13,13,15,5,5,13,13,14,13
060770031133,11,12,15,6,9,10,13,14,14,14,17,13,14,14,15,15,8,9,14,12,13,13,8,8,9,13,13,9,13,14,14,16,9,9,10,16,18,11,12,12,12,12,15,11,11,11,10,14,15,7,11,11,9,9,10,6,8,8,11,14,14,15,16,13,15,15,11,11,11,12,13,11,11,11,9,10,18,5,8,13,9,13,16,8,8,9,13,13,7,13,13,14,17,6,14,15,10,10,10,10,10,10,11,11,12,12,12,13,13,11,11,13,11,15,15,12,12,13,11,12,12,13,15,7,9,13,15,15,12
060770031134,11,11,13,6,10,10,13,15,13,13,16,12,13,13,14,15,8,9,14,12,13,13,8,8,10,13,13,9,12,13,14,16,9,9,9,16,17,11,12,12,11,11,14,11,11,12,11,14,16,7,10,10,8,10,10,6,8,8,11,14,14,15,16,15,15,16,10,11,11,12,13,11,11,11,8,10,10,5,8,13,9,13,13,8,8,8,11,12,7,8,13,13,14,6,14,15,10,10,10,9,10,10,10,10,11,12,12,12,13,11,11,12,11,14,15,12,12,13,11,11,12,12,14,7,9,13,15,15,12
060770031141,12,12,14,9,12,14,15,15,14,14,17,11,14,14,14,16,13,14,15,13,13,16,10,13,13,14,18,13,14,15,16,17,13,14,14,17,18,14,14,14,13,13,16,12,12,12,11,13,18,11,15,15,9,9,13,9,13,16,13,14,15,15,16,16,16,17,11,12,12,12,14,15,15,15,14,14,19,10,12,14,11,11,16,12,12,13,14,14,14,14,16,18,18,11,15,16,13,13,16,10,11,11,11,11,11,11,13,13,13,12,14,14,12,16,16,13,14,16,12,12,13,14,15,12,13,14,15,15,13
060770031142,11,11,13,11,13,13,14,14,14,14,17,11,13,13,13,15,12,13,14,12,13,15,12,13,13,13,17,13,14,14,16,16,12,13,13,16,17,13,13,13,12,12,15,11,11,11,10,12,15,10,14,14,8,8,12,8,12,12,10,12,13,14,16,15,15,16,10,11,11,11,13,14,14,14,13,14,18,9,11,13,10,13,13,12,12,13,13,13,11,13,13,17,18,10,14,15,13,13,13,9,10,10,10,10,10,11,12,12,12,11,11,13,11,15,15,12,13,15,11,11,12,13,14,11,12,13,14,14,12
060770031143,13,14,16,10,13,15,16,16,11,13,19,15,15,16,17,17,11,12,16,15,15,17,11,11,14,16,20,15,15,15,16,17,12,13,14,19,19,14,14,15,14,14,17,13,13,13,13,14,15,10,11,15,11,11,13,10,11,17,14,16,17,18,19,15,16,16,13,13,13,13,15,14,14,14,12,13,20,9,11,15,12,13,17,11,11,14,15,16,11,11,15,15,17,9,16,17,13,13,15,11,12,12,12,13,13,14,15,15,15,12,15,15,13,17,17,14,15,17,14,14,15,15,17,10,12,15,17,18,14
060770031144,12,13,14,9,12,12,14,15,10,12,18,14,14,14,16,16,10,11,15,13,14,16,10,13,14,14,18,11,13,14,14,19,11,12,13,18,18,13,13,13,13,13,16,12,12,12,14,18,19,9,9,14,9,12,18,9,10,16,13,13,14,16,17,14,15,15,11,12,12,12,13,13,13,13,10,13,19,8,10,14,11,12,16,10,10,12,12,14,9,11,14,15,17,8,15,16,12,12,13,10,11,11,11,12,12,13,13,13,14,12,12,14,12,16,16,13,14,15,12,13,13,14,16,9,11,14,15,17,13
060770032031,15,17,17,10,12,12,12,14,11,12,16,16,17,17,17,18,11,12,12,15,16,18,12,13,16,16,17,12,13,16,17,20,12,12,12,13,14,15,15,15,15,15,18,14,14,15,14,14,16,10,12,12,11,12,14,11,12,14,12,13,14,14,17,12,14,17,14,14,14,15,16,13,14,14,12,16,21,10,11,16,17,18,18,11,12,16,16,20,12,16,16,16,17,10,16,17,14,14,14,12,13,13,13,14,14,14,15,16,16,13,14,16,15,16,18,15,15,16,14,16,16,16,18,10,11,14,16,17,15
060770032032,14,16,17,11,12,14,15,16,11,13,16,15,15,15,16,18,13,14,14,13,15,17,15,16,16,16,20,11,14,14,15,17,11,14,14,14,14,15,15,15,14,14,17,13,13,14,14,15,16,12,14,14,10,14,16,14,16,17,12,14,16,16,19,11,15,18,13,13,13,14,15,15,15,16,14,16,21,12,13,15,16,16,18,10,15,15,15,19,11,14,15,18,19,12,16,17,16,16,16,11,12,12,12,12,13,14,14,15,15,13,14,15,13,17,17,14,14,15,14,14,15,15,17,12,12,14,15,17,14
060770032051,16,17,17,10,12,13,13,14,12,13,16,16,16,16,17,18,12,12,13,16,16,18,12,16,17,17,21,12,14,17,17,20,12,12,12,13,15,15,15,15,15,15,18,14,14,15,15,15,16,11,12,12,13,14,18,12,12,14,13,14,14,14,18,13,13,16,14,14,14,15,16,13,14,14,13,17,22,10,12,17,15,17,19,12,12,15,17,21,11,14,16,16,21,12,16,17,14,14,14,13,13,14,14,14,14,15,16,16,16,14,15,16,17,17,20,15,15,16,15,15,16,16,18,11,11,15,17,17,15
060770032052,15,16,16,12,12,13,14,16,12,14,16,15,15,15,17,17,15,15,15,15,17,18,15,16,16,16,16,11,14,16,19,19,11,14,15,15,15,16,16,16,14,14,17,13,13,14,14,15,18,13,14,14,11,15,16,13,14,16,13,14,15,17,19,12,16,19,13,13,13,13,14,16,16,16,15,16,21,13,14,16,16,17,18,14,15,16,16,20,14,15,17,18,18,12,16,18,15,15,15,12,12,13,13,13,13,14,15,15,17,13,14,15,15,16,18,14,14,16,14,14,15,15,17,13,14,14,16,17,14
060770032053,15,16,17,10,10,11,13,14,12,14,15,16,16,16,17,17,12,13,13,17,17,20,12,15,15,16,21,13,14,15,16,20,11,12,13,13,15,14,14,14,16,18,19,15,15,16,12,15,16,11,11,11,13,13,17,11,13,14,13,13,14,15,18,13,14,16,15,16,16,17,18,13,13,13,12,14,22,10,12,18,16,17,20,12,12,15,18,21,13,14,15,18,20,13,15,18,13,13,13,14,14,15,15,15,15,15,17,17,18,15,17,18,17,18,19,16,16,17,16,16,17,17,19,11,11,15,16,18,17
060770032081,17,19,19,14,15,16,17,17,14,16,18,16,18,18,19,19,17,19,20,18,18,20,16,17,19,19,22,14,16,17,17,21,14,15,17,18,19,18,18,18,17,17,19,16,16,17,17,17,18,16,16,17,13,18,19,16,16,18,16,17,19,20,20,14,16,17,16,16,16,17,18,19,19,19,17,18,24,17,18,18,15,17,20,15,18,19,19,22,17,17,18,19,21,15,16,19,18,18,18,15,15,16,16,16,16,17,18,18,18,15,17,18,17,18,21,16,17,17,17,17,18,18,20,17,18,18,18,19,17
060770032082,17,18,18,14,14,14,16,16,14,15,16,15,15,17,18,19,15,16,17,19,19,21,14,15,16,16,21,14,16,17,20,20,14,15,15,16,16,18,18,18,18,18,18,18,18,18,15,15,21,14,14,14,16,17,17,13,17,18,16,17,17,17,17,15,16,16,17,17,18,18,18,16,16,16,14,18,21,14,15,20,16,17,19,14,15,15,20,21,15,17,17,19,20,14,17,18,16,16,16,17,17,17,17,17,18,18,19,19,19,18,19,20,19,19,20,15,16,20,18,19,19,19,21,15,15,17,18,18,19
060770032083,18,20,20,14,14,15,16,16,15,16,18,18,18,18,20,21,16,16,17,18,18,21,16,18,19,19,23,15,18,19,19,23,15,16,16,17,17,19,19,19,18,18,21,17,17,18,17,18,20,15,16,16,16,18,20,16,17,18,16,17,17,18,21,15,17,18,17,17,17,18,18,17,17,17,16,18,24,14,16,19,16,19,22,16,16,17,19,23,17,18,19,19,23,16,18,21,18,18,18,16,16,16,16,16,17,18,18,18,19,16,17,19,18,19,21,18,18,18,17,18,18,18,21,15,15,19,19,21,18
060770032084,17,19,19,12,12,14,14,14,14,14,16,17,17,17,18,19,14,14,15,17,17,19,14,16,17,18,22,13,16,16,17,21,13,14,14,15,15,17,17,17,16,16,19,15,15,16,15,17,18,13,14,14,15,16,18,14,15,16,15,15,15,16,19,13,15,16,15,15,15,16,17,15,16,16,15,16,23,12,14,17,14,17,20,14,14,15,18,22,15,16,17,17,21,14,16,18,16,16,16,14,14,15,15,15,15,17,17,17,17,15,16,17,17,17,20,16,16,16,16,16,17,17,19,13,13,17,18,19,16
060770032091,17,17,18,13,13,14,16,17,14,15,16,16,16,18,18,19,15,16,16,19,19,21,15,15,15,16,21,15,16,16,19,20,14,14,15,15,16,17,17,17,18,18,19,17,17,18,16,17,21,14,14,14,15,16,17,12,16,16,16,16,16,16,17,15,16,17,17,17,17,18,18,15,16,16,15,17,25,13,15,19,16,17,19,15,15,15,20,21,14,16,16,16,20,15,16,18,16,16,16,16,16,17,17,17,17,17,17,18,18,18,20,20,19,20,21,15,18,22,18,18,19,19,21,14,14,17,19,19,18
060770032092,17,18,19,13,13,13,16,17,14,15,16,16,17,18,18,19,15,15,16,19,19,22,15,15,15,16,21,15,15,16,20,20,14,14,15,15,16,17,17,17,19,20,20,18,18,20,16,17,21,13,13,13,15,16,17,12,16,17,16,16,16,16,16,15,16,18,18,18,18,18,18,15,15,15,15,17,25,13,14,20,16,17,20,14,14,15,20,21,14,16,16,17,20,15,16,18,15,15,15,17,17,17,17,17,17,17,18,18,19,18,19,20,19,20,20,16,19,21,18,19,19,19,21,14,14,17,19,19,19
060770032093,17,17,18,11,12,12,15,16,13,15,15,16,17,17,18,18,13,14,14,17,19,21,14,15,16,17,22,15,15,15,17,21,13,13,14,15,15,16,16,16,19,19,19,17,17,18,13,16,17,12,12,12,14,14,18,11,12,15,14,14,15,16,19,14,16,16,17,17,17,18,19,14,14,14,14,15,24,12,13,19,16,17,20,13,13,15,19,22,15,16,16,19,20,14,15,19,15,15,15,16,16,16,16,16,16,17,18,18,19,17,18,19,18,19,20,16,18,18,17,18,18,18,21,12,12,16,18,19,18
060770032101,17,18,19,14,16,17,18,19,14,17,19,18,18,18,19,20,18,18,19,16,18,20,18,19,19,19,22,14,17,18,21,21,14,18,18,18,18,18,18,18,17,17,20,16,16,17,17,18,18,17,17,17,13,18,20,16,18,20,15,17,19,20,21,14,19,21,16,16,16,16,18,19,19,19,18,18,23,16,17,18,19,20,20,13,18,18,19,22,14,17,18,19,22,15,19,20,18,18,18,14,15,15,15,15,16,17,18,18,20,15,16,18,17,20,20,17,17,18,16,17,18,18,20,17,17,17,18,20,17
060770032102,15,16,16,12,12,12,14,16,12,14,17,15,16,16,17,18,14,14,15,15,15,18,14,16,16,17,20,11,16,16,19,19,12,14,14,15,17,16,16,16,14,14,18,14,14,15,15,16,18,13,14,14,11,14,16,13,14,16,13,15,16,16,17,12,15,18,14,14,14,14,15,15,15,15,14,16,21,12,14,16,13,16,18,14,14,16,17,20,13,15,16,18,20,13,17,17,16,16,16,12,13,13,13,13,13,13,15,15,15,13,14,15,15,16,18,15,15,16,14,15,15,15,17,13,13,14,16,18,15
060770032131,16,17,18,13,15,17,18,19,13,16,17,16,17,17,18,19,16,16,17,15,16,17,17,17,17,17,21,12,15,16,17,18,13,17,18,18,18,17,17,17,15,15,19,15,15,16,16,16,20,15,19,19,12,17,21,14,19,19,14,16,18,19,20,13,19,21,15,15,15,15,15,19,19,19,17,17,22,15,15,17,16,17,19,12,16,17,17,21,13,15,15,17,21,14,18,19,16,16,16,13,14,14,14,14,15,16,16,16,18,15,15,16,15,19,19,16,16,17,15,16,16,16,18,15,15,15,17,18,16
060770032132,18,19,19,15,15,15,16,17,15,16,19,18,18,18,20,21,17,17,17,18,20,20,17,19,19,19,23,14,18,19,20,22,14,16,17,17,17,18,18,18,17,17,20,16,16,17,17,19,20,15,16,16,13,17,18,16,16,18,16,17,19,20,20,14,18,20,16,16,16,16,18,18,18,18,17,19,24,15,16,18,19,20,21,13,17,19,19,23,18,20,20,20,22,15,19,19,18,18,18,14,15,16,16,16,16,17,18,18,20,16,17,18,17,19,20,17,17,18,17,17,18,18,20,16,16,17,18,21,17
060770032133,16,17,17,13,13,14,16,17,13,16,17,16,16,16,18,18,16,16,17,16,18,18,16,17,17,17,21,12,15,17,19,20,12,16,16,16,17,16,16,16,15,15,18,14,14,15,15,16,20,15,16,16,11,16,18,14,16,18,14,15,17,18,18,12,17,19,14,14,14,14,16,17,17,17,16,17,22,14,16,16,17,18,19,11,16,17,17,21,16,18,20,20,20,13,17,19,16,16,16,12,13,14,14,14,14,15,16,16,18,14,15,16,16,17,19,15,15,16,15,16,16,16,18,15,15,15,16,18,15
060770032134,16,17,18,13,16,18,18,19,13,18,18,16,17,17,18,18,16,18,19,15,16,19,17,17,17,18,18,13,16,17,19,20,13,18,18,18,19,17,17,17,16,16,19,15,15,16,16,17,19,17,18,18,12,18,20,15,18,20,14,16,18,20,20,13,19,19,15,15,15,16,16,19,19,19,17,18,22,16,16,17,18,19,19,12,17,17,18,21,13,16,17,18,22,14,18,19,17,17,17,13,14,14,14,15,15,16,16,16,18,14,15,17,16,17,19,16,16,17,15,16,16,16,19,16,17,17,17,19,16
060770032141,16,17,17,13,13,16,17,17,13,17,17,16,17,17,18,18,16,18,18,16,19,19,17,17,17,17,18,12,16,17,20,20,13,17,18,18,18,17,17,17,15,15,19,15,15,16,16,16,18,16,17,17,12,18,19,14,17,19,14,16,18,20,20,13,19,20,15,15,15,15,16,19,19,19,17,18,22,16,17,17,17,19,19,12,17,17,18,21,13,15,17,18,20,14,18,19,16,16,16,13,14,14,14,14,14,16,16,16,18,14,15,16,16,17,19,16,16,17,15,16,16,16,18,15,16,17,17,18,16
060770032142,18,19,19,15,15,16,18,18,15,17,19,18,18,18,20,20,18,18,19,18,21,21,18,19,19,19,23,14,18,19,21,22,15,18,18,18,18,19,19,19,17,17,20,17,17,18,18,18,20,17,18,18,14,18,20,16,18,20,16,18,19,20,21,15,19,20,16,17,17,17,17,19,19,19,18,19,24,16,18,19,19,20,21,14,18,19,19,23,17,19,20,21,21,16,19,20,18,18,18,15,15,16,16,16,16,18,18,18,20,16,17,18,18,19,21,18,18,19,17,17,18,18,20,17,17,17,19,20,18
060770032151,17,17,20,15,18,19,20,21,18,20,20,19,19,19,20,21,19,19,20,18,19,19,19,19,23,23,24,15,18,18,19,19,19,20,20,20,23,19,19,19,18,18,21,17,17,18,18,22,23,17,21,21,18,19,22,21,21,22,16,18,20,20,20,13,21,21,16,17,17,17,19,21,21,21,19,20,24,17,18,19,21,21,22,18,18,19,19,23,15,18,19,20,23,16,20,21,19,19,19,16,16,16,17,17,17,18,18,18,19,17,19,19,17,21,21,18,18,19,17,18,18,18,21,18,18,18,19,21,18
060770032152,12,13,14,10,12,14,14,16,13,14,14,13,13,13,15,16,13,14,15,13,14,14,13,14,14,18,19,9,12,13,14,17,14,14,14,15,18,14,14,14,12,12,15,12,12,13,13,17,18,12,16,16,13,14,17,15,16,16,11,14,15,15,17,7,15,16,11,11,12,12,14,16,16,16,14,14,18,12,12,14,16,16,16,13,13,14,16,18,9,14,15,18,18,11,15,16,13,13,13,10,10,11,11,11,13,13,13,14,15,12,13,13,12,15,16,13,13,14,12,12,13,13,15,12,12,12,14,15,13
060770032153,13,14,16,11,12,14,15,16,14,16,16,15,15,15,16,18,14,15,16,15,15,15,16,16,20,20,20,11,14,14,15,17,15,16,16,17,19,15,15,15,14,14,17,13,13,14,14,15,19,14,18,18,10,15,19,17,18,18,12,16,16,16,18,9,11,18,13,13,13,14,15,17,17,17,15,16,20,14,14,15,15,17,18,10,15,16,18,19,11,15,16,19,20,12,16,17,15,15,15,11,12,12,13,13,13,13,14,14,15,13,14,15,13,17,17,14,14,15,13,14,15,15,15,14,14,14,15,17,14
060770032161,14,15,16,11,13,15,16,17,11,15,15,14,15,15,16,17,15,15,16,13,14,17,15,15,15,15,19,10,14,15,16,18,11,15,15,15,16,15,15,15,13,13,16,13,13,14,14,14,16,14,15,15,10,16,17,12,15,17,12,14,16,17,18,11,16,17,13,13,13,13,14,17,17,17,15,16,20,14,15,15,14,15,19,10,15,15,15,19,11,13,15,19,19,12,16,17,14,14,14,11,12,12,12,12,12,14,14,14,14,13,13,14,13,16,17,14,14,15,13,14,14,14,16,13,14,14,15,16,14
060770032162,14,15,16,11,13,15,16,17,11,14,15,14,15,15,16,17,14,14,15,13,14,15,15,15,15,15,19,10,13,14,15,16,11,15,16,16,16,15,15,15,13,13,17,13,13,14,14,14,18,13,17,17,10,15,20,12,17,18,14,16,16,17,18,11,17,19,13,13,13,13,13,17,17,17,15,15,20,13,13,15,14,15,15,10,14,15,15,19,11,13,15,16,19,12,16,17,14,14,14,11,12,12,12,12,13,14,14,14,14,13,13,14,13,17,17,14,14,15,13,14,14,14,16,13,13,13,15,16,14
060770032171,12,14,14,9,12,13,14,16,12,14,14,13,13,13,14,16,12,13,13,11,13,15,13,13,13,17,17,9,12,12,13,15,9,14,14,15,17,13,13,13,12,12,15,11,11,12,12,13,17,11,16,16,8,13,18,15,16,16,12,14,14,14,16,7,15,17,11,11,11,12,13,15,15,15,13,13,18,11,12,13,13,13,15,8,13,13,13,17,9,12,13,14,18,10,14,15,13,13,13,9,10,10,10,11,11,12,12,12,12,11,11,13,11,15,15,12,12,13,11,12,12,12,13,12,12,12,13,15,12
060770032172,12,13,15,10,10,13,14,15,13,15,15,14,14,14,15,16,13,14,14,13,14,16,14,14,18,18,19,10,13,13,14,16,14,16,16,16,18,14,14,14,13,13,16,12,12,13,13,14,17,12,16,16,9,14,18,16,16,17,11,15,15,15,17,8,10,16,12,12,12,12,12,17,17,17,14,14,19,12,13,14,13,16,17,9,14,14,17,18,10,13,14,15,20,11,15,16,14,14,14,10,11,11,11,11,11,13,13,14,15,12,12,14,12,16,16,13,13,14,12,12,13,13,13,12,13,13,14,15,13
060770033051,11,12,14,6,7,7,11,16,8,13,16,11,12,14,14,17,9,9,14,16,16,18,8,9,13,14,15,8,8,9,10,16,8,8,12,13,14,10,10,10,12,13,17,12,13,13,7,10,10,6,6,7,8,12,15,5,8,11,9,9,9,9,9,7,12,13,13,13,13,14,15,8,8,8,10,20,23,7,9,18,10,12,15,8,8,13,18,19,9,10,13,19,19,10,13,14,8,8,8,13,14,14,15,15,15,16,16,17,17,11,12,13,12,13,14,14,14,17,15,15,16,16,16,7,7,10,11,18,14
060770033052,10,12,14,6,6,7,11,15,8,13,15,11,12,14,14,17,8,8,9,15,15,18,8,9,13,14,14,8,9,12,16,18,8,8,12,13,13,9,9,9,13,13,17,12,12,12,7,10,10,6,6,7,7,12,15,4,7,10,8,8,9,9,12,7,11,13,13,13,13,14,16,7,8,8,7,10,23,7,8,17,10,12,18,8,8,8,13,19,8,10,13,18,19,10,13,14,8,8,8,13,13,14,14,14,15,15,15,16,16,11,12,12,12,13,14,14,14,16,15,15,15,15,16,7,7,9,11,18,13
060770033053,10,11,11,5,7,10,12,14,7,14,14,11,13,15,15,16,7,8,8,15,15,15,8,14,14,15,18,8,12,13,15,19,6,6,7,13,13,9,9,9,12,13,18,12,12,13,10,10,10,6,7,7,9,13,16,7,7,10,8,8,8,12,17,8,11,14,13,13,13,13,16,7,7,7,9,17,21,5,7,17,14,15,18,7,7,8,13,20,9,11,11,17,18,9,13,14,8,8,8,13,13,13,13,13,14,14,16,16,16,10,12,13,14,14,15,11,14,16,15,15,16,16,19,6,6,9,11,17,13
060770033061,13,14,15,8,9,9,14,17,10,13,17,13,13,14,14,14,11,11,14,17,18,18,10,12,13,13,14,10,11,11,12,18,11,11,13,14,16,12,12,12,15,15,17,15,15,15,9,12,12,8,8,9,11,15,16,7,11,13,11,11,11,11,11,10,14,14,15,16,16,16,16,10,10,10,12,20,23,9,11,20,12,14,14,10,10,15,19,20,11,15,18,18,21,12,13,16,11,11,11,16,16,16,16,16,17,17,17,18,18,13,14,15,14,15,16,12,13,16,17,18,18,18,18,10,10,12,14,17,16
060770033062,12,13,15,6,8,8,12,16,9,14,16,11,14,15,15,18,10,10,14,17,17,18,9,10,14,14,15,9,9,10,11,17,9,9,13,13,15,10,11,11,13,14,17,13,13,13,7,10,11,6,6,8,13,16,16,6,9,12,10,10,10,10,10,8,13,14,13,14,14,15,16,9,9,9,11,20,24,8,10,19,10,13,15,9,9,14,19,20,10,11,14,19,20,11,13,14,9,9,9,13,15,15,15,16,16,16,17,17,18,12,12,14,13,13,14,10,14,14,15,16,17,17,17,8,8,11,12,18,15
060770033071,13,14,14,9,9,10,13,15,10,15,15,14,16,16,16,18,11,11,11,18,19,21,11,15,15,16,21,11,15,15,16,20,9,9,11,14,16,12,12,12,16,16,18,15,15,16,11,13,13,9,10,10,10,11,17,7,10,13,11,11,12,15,18,11,14,15,16,16,16,16,18,10,11,11,10,12,24,9,10,19,14,16,19,10,11,14,19,21,11,14,14,19,20,12,15,17,11,11,11,15,15,16,16,16,16,16,16,17,18,14,16,16,14,17,18,15,18,18,17,17,18,18,20,10,10,12,15,19,16
060770033072,12,13,17,8,8,9,13,15,9,15,15,14,14,15,16,18,10,10,11,17,19,22,10,15,16,16,21,10,14,15,16,20,8,8,10,15,15,11,11,11,15,15,19,14,14,15,10,11,12,9,9,9,9,10,17,6,10,12,10,10,14,15,19,10,13,16,15,15,15,18,18,9,10,10,9,12,24,8,10,18,13,17,20,10,10,13,15,19,10,11,13,13,19,12,16,16,10,10,10,15,15,15,15,16,16,17,17,18,18,13,15,15,14,16,17,16,17,17,17,17,18,18,21,9,9,11,14,19,15
060770033073,12,13,13,7,7,8,11,13,8,15,15,13,14,16,16,18,9,9,9,17,17,20,9,15,16,17,22,10,13,15,15,21,8,8,9,14,15,11,11,11,14,15,19,14,14,15,9,11,12,7,8,8,9,10,17,8,10,11,9,10,10,14,19,10,12,16,15,15,15,15,18,9,9,9,9,11,22,7,8,19,16,17,20,8,9,15,19,22,8,10,12,12,19,10,15,16,9,9,9,14,15,15,15,15,16,16,16,16,17,12,14,15,13,15,16,13,16,18,17,17,17,18,20,8,8,11,13,20,15
060770033081,9,10,10,3,6,8,12,12,4,12,14,10,11,14,14,15,5,5,6,14,14,18,6,14,14,17,20,7,9,9,14,16,5,5,5,5,10,8,8,8,11,12,18,11,11,12,8,9,20,4,5,5,5,7,11,5,5,12,7,7,10,12,17,7,11,14,12,12,12,12,15,6,6,6,5,16,21,3,5,16,7,14,15,5,12,14,16,20,6,9,9,16,19,6,12,13,7,7,7,12,12,13,13,13,13,13,14,15,15,9,11,12,10,13,13,10,15,15,14,14,14,15,18,4,4,7,10,17,12
060770033101,14,16,17,10,11,11,15,15,12,14,15,15,15,15,16,19,12,12,13,18,19,21,12,14,15,16,20,12,13,14,19,20,10,11,12,14,15,13,13,13,17,17,18,16,16,16,14,14,21,10,10,11,12,12,16,8,12,14,12,12,13,13,15,12,15,15,17,17,17,17,17,12,12,12,11,14,24,11,12,19,14,16,19,12,12,14,20,20,12,13,14,17,19,14,14,17,12,12,12,16,17,17,17,18,18,18,19,19,19,15,16,17,16,17,18,15,18,18,18,18,19,19,20,11,11,13,16,18,17
060770033102,15,15,16,9,11,11,15,17,12,13,17,13,14,14,14,20,13,13,13,17,20,20,12,13,13,14,19,12,13,14,14,20,12,12,14,16,18,14,14,14,15,16,17,15,16,16,13,14,22,9,9,11,13,15,15,9,11,15,13,13,13,13,13,10,13,16,16,16,16,16,17,12,12,12,13,14,19,11,13,21,12,13,17,12,12,16,19,21,12,17,18,18,22,13,14,16,12,12,12,15,16,17,17,18,18,18,19,19,19,15,15,17,16,16,17,12,13,17,18,18,20,20,20,11,11,14,14,17,17
060770033111,15,18,19,11,11,11,16,17,12,15,17,16,16,16,16,20,13,14,16,19,20,20,12,15,15,16,21,13,14,14,15,16,13,13,13,16,18,14,14,14,18,18,19,17,17,17,12,15,22,11,11,12,13,17,18,9,13,15,13,13,13,13,14,13,16,16,18,18,18,18,18,12,13,13,15,15,22,11,13,20,12,15,17,13,13,16,21,21,13,16,18,20,22,15,15,18,13,13,13,17,18,18,19,19,19,19,19,20,20,16,17,17,17,18,19,15,15,19,20,20,20,20,21,12,12,14,16,19,18
060770033112,16,17,18,12,12,12,17,17,13,15,17,16,16,16,16,20,14,14,16,20,21,21,13,16,16,17,22,14,14,15,20,21,12,12,13,15,16,15,15,15,18,18,19,18,18,18,13,16,22,12,12,12,13,14,18,10,14,16,14,14,14,14,14,13,16,17,19,19,19,19,19,13,13,13,13,22,26,12,14,20,16,17,20,13,13,15,21,22,14,16,18,20,22,15,15,19,14,14,14,17,19,19,19,19,20,20,20,20,21,16,18,18,17,19,20,16,19,20,19,19,21,21,21,12,12,15,17,20,19
060770033121,10,12,12,4,5,5,10,14,6,12,14,9,10,13,13,17,7,7,8,15,15,16,7,8,12,12,13,9,11,11,11,17,8,8,10,11,12,9,9,9,11,12,16,11,11,11,8,9,10,4,4,6,7,12,14,2,4,8,8,8,9,11,12,6,10,12,11,12,12,12,14,7,8,8,7,9,22,5,6,17,8,11,16,7,7,11,11,18,6,8,8,8,17,8,11,12,8,8,8,11,12,13,13,13,14,14,15,15,16,10,11,12,11,12,12,12,12,16,13,14,15,15,15,6,6,9,9,16,12
060770033122,8,9,12,3,3,3,8,12,5,12,12,8,9,13,13,15,5,5,6,13,13,15,5,6,12,13,13,7,7,9,10,18,6,6,10,10,12,7,7,7,10,11,16,10,10,11,7,7,8,3,3,4,5,6,14,1,4,7,6,6,7,10,16,5,8,12,10,11,11,12,13,5,6,6,5,7,19,3,5,15,9,13,14,5,5,9,10,18,4,6,7,8,14,7,10,11,6,6,6,10,11,11,12,12,12,12,12,13,13,9,9,10,9,10,11,11,13,14,12,13,13,13,13,4,4,8,9,15,12
060770033123,9,10,12,4,5,5,10,13,6,11,13,9,10,12,12,16,7,7,7,14,14,16,6,11,12,12,17,7,8,11,11,16,6,7,7,10,11,8,8,8,11,11,15,11,11,12,8,8,9,4,4,5,6,7,13,2,4,9,7,7,7,11,15,5,10,11,12,12,12,12,14,6,6,6,6,8,18,5,6,16,11,13,14,6,6,7,11,17,6,8,8,8,16,8,11,12,7,7,7,11,12,12,12,13,13,13,13,14,15,9,10,10,10,11,12,12,12,15,13,13,14,14,14,5,6,8,9,16,12
060770033131,10,11,12,4,6,6,10,15,7,11,15,9,10,12,13,17,8,8,12,14,16,16,9,11,12,13,19,8,8,9,10,16,8,8,10,11,12,9,9,9,11,12,15,11,11,11,5,8,10,4,4,6,8,12,14,3,4,8,8,8,8,8,9,6,11,12,12,12,13,14,15,7,8,8,9,18,22,6,7,18,8,12,16,7,11,12,18,18,7,8,8,16,17,9,11,12,8,8,8,11,13,14,15,15,16,16,16,16,17,10,11,12,11,11,12,8,12,12,13,14,16,16,16,6,6,9,10,16,12
060770033132,10,10,11,3,5,5,10,14,6,12,14,8,11,16,17,17,7,7,8,13,15,15,7,8,12,12,18,7,8,9,9,15,8,8,10,11,12,9,9,9,10,11,16,10,10,10,4,7,9,3,3,6,7,12,13,1,3,9,8,8,9,9,10,5,10,12,11,11,12,13,15,7,7,7,9,19,21,5,7,17,7,8,16,7,11,17,18,18,6,7,10,16,17,9,10,11,8,8,8,10,12,14,14,15,15,15,15,15,16,9,10,12,10,11,11,11,11,16,12,13,15,15,15,6,6,9,9,15,11
060770034031,16,16,18,12,13,13,18,21,14,15,21,15,15,16,16,22,14,16,16,20,20,20,14,14,15,16,20,14,15,16,17,20,15,16,16,19,21,16,16,16,16,17,18,16,17,19,11,14,17,10,10,14,16,16,16,11,12,16,14,14,16,16,16,11,14,19,16,17,18,18,21,13,13,13,14,20,24,14,15,22,14,15,18,15,15,15,20,20,13,19,20,22,23,14,17,17,16,16,16,17,17,18,20,20,21,21,21,21,23,16,18,19,17,17,18,13,18,21,19,19,21,21,21,14,14,15,17,18,18
060770034032,16,17,18,12,14,14,18,20,14,15,20,15,16,16,19,22,15,15,16,20,20,21,14,15,15,16,21,14,15,15,17,20,15,15,15,20,21,16,16,16,17,18,18,17,17,20,11,14,17,10,10,14,15,15,16,11,13,16,15,15,15,15,16,12,15,18,17,17,17,18,22,14,14,14,14,21,24,14,15,23,16,19,19,15,15,19,20,23,13,19,20,23,24,14,17,17,15,15,15,17,17,19,21,21,22,22,22,22,23,16,18,19,17,18,18,14,18,22,19,20,22,22,22,14,14,16,17,18,18
060770034033,15,15,17,11,13,13,18,20,13,13,20,14,14,15,15,21,13,15,15,19,19,19,13,13,14,16,19,13,14,15,16,19,14,14,15,19,20,15,15,15,16,16,17,16,16,19,10,13,16,9,9,13,15,15,15,11,12,15,13,13,15,15,15,10,13,18,15,17,17,18,22,12,13,13,13,19,23,13,14,21,13,17,17,14,14,15,18,19,12,13,18,21,22,13,15,17,15,15,15,16,16,21,21,22,22,22,22,22,22,15,17,18,16,16,17,12,13,17,18,19,20,20,20,14,14,14,16,17,17
060770034041,12,14,15,8,14,14,15,18,9,9,18,10,11,14,15,15,10,16,17,14,17,17,9,10,16,17,17,9,9,11,15,16,9,15,15,15,16,16,16,16,13,13,14,13,14,15,10,12,18,11,11,15,16,16,16,9,12,13,15,15,17,17,17,10,12,16,12,12,12,13,13,14,14,14,9,16,20,14,16,18,14,14,15,15,16,16,17,18,11,14,16,18,19,9,14,16,16,16,20,13,13,16,16,16,16,17,17,17,17,14,15,15,14,14,15,10,15,15,14,15,15,16,16,12,13,15,15,18,14
060770034042,12,14,16,8,15,15,17,18,10,10,18,10,16,16,17,18,10,17,17,14,17,17,10,10,16,17,18,10,10,11,17,18,9,15,15,16,17,17,17,17,13,14,14,14,14,15,11,12,18,11,11,15,16,16,17,9,13,14,15,15,17,17,18,10,13,17,13,13,13,13,14,15,15,15,10,17,20,15,16,18,14,14,15,13,16,16,16,19,15,16,16,19,20,10,14,19,17,17,20,13,13,16,16,16,17,17,17,17,17,14,15,16,15,15,15,10,15,15,14,16,16,16,16,13,14,16,16,18,15
060770034043,12,14,15,8,13,13,18,18,10,10,18,10,11,12,16,16,10,15,16,14,17,17,10,10,15,16,16,10,15,15,18,18,14,14,15,16,17,16,16,16,13,14,14,14,14,14,11,11,17,10,10,14,12,15,16,9,11,12,14,14,16,16,16,10,11,19,13,13,13,14,17,13,13,13,10,17,20,13,15,18,11,14,14,15,15,16,16,16,11,11,13,15,20,10,15,17,15,15,20,13,14,14,16,16,17,17,17,17,17,14,14,16,15,15,15,12,15,15,14,15,16,16,16,13,14,14,14,17,15
060770034044,15,18,18,11,15,15,20,21,13,13,21,14,15,17,18,19,14,17,17,17,18,20,13,13,14,18,19,13,17,17,22,22,16,16,17,19,20,18,18,18,16,17,17,17,17,17,13,14,19,12,12,16,15,17,18,12,13,14,16,16,17,17,18,13,14,21,16,16,16,17,20,15,15,15,13,20,23,15,17,21,14,17,18,17,17,18,19,19,14,14,15,18,23,13,17,19,17,17,23,16,17,18,19,20,20,20,20,20,20,17,18,19,18,18,19,15,18,18,17,18,19,19,19,16,16,16,17,19,18
060770034051,13,16,16,9,13,13,18,19,11,11,19,12,13,15,16,16,12,15,15,15,16,18,11,11,12,16,17,11,15,15,16,20,13,14,15,17,18,16,16,16,15,15,16,15,15,16,10,12,17,10,10,14,13,15,15,10,11,12,14,14,15,15,16,11,12,18,14,14,14,15,18,13,13,13,11,18,21,13,15,19,12,15,16,14,15,15,17,17,12,12,13,16,21,11,15,17,15,15,21,14,16,16,17,18,18,18,18,18,18,15,16,17,16,17,17,13,16,17,15,16,17,17,17,14,14,15,15,17,18
060770034052,11,14,14,7,12,12,14,17,9,9,17,9,13,14,16,17,9,14,14,13,16,16,9,9,13,14,15,9,9,10,14,14,8,12,13,14,15,15,15,15,12,12,13,12,13,14,9,9,15,8,8,13,13,14,15,8,10,11,12,12,14,14,15,9,10,17,11,12,12,12,13,12,12,12,9,15,19,12,13,17,13,13,14,14,15,15,17,18,9,10,13,14,18,9,14,16,14,14,19,12,12,15,15,15,16,16,16,16,16,13,14,14,13,14,14,9,14,14,13,15,15,15,15,12,13,13,13,15,14
060770034053,11,13,14,7,10,11,11,17,9,9,17,10,10,11,13,15,10,13,13,13,14,16,9,10,10,14,15,9,13,13,15,18,11,12,13,15,16,14,14,14,13,14,15,13,13,14,8,10,15,7,7,12,11,13,14,8,9,10,11,11,13,13,14,9,10,16,12,12,12,13,16,11,11,11,9,16,19,11,12,18,10,14,14,12,13,13,15,15,10,10,10,14,19,9,13,15,13,13,19,12,14,14,15,16,16,16,16,16,16,13,14,15,14,14,14,14,15,17,13,14,15,15,15,12,12,12,13,15,15
060770034061,15,15,16,10,11,12,16,18,12,13,18,13,13,13,14,20,13,13,14,18,18,21,12,12,13,14,18,12,13,13,14,14,13,13,13,18,18,14,14,14,15,16,16,15,15,15,9,12,15,8,8,12,12,14,17,9,11,14,12,12,13,13,14,10,13,16,15,15,15,16,20,11,12,12,12,19,22,12,13,21,12,13,17,13,13,17,18,21,11,17,18,21,22,12,15,15,13,13,13,15,15,19,19,19,20,20,20,20,21,14,16,17,15,15,16,12,16,20,17,18,20,20,20,12,12,13,14,16,16
060770034062,13,14,15,9,11,11,16,18,11,12,18,12,13,13,13,20,12,13,13,17,17,18,11,12,12,14,17,11,12,13,14,17,12,13,13,18,18,14,14,14,14,15,15,14,14,17,8,11,14,7,7,12,13,13,14,9,10,14,12,12,13,13,13,9,12,16,14,15,15,16,18,10,11,11,11,18,21,11,13,20,12,16,16,12,12,13,16,17,10,11,16,20,21,11,13,15,13,13,13,14,14,17,17,18,18,18,18,18,20,13,15,16,14,14,15,11,15,16,16,17,19,19,19,12,12,12,14,15,15
060770034071,11,13,15,9,9,9,13,18,10,11,18,11,12,13,19,20,10,11,11,15,15,15,11,11,11,12,17,10,10,11,11,12,10,10,11,16,16,12,12,12,12,13,15,12,12,12,6,9,12,5,5,9,10,13,14,7,8,12,9,9,10,10,11,7,11,14,12,13,14,15,17,8,9,9,11,18,23,9,10,20,9,15,15,10,10,12,15,17,8,9,16,20,21,11,12,13,10,10,10,12,14,16,17,17,17,17,18,18,18,11,13,14,12,12,13,9,11,13,14,15,16,17,17,9,9,10,12,15,13
060770034072,10,10,14,6,6,8,11,14,7,10,14,9,11,12,13,17,8,8,11,13,13,14,9,10,11,12,18,8,8,8,9,10,8,8,10,10,13,9,9,9,10,11,14,10,10,10,4,7,9,3,3,6,7,12,12,4,5,8,8,8,8,8,9,5,11,11,11,11,11,12,15,7,7,7,9,17,21,6,7,17,7,15,15,7,12,17,17,18,6,11,15,16,19,9,10,10,8,8,8,10,13,14,14,15,15,15,15,15,15,9,11,12,10,11,11,7,11,12,12,13,15,15,15,7,7,9,9,15,12
060770034091,11,12,16,8,8,8,11,17,10,10,17,9,11,11,14,19,10,11,11,15,15,17,10,10,11,11,19,10,10,11,15,18,9,9,10,10,16,11,11,11,11,13,14,11,11,11,6,8,12,5,5,9,10,11,16,6,7,7,9,9,11,11,11,6,10,14,12,12,13,14,18,8,8,8,8,17,21,9,10,19,14,15,15,10,11,15,16,18,10,11,14,15,20,10,12,12,11,11,20,11,14,15,16,17,17,18,18,18,18,14,14,16,12,12,13,11,12,14,14,14,16,16,17,9,9,10,12,14,13
060770034092,9,11,15,6,7,7,7,16,8,9,16,8,9,10,13,18,9,10,10,13,13,14,9,9,10,10,10,9,10,10,10,15,9,9,9,10,14,9,9,9,9,11,13,9,10,10,4,7,11,3,3,8,5,9,10,5,5,9,7,7,10,10,10,4,10,12,10,11,11,12,13,7,7,7,8,11,20,7,9,18,11,14,14,9,9,13,16,16,8,10,14,18,19,9,11,11,10,10,20,10,12,14,15,16,16,16,16,16,16,12,12,13,10,10,11,10,11,13,12,12,14,14,14,8,8,8,11,15,11
060770034093,9,11,11,6,7,7,7,15,8,10,15,9,10,12,13,14,9,9,10,13,13,15,8,8,10,10,10,8,9,9,10,10,9,9,9,9,14,9,9,9,10,11,13,10,10,10,4,7,10,3,3,7,8,9,14,5,6,7,7,7,9,9,9,5,10,12,11,12,12,13,16,7,7,7,8,16,20,7,8,18,14,14,15,8,13,16,16,18,6,10,14,18,19,9,10,10,9,9,9,10,12,14,15,16,16,16,16,16,16,11,12,12,10,10,11,10,11,12,12,13,14,14,14,7,8,8,10,15,11
060770034101,11,11,13,9,9,9,14,18,10,11,18,11,12,12,15,20,11,11,11,15,15,15,11,11,11,12,17,11,11,11,12,15,11,11,11,16,16,11,11,11,12,13,15,12,12,12,6,9,13,5,5,9,10,11,14,7,8,9,9,9,11,11,12,7,12,14,12,13,14,14,18,9,9,9,10,18,22,9,10,20,12,15,15,10,11,12,15,17,8,9,12,16,22,11,11,13,11,11,11,12,14,16,16,17,18,18,18,18,18,14,14,14,12,12,13,9,13,15,14,15,16,16,17,10,10,10,12,15,13
060770034102,12,13,14,8,9,10,10,19,10,10,19,11,12,12,14,19,11,12,12,14,16,19,10,11,11,12,13,10,12,12,16,19,10,11,12,17,17,13,13,13,13,14,14,13,13,13,7,10,14,6,6,11,12,12,12,8,9,10,10,10,12,12,13,8,11,15,13,13,13,14,17,10,10,10,10,18,20,10,11,19,15,15,16,12,16,16,18,19,11,11,15,15,20,10,12,14,12,12,20,13,13,15,16,17,17,17,17,18,18,15,16,16,13,13,14,11,14,16,15,16,16,18,18,11,11,11,13,14,14
060770034103,11,13,14,7,11,11,14,17,9,9,17,10,12,14,15,17,10,13,13,13,16,16,9,9,13,14,14,9,13,13,14,18,9,11,12,13,15,14,14,14,13,13,14,13,13,14,8,10,15,7,7,12,13,14,16,8,9,10,12,12,13,13,14,9,10,16,12,12,12,12,13,11,11,11,9,16,19,11,12,17,14,14,15,13,15,15,17,18,10,12,13,14,19,9,13,15,13,13,19,12,12,15,15,16,16,16,16,16,16,14,14,15,14,14,15,9,14,14,13,15,15,15,15,12,12,13,13,15,14
060770035003,8,11,12,4,7,9,13,14,13,13,14,6,8,11,12,12,6,13,15,10,11,11,6,7,12,12,14,6,6,11,13,13,7,9,12,12,13,12,12,12,9,10,10,10,10,11,6,15,16,9,9,12,9,12,12,5,10,11,7,11,11,13,13,4,6,10,9,9,9,9,9,11,11,11,13,15,16,12,13,14,7,8,13,9,12,13,13,14,7,7,11,12,16,6,9,10,13,16,16,9,10,11,12,12,12,13,13,13,13,10,11,13,11,11,11,6,11,11,10,12,12,12,12,9,10,12,12,14,11
060770037002,10,15,17,10,10,11,13,14,10,11,12,10,11,11,12,14,11,15,17,11,11,12,10,12,13,14,16,12,12,14,14,15,8,11,12,14,14,12,12,12,7,11,12,12,14,14,13,14,14,12,13,17,12,12,13,10,13,13,9,11,12,13,14,9,12,13,12,13,13,15,16,12,12,13,9,10,14,10,11,12,9,10,13,13,13,15,16,16,12,13,14,14,14,11,12,12,9,14,14,9,12,12,13,13,14,15,15,15,15,11,12,16,12,13,14,12,13,13,10,12,12,12,13,8,10,13,14,15,13
060770037003,10,14,16,11,12,13,13,14,12,12,12,10,13,14,15,15,16,17,17,11,12,13,10,12,13,14,14,8,11,11,13,14,8,13,15,15,15,12,13,14,8,12,13,14,14,16,9,13,14,13,14,15,13,14,15,11,11,12,11,12,12,12,13,11,12,14,10,10,13,13,15,9,13,14,10,13,14,11,12,13,10,14,14,11,12,14,15,16,12,13,13,14,14,12,12,13,9,9,13,10,13,13,13,14,15,15,15,15,16,10,11,14,12,13,14,12,13,15,11,11,12,13,14,8,11,11,12,15,14
060770038011,8,8,12,10,10,11,12,15,12,12,14,10,10,11,11,11,10,11,14,14,14,15,9,11,11,13,14,9,9,11,12,15,8,8,10,10,15,10,11,11,12,12,15,10,11,11,11,11,11,10,12,12,9,11,11,9,11,12,10,10,10,11,12,11,11,14,9,10,10,11,15,12,14,15,10,11,15,11,13,13,12,12,13,6,11,13,14,14,11,12,12,13,14,11,12,15,10,10,15,10,10,10,10,11,11,11,11,12,14,11,16,16,11,13,13,12,12,13,12,12,12,13,15,10,13,14,14,14,12
060770038012,7,7,7,9,10,10,11,12,11,12,12,9,9,10,10,10,9,10,13,13,13,14,7,8,9,10,13,8,9,11,13,14,7,7,9,9,14,9,10,10,11,11,14,9,10,10,10,10,10,9,11,11,8,10,11,8,10,12,9,9,9,10,11,10,12,15,8,9,10,11,14,13,13,13,9,9,14,12,12,12,9,9,11,5,5,10,12,13,9,10,10,11,12,10,11,14,9,9,12,9,9,9,9,10,10,10,10,13,13,10,15,15,10,12,12,11,11,12,11,11,11,12,16,9,12,13,13,14,11
060770038013,7,8,12,10,10,11,12,14,11,12,13,10,10,11,11,11,10,11,14,14,14,14,8,10,11,11,11,9,10,11,12,14,7,8,10,10,14,10,11,11,12,12,15,10,11,11,11,11,11,10,11,12,9,11,11,9,11,12,9,10,10,11,12,10,12,16,9,10,10,11,15,14,14,15,9,15,16,11,13,13,12,12,13,6,10,13,13,14,11,12,12,13,15,11,12,15,10,12,15,9,10,10,10,10,11,11,11,11,14,9,16,17,11,13,13,11,12,13,12,12,12,13,16,10,13,14,15,15,12
060770038021,6,7,7,8,9,10,11,12,11,11,12,8,9,9,10,10,9,9,12,9,9,13,8,9,9,11,13,8,9,9,11,13,7,7,8,9,13,9,9,10,10,10,13,9,9,9,9,9,9,9,10,11,9,9,9,8,9,9,8,9,10,10,10,9,9,14,8,8,9,9,9,10,12,13,8,9,14,11,11,11,8,8,9,3,5,9,11,12,5,9,9,10,13,10,10,12,8,11,13,8,8,8,9,9,9,9,9,10,12,8,9,15,9,10,12,10,10,11,10,11,11,12,13,9,9,12,13,13,10
060770038022,7,8,8,9,10,11,11,12,12,12,13,9,10,11,11,12,10,10,13,10,10,14,7,8,10,10,13,8,9,10,12,14,8,9,9,10,14,10,10,11,11,11,14,10,10,10,10,10,11,10,11,12,10,10,10,9,10,10,9,10,11,11,11,10,10,13,9,9,10,10,10,12,13,14,9,10,16,12,12,13,9,9,12,4,5,10,12,13,6,7,10,11,11,11,11,14,9,10,16,9,10,10,10,10,10,10,11,13,14,10,13,15,10,11,13,11,11,12,12,12,12,12,12,10,10,12,13,14,11
060770038023,6,8,11,8,9,9,9,10,10,10,11,8,9,9,9,10,8,9,12,9,12,12,7,9,9,11,13,8,8,11,13,13,6,7,8,8,13,9,9,10,10,10,13,9,9,9,9,9,9,8,10,11,7,9,9,7,9,9,8,8,9,9,10,9,9,10,8,8,9,9,9,10,12,13,8,9,11,10,11,12,8,9,11,3,4,11,12,12,9,9,10,10,11,9,10,12,8,8,13,8,8,8,8,9,9,9,9,9,12,8,9,10,9,10,10,10,10,11,10,10,10,11,11,9,9,10,10,13,10
060770038031,6,8,10,5,7,8,10,12,8,9,11,6,7,8,8,8,9,9,12,6,9,11,7,8,9,9,11,9,9,9,12,12,6,6,8,8,12,6,7,9,10,10,12,6,6,9,9,10,12,6,8,10,4,8,9,6,7,9,5,6,8,9,9,8,8,8,4,7,8,8,9,12,12,13,7,9,10,10,10,11,8,9,11,7,8,11,11,12,6,8,9,10,13,9,10,12,8,8,12,4,4,6,7,7,7,8,8,9,10,7,10,11,9,11,12,9,11,13,8,8,9,9,9,6,8,8,9,12,10
060770038032,10,11,12,10,10,10,11,12,12,12,12,10,10,11,11,12,11,11,14,14,15,15,10,10,11,11,15,8,9,9,11,14,8,8,10,10,14,10,11,12,12,12,15,10,10,11,11,11,12,10,11,12,9,10,11,9,10,11,9,10,11,11,12,10,10,12,8,10,10,10,11,11,12,14,9,12,15,12,13,14,9,10,12,7,13,13,13,14,11,12,12,12,13,11,12,15,10,10,14,8,8,10,10,10,10,10,11,11,13,10,10,12,11,12,12,11,12,13,11,12,12,12,13,10,11,12,12,14,12
060770038033,8,13,13,12,13,14,15,16,8,12,15,11,12,12,12,13,14,14,17,10,11,11,12,14,14,15,16,12,12,13,14,15,11,11,12,12,13,12,13,14,12,13,16,12,12,12,12,14,15,11,12,14,10,13,14,12,12,14,11,11,13,13,14,8,12,12,8,10,11,13,13,16,17,17,12,13,14,14,15,16,11,13,15,12,15,15,15,17,11,12,13,14,15,13,16,16,14,14,14,10,10,11,11,11,11,12,12,12,12,10,12,14,12,14,16,13,14,17,10,11,11,12,12,8,8,11,12,15,14
060770039001,26,27,28,26,27,28,31,33,28,28,31,25,26,27,27,29,25,28,29,26,27,29,28,28,28,28,32,26,29,30,30,31,28,29,30,30,30,27,29,29,26,26,29,25,25,25,26,27,29,26,28,31,25,27,27,28,28,29,24,27,27,27,27,25,30,30,25,26,26,26,27,25,30,31,25,27,29,29,29,30,27,28,30,27,27,28,29,32,24,25,27,27,32,26,28,29,25,26,30,24,25,26,26,26,26,26,26,27,29,25,27,27,26,29,30,24,27,30,26,26,26,26,27,27,29,29,29,29,26
060770040021,16,17,18,13,15,18,18,19,13,16,17,16,16,16,18,19,16,16,17,15,17,18,17,17,17,17,21,12,15,17,18,20,17,17,17,17,18,17,17,17,15,15,18,14,14,15,15,16,20,15,19,19,12,17,20,14,19,19,15,17,18,18,20,13,19,20,14,14,14,15,15,19,19,19,16,17,22,15,15,17,17,17,18,12,16,16,17,21,12,15,16,20,20,13,17,18,16,16,16,13,13,13,14,14,14,14,15,15,16,15,15,16,15,18,19,15,15,17,15,15,16,16,16,15,15,15,17,18,15
